Games,Sex,Full name,Used name,Born,Died,NOC,athlete_id,Measurements,Affiliations,Nick/petnames,Title(s),Other names,Nationality,Original name,Name order
1992 Winter Olympics,Female,Darcie Jean•Dohnal (-Sharapova),Darcie•Dohnal,28 June 1972,,United States,80959,165 cm / 64 kg,,,,,,,
1968 Winter Olympics,Female,Rosie Pamela•Fortna (Anello-),Rosie•Fortna,"18 December 1946 in Filadelfia, Vibo Valentia (ITA)",,United States,81078,153 cm / 48 kg,"Mammoth Mountain Ski Club, Mammoth Lakes (USA)",,,,,,
1976 Winter Olympics,Female,Jana•Hlavaty (Ledvinkova-),Jana•Hlavaty,"25 August 1941 in Praha (Prague), Hlavní město Praha (CZE)",,United States,81299,,,,,,,,
1994 Winter Olympics; 1998 Winter Olympics; 2002 Winter Olympics,Female,Kyoko•Ina,Kyoko•Ina,"11 October 1972 in Tokyo, Tokyo (JPN)",,United States,81361,152 cm / 42 kg,"Skating Club of New York, New York (USA)",,,,,,
1992 Winter Olympics; 1994 Winter Olympics; 2006 Winter Olympics,Female,Rena•Inoue,Rena•Inoue,"17 October 1976 in Nishinomiya, Hyogo (JPN)",,Japan United States,81365,150 cm / 42 kg,"Shin-Matsudominami-High/Waseda University, Tokyo (JPN)/All Year Figure Skating Club, Culver City, California",,,井上怜奈,,,
1988 Winter Olympics; 1992 Winter Olympics,Female,Seba•Johnson,Seba•Johnson,"1 May 1973 in Frederiksted, St. Croix (ISV)",,United States Virgin Islands,81418,,,,,,,,
1948 Winter Olympics,Female,Paula•Kann (-Valar),Paula•Kann,"1 February 1922 in Wien (Vienna), Wien (AUT)","2 November 2001 in Franconia, New Hampshire (USA)",United States,81441,165 cm / 63 kg,"Eastern Slope Ski Club, North Conway (USA)",,,,,,
1932 Winter Olympics,Female,Gertrude Helen•Meredith,Gertrude•Meredith,"28 May 1892 in Yorkton, Saskatchewan (CAN)","24 February 1986 in New York, New York (USA)",United States,81812,,,,,,,,
1952 Winter Olympics,Female,Imogene Anna•Opton (-Fish),Imogene•Opton,"25 April 1932 in Berlin, Berlin (GER)",,United States,81990,172 cm / 63 kg,"Eastern Slope Ski Club, North Conway (USA)",,,,,,
1992 Winter Olympics; 1994 Winter Olympics; 1998 Winter Olympics,Female,Julie Madelein Josephine•Parisien,Julie•Parisien,"2 August 1971 in Montréal, Québec (CAN)",,United States,82030,173 cm / 68 kg,Lost Valley Race Club,,,,,,
1932 Winter Olympics,Male,Erling Norman•Andersen,Erling•Andersen,"7 March 1905 in Oslo, Oslo (NOR)","11 September 1993 in Berlin, New Hampshire (USA)",United States,83594,,Nansen Club,,,,,,
1932 Winter Olympics,Male,"Osborne ""Ty""•Anderson",Ty•Anderson,"15 October 1908 in Fredrikstad, Viken (NOR)","31 January 1989 in Lynn, Massachusetts (USA)",United States,83605,175 cm / 77 kg,,,,Asbjørn Andersen,,,
1932 Winter Olympics; 1936 Winter Olympics,Male,Nils•Backstrom,Nils•Backstrom,"13 June 1901 in Ludvika, Dalarna (SWE)","18 June 1978 in Cleveland, Ohio (USA)",United States,83785,,Norfolk Winter Sports Club,,,,,,
1988 Winter Olympics,Male,"Joseph James ""Joe""•Barile",Joe•Barile,6 May 1959,,United States,83850,,,,,,,,
1960 Winter Olympics; 1964 Winter Olympics,Male,Karl Anders•Bohlin,Karl•Bohlin,"20 December 1938 in Mora, Dalarna (SWE)",,United States,84223,183 cm / 77 kg,Minneapolis Ski Club,,,,,,
1992 Winter Olympics,Male,Daniel•Burgner,Daniel•Burgner,10 December 1954,,United States Virgin Islands,84479,,,,,,,,
1992 Winter Olympics,Male,John•Campbell,John•Campbell,2 November 1962,,United States Virgin Islands,84574,,,,,,,,
1968 Winter Olympics,Male,"Jonathan Knowlton ""Jon""•Chaffee",Jon•Chaffee,"22 August 1944 in Washington, District of Columbia (USA)",,United States,84686,183 cm / 68 kg,"US Army, (USA)",,,,,,
1972 Winter Olympics,Male,James John•Copley,James•Copley,18 October 1951,,United States,84858,,,,,,,,
1956 Winter Olympics; 1960 Winter Olympics,Male,"Thomas Armstrong ""Tom""•Corcoran",Tom•Corcoran,"16 November 1931 in Yokohama, Kanagawa (JPN)","27 June 2017 in Seabrook Island, South Carolina (USA)",United States,84861,,"Mount Mansfield Ski Club, Stowe (USA)",,,,,,
1992 Winter Olympics,Male,Reggie W.•Crist,Reggie•Crist,"12 July 1968 in ?, Okinawa (JPN)",,United States,84906,180 cm / 79 kg,,White Monkey,,,,,
1956 Winter Olympics,Male,"Richard Leo ""Dick""•Dougherty",Dick•Dougherty,"5 August 1932 in Fort Frances, Ontario (CAN)","23 November 2016 in Green Bay, Wisconsin (USA)",United States,85278,175 cm / 84 kg,"Minnesota Golden Gophers, Saint Paul (USA)",,,,,,
1924 Winter Olympics,Male,"Herbert John ""Herb""•Drury",Herb•Drury,"2 March 1896 in Midland, Ontario (CAN)","1 July 1965 in Pittsburgh, Pennsylvania (USA)",United States,85304,170 cm / 75 kg,"Pittsburgh AA, Pittsburgh (USA) / Pittsburgh Yellow Jackets, Pittsburgh (USA)",,,,,,
1972 Winter Olympics,Male,"Peter Martin ""Pete""•Eberling",Pete•Eberling,"19 April 1952 in Wien (Vienna), Wien (AUT)","24 June 2007 in Tarzana, California (USA)",United States,85397,173 cm / 63 kg,"Ice Club Paradise, California",,,,,,
1984 Winter Olympics,Male,Audun Gudmund•Endestad,Audun•Endestad,"19 January 1953 in Bryggja, Vågsøy, Vestland (NOR)",,United States,85498,185 cm / 75 kg,Fairbanks Nordic Club,,,,,,
1948 Winter Olympics,Male,Corey•Engen,Corey•Engen,"30 March 1916 in Mjøndalen, Nedre Eiker, Viken (NOR)","9 May 2006 in Provo, Utah (USA)",United States,85513,175 cm,Snow Basin Ski Club,,,Kåre Engen,,,
1988 Winter Olympics; 1992 Winter Olympics; 1994 Winter Olympics,Male,Jon Rein•Engen,Jon•Engen,"9 March 1957 in Oslo, Oslo (NOR)",26 April 2018,United States,85514,,,,,,,,
1992 Winter Olympics; 1994 Winter Olympics,Male,David•Entwistle,David•Entwistle,27 March 1964,,United States Virgin Islands,85522,,,,,,,,
1932 Winter Olympics,Male,John Mandus•Ericksen,John•Ericksen,"30 August 1903 in Arendal, Agder (NOR)","17 October 1985 in Hernando, Florida (USA)",United States,85533,173 cm / 70 kg,,,,,,,
1932 Winter Olympics,Male,"Pedar ""Peder""•Paulsen Falstad",Peder•Falstad,"7 February 1894 in Snåsa, Trøndelag (NOR)","11 February 1965 in Orange, California (USA)",United States,85611,180 cm / 74 kg,,,,,,,
1988 Winter Olympics,Male,"John Frederick•Foster, Sr.","John•Foster, Sr.","25 February 1938 in Wallasey, England (GBR)",,United States Virgin Islands,85799,,,,,,,,
1936 Winter Olympics; 1948 Winter Olympics,Male,Sverre•Fredheim,Sverre•Fredheim,"10 December 1907 in Gran, Innlandet (NOR)","9 April 1981 in Saint Paul, Minnesota (USA)",United States,85831,163 cm,St. Paul Ski Club,,,,,,
1924 Winter Olympics; 1928 Winter Olympics,Male,Anders Olsen•Haugen,Anders•Haugen,"24 October 1888 in Bø, Vestfold og Telemark (NOR)","14 April 1984 in Yucaipa, California (USA)",United States,86510,179 cm,,,,,,,
1992 Winter Olympics; 1994 Winter Olympics,Male,Kyle•Heikkila,Kyle•Heikkila,12 December 1971,,United States Virgin Islands,86555,,,,,,,,
1960 Winter Olympics,Male,Olavi Ensio•Hirvonen,Olavi•Hirvonen,"26 December 1930 in Montréal, Québec (CAN)",,United States,86671,,Smugglers Notch Ski Club,Leo's Comet,,,,,
1988 Winter Olympics,Male,Harvey Noble•Hook,Harvey•Hook,8 August 1935,"14 October 2011 in New Port Richey, Florida (USA)",United States Virgin Islands,87141,,,,,,,,
1994 Winter Olympics; 1998 Winter Olympics; 2002 Winter Olympics,Male,"James ""Clay""•Ives",Clay•Ives,"5 September 1972 in Bancroft, Ontario (CAN)",,Canada United States,87410,175 cm / 80 kg,Mineral-Capitol Luge Club,,,,,,
1952 Winter Olympics,Male,"Thomas Michael ""Tom""•Jacobs",Tom•Jacobs,"14 August 1926 in Montréal, Québec (CAN)","10 April 2014 in Glens Falls, New York (USA)",United States,87424,183 cm,,,,,,,
1994 Winter Olympics,Male,"David S. ""Dave""•Jareckie",Dave•Jareckie,"25 July 1967 in Ciudad de México (Mexico City), Ciudad de México (MEX)",,United States,87484,183 cm / 79 kg,,,,,,,
1960 Winter Olympics,Male,Sven Sune•Johanson,Sven•Johanson,"25 November 1924 in Kalix, Norrbotten (SWE)","11 September 1976 in Eagle River, Alaska (USA)",United States,87599,,Nordic Ski Club,,,,,,
1948 Winter Olympics,Male,"Donald Carl ""Don""•Johnson",Don•Johnson,11 June 1922,"17 March 1951 in ?, Colorado (USA)",United States,87608,,Utah Ski Club,,,,,,
1992 Winter Olympics,Male,Michael•Juhlin,Michael•Juhlin,19 October 1945,,United States Virgin Islands,87660,,,,,,,,
1968 Winter Olympics,Male,Georg Richard P.•Krog,Georg•Krog,"18 August 1946 in Stockholm, Stockholm (SWE)",,United States,88649,183 cm / 80 kg,,,,,,,
1960 Winter Olympics; 1964 Winter Olympics,Male,Peter Juhani•Lahdenpera,Peter•Lahdenpera,"29 December 1935 in Helsinki, Uusimaa (FIN)",3 July 2019,United States,88813,183 cm / 80 kg,"US Army Reserve, (USA)",,,,,,
1952 Winter Olympics,Male,David Judah•Lawrence,David•Lawrence,"15 April 1930 in Neuilly-sur-Seine, Hauts-de-Seine (FRA)","20 September 2003 in Álvaro Obregón, Ciudad de México (MEX)",United States,89470,,Southern Ski Club,,,,,,
1924 Winter Olympics,Male,"Halvard ""Harry""•Lien (Olsen-)",Harry•Lien,"15 May 1896 in Holt, Tvedestrand, Agder (NOR)","19 September 1978 in Chicago, Illinois (USA)",United States,89625,,,,,,,,
1992 Winter Olympics,Male,Ernest•Mathias,Ernest•Mathias,17 August 1963,,United States Virgin Islands,95246,,,,,,,,
1932 Winter Olympics; 1936 Winter Olympics,Male,"Ragnvald Johan ""Roy""•Mikkelsen",Roy•Mikkelsen,"15 September 1907 in Kongsberg, Viken (NOR)","29 October 1967 in Sierra Nevada Mountains, California (USA)",United States,95438,183 cm / 87 kg,Auburn Ski Club,,,,,,
1928 Winter Olympics; 1932 Winter Olympics,Male,Rolf•Monsen,Rolf•Monsen,"8 January 1899 in Oslo, Oslo (NOR)","28 April 1987 in Bellflower, California (USA)",United States,95550,175 cm,"Lake Placid Sno-Birds, Lake Placid (USA)",,,,,,
1936 Winter Olympics,Male,"Thomas Henry ""Tom""•Moon",Tom•Moon,"6 November 1908 in Ottawa, Ontario (CAN)","27 July 1986 in Meredith, New Hampshire (USA)",United States,95558,,Boston Olympics,,,,,,
1972 Winter Olympics,Male,Gene Alexander•Morgan,Gene•Morgan,"16 September 1944 in München (Munich), Bayern (GER)",,United States,95573,175 cm / 67 kg,,,,,,,
1968 Winter Olympics,Male,"Louis Vincent ""Lou""•Nanne",Lou•Nanne,"2 June 1941 in Sault Sainte Marie, Ontario (CAN)",,United States,95745,173 cm / 75 kg,"Minnesota Golden Gophers, Saint Paul (USA)",Sweet Lou from the Soo,,,,,
1994 Winter Olympics; 1998 Winter Olympics,Male,Marcus•Nash,Marcus•Nash,"1 April 1971 in Bristol, England (GBR)",,United States,95752,178 cm / 74 kg,Auburn Ski Club Associates Inc.,,,,,,
1992 Winter Olympics,Male,"William ""Bill""•Neill",Bill•Neill,22 January 1965,,United States Virgin Islands,95778,,,,,,,,
1932 Winter Olympics; 1936 Winter Olympics,Male,Casper Aslaksen•Oimoen,Casper•Oimoen,"8 May 1906 in Etnedal, Innlandet (NOR)","28 July 1995 in Portland, Oregon (USA)",United States,96004,173 cm,Anaconda Ski Club,,,Kasper Øimoen,,,
1924 Winter Olympics,Male,Ragnar•Omtvedt,Ragnar•Omtvedt,"18 February 1890 in Oslo, Oslo (NOR)","31 March 1975 in Saint Lucie County, Florida (USA)",United States,96066,,,,,,,,
1936 Winter Olympics,Male,George Hugh•Page,George•Page,"17 May 1910 in Cham, Zug (SUI)",,United States,96139,,New York Amateur Ski Club,,,,,,
1992 Winter Olympics,Male,"Robert C. ""Rob""•Parisien",Rob•Parisien,"19 March 1970 in Montréal, Québec (CAN)",,United States,96207,170 cm / 72 kg,,,,,,,
1992 Winter Olympics,Male,Sven•Petersen,Sven•Petersen,12 September 1954,,United States Virgin Islands,96364,,,,,,,,
1994 Winter Olympics,Male,Alexander•Poe,Alexander•Poe,21 March 1974,,United States Virgin Islands,96496,,,,,,,,
1988 Winter Olympics,Male,"Spencer Brian ""John""•Reeve",John•Reeve,"7 November 1937 in Birmingham, England (GBR)",,United States Virgin Islands,96765,,,,,,,,
1964 Winter Olympics,Male,"Frank William ""Bill""•Reichart",Bill•Reichart,"3 July 1935 in Winnipeg, Manitoba (CAN)","13 November 2021 in Southern Pines, North Carolina (USA)",United States,96768,170 cm / 71 kg,"North Dakota Fighting Hawks, Grand Forks (USA)",,,,,,
1980 Winter Olympics,Male,"John Worthington ""Johnny""•Ruger, II",Johnny•Ruger,1 January 1949,,United States,96994,175 cm / 64 kg,,,,,,,
1956 Winter Olympics,Male,"Edward Horace ""Ed""•Sampson",Ed•Sampson,"23 December 1921 in Fort Frances, Ontario (CAN)","26 August 1974 in Koochiching County, Minnesota (USA)",United States,97130,180 cm / 77 kg,Fort Frances Hockey Club,,,,,,
1984 Winter Olympics,Male,Gary Edward•Sampson,Gary•Sampson,"24 August 1959 in Atikokan, Ontario (CAN)",,United States,97131,183 cm / 86 kg,"Boston College Eagles, Chestnut Hill (USA)",,,,,,
1960 Winter Olympics; 1964 Winter Olympics,Male,Ansten•Samuelstuen,Ansten•Samuelstuen,"7 May 1929 in Brøttum, Ringsaker, Innlandet (NOR)","18 August 2012 in Greeley, Colorado (USA)",United States,97136,175 cm / 75 kg,"SSWSC, Steamboat Springs (USA)",,,Anstein Samuelstuen,,,
1932 Winter Olympics; 1936 Winter Olympics,Male,Karl Magnus•Olsen Satre (Sætre-),Karl Magnus•Satre,"6 February 1904 in Trysil, Innlandet (NOR)","14 January 1955 in Sharon, Connecticut (USA)",United States,97192,170 cm,Salisbury Outing Club,,,,,,
1932 Winter Olympics; 1936 Winter Olympics,Male,Paul Ottar•Satre (Sætre-),Paul Ottar•Satre,"9 September 1908 in Trysil, Innlandet (NOR)","5 July 1984 in Lakeville, Connecticut (USA)",United States,97193,170 cm / 68 kg,Salisbury Outing Club,,,,,,
1994 Winter Olympics; 1998 Winter Olympics,Male,Todd R.•Schultz,Todd•Schultz,3 July 1971,,United States Virgin Islands,97332,189 cm / 95 kg,,,,,,,
1972 Winter Olympics,Male,"Timothy Kane ""Tim""•Sheehy",Tim•Sheehy,"3 September 1948 in Fort Frances, Ontario (CAN)",,United States,97477,186 cm / 86 kg,"Boston College Eagles, Chestnut Hill (USA)",,,,,,
1994 Winter Olympics,Male,Sean•Smith,Sean•Smith,"2 April 1971 in London, Ontario (CAN)",,United States,97653,167 cm / 66 kg,,,,,,,
1994 Winter Olympics; 1998 Winter Olympics; 2002 Winter Olympics,Male,Keith•Sudziarski,Keith•Sudziarski,20 July 1973 in ? (USA),,United States Virgin Islands,97944,178 cm / 84 kg,,,,,,,
1924 Winter Olympics,Male,Frank Allan•Synnott,Frank•Synnott,"28 December 1891 in Chatham, New Brunswick (CAN)","12 October 1945 in Boston, Massachusetts (USA)",United States,98050,165 cm / 58 kg,"Boston AA, Boston (USA)",Red,,,,,
1992 Winter Olympics,Male,"William S. ""Bill""•Tavares",Bill•Tavares,"16 April 1963 in ?, Guam (GUM)",,United States,98178,170 cm / 68 kg,,,,,,,
1952 Winter Olympics,Male,"Arthur Emil ""Art""•Tokle",Art•Tokle,"16 August 1922 in Løkken Verk, Meldal, Trøndelag (NOR)","3 March 2005 in Dover, New Jersey (USA)",United States,98297,,Bear Mountain Ski Club,,,,,,
1936 Winter Olympics,Male,Berger (Birger)•Torrissen (Tørrissen),Berger•Torrissen,"16 September 1901 in Sørreisa, Troms og Finnmark (NOR)","28 February 1991 in Salisbury, Connecticut (USA)",United States,98338,171 cm / 69 kg,Norfolk Winter Sports Club,,,,,,
1992 Winter Olympics; 1994 Winter Olympics,Male,"Peter ""Pete""•Vordenberg",Pete•Vordenberg,"2 November 1971 in Rota, Cádiz (ESP)",,United States,98720,173 cm / 70 kg,,,,,,,
1994 Winter Olympics; 1998 Winter Olympics; 2002 Winter Olympics; 2010 Winter Olympics,Male,Bengt Otto•Walden,Bengt•Walden,"16 April 1973 in Nacka, Stockholm (SWE)",,Sweden United States,98784,180 cm / 89 kg,"Saltsjöbadens Rodelklubb, Saltsjöbaden, Nacka (SWE)",,,,,,
1992 Winter Olympics,Male,James•Withey,James•Withey,17 April 1947,,United States Virgin Islands,99005,,,,,,,,
1988 Winter Olympics,Male,"Miroslav ""Miro""•Zajonc",Miro•Zajonc,"10 June 1960 in Nový Smokovec, Vysoké Tatry, Prešov (SVK)",,United States,99160,,,,,Miro Zayonc,,,
1932 Winter Olympics,Male,Olle•Zetterstrom,Olle•Zetterstrom,"23 April 1901 in Östersund, Jämtland (SWE)","28 June 1968 in Canaan, Connecticut (USA)",United States,99207,178 cm / 86 kg,Swedish Ski Club,,,,,,
1992 Winter Olympics; 1994 Winter Olympics,Male,John•Aalberg,John•Aalberg,"14 October 1960 in Ørland, Trøndelag (NOR)",,United States,99333,183 cm / 72 kg,,,,,,,
1998 Winter Olympics,Male,"Daniel ""Dan""•Westover",Dan•Westover,10 March 1974 in ? (MAD),,United States,99627,181 cm / 75 kg,,,,,,,
1998 Winter Olympics; 2002 Winter Olympics,Male,"Jonathan ""Jonny""•Moseley",Jonny•Moseley,"27 August 1975 in San Juan, Puerto Rico (PUR)",,United States,99771,180 cm / 82 kg,,,,,,,
1998 Winter Olympics; 2002 Winter Olympics,Male,Christian E.•Brown,Christian•Brown,27 July 1967 in ? (USA),,United States Virgin Islands,99947,180 cm / 86 kg,,,,,,,
1998 Winter Olympics,Male,"Jeffrey C. ""Jeff""•Kromenhoek",Jeff•Kromenhoek,14 March 1976,,United States Virgin Islands,99948,186 cm / 90 kg,,,,,,,
1998 Winter Olympics; 2002 Winter Olympics,Male,Patrick N.•Weaver,Patrick•Weaver,"29 May 1969 in Frankfurt am Main, Hessen (GER)",,United States,100084,173 cm / 73 kg,XC Oregon,,,,,,
1998 Winter Olympics; 2002 Winter Olympics,Male,Michael G.•Weiss,Michael•Weiss,"2 August 1976 in Washington, District of Columbia (USA)",,United States,100143,173 cm / 73 kg,,,,,,,
1998 Winter Olympics; 2002 Winter Olympics; 2010 Winter Olympics; 2014 Winter Olympics,Female,"Deborah ""Debbie""•Henry-McCormick",Debbie•Henry-McCormick,"8 January 1974 in Saskatoon, Saskatchewan (CAN)",,United States,100308,170 cm / 77 kg,"Madison CC, Madison (USA) / Bemidji Curling Club, Bemidji (USA)",,,,,,
1998 Winter Olympics; 2002 Winter Olympics,Male,Adam Richard•Deadmarsh,Adam•Deadmarsh,"10 May 1975 in Trail, British Columbia (CAN)",,United States,100710,183 cm / 89 kg,"Colorado Avalanche, Denver (USA) / Los Angeles Kings, Los Angeles (USA)",Deadly,,,,,
1998 Winter Olympics; 2002 Winter Olympics,Male,Brett Andrew•Hull,Brett•Hull,"9 August 1964 in Belleville, Ontario (CAN)",,United States,100712,178 cm / 92 kg,"St. Louis Blues, St. Louis (USA) / Detroit Red Wings, Detroit (USA)",The Golden Brett,,,,,
2002 Winter Olympics,Male,"Jakub Paul ""Jake""•Fiala",Jake•Fiala,"24 May 1975 in Praha (Prague), Hlavní město Praha (CZE)",,United States,101059,183 cm / 93 kg,Team Beckenridge,,,,,,
2002 Winter Olympics,Female,Dinah Susie•Browne,Dinah•Browne,"27 November 1969 in Christiansted, St. Croix (ISV)",,United States Virgin Islands,101405,165 cm / 65 kg,,,,,,,
2002 Winter Olympics,Male,Peter•Tchernyshev,Peter•Tchernyshev,"6 February 1971 in St. Petersburg, St. Petersburg (RUS)",,United States,101606,188 cm / 84 kg,American Academy Figure Skating Club,,,,,,
2002 Winter Olympics,Male,"Michael ""Mike""•Savitch",Mike•Savitch,25 November 1973 in ? (USA),,United States Virgin Islands,101948,183 cm / 89 kg,,,,,,,
2002 Winter Olympics,Male,Quinn•Wheeler,Quinn•Wheeler,18 August 1974 in ? (USA),,United States Virgin Islands,101965,183 cm / 100 kg,,,,,,,
2006 Winter Olympics,Female,Kristine L.•Holzer,Kristine•Holzer,"21 March 1974 in Calgary, Alberta (CAN)",,United States,109778,173 cm / 70 kg,,,,,,,
2006 Winter Olympics,Female,Hyo-Jung•Kim,Hyo-Jung•Kim,"6 November 1988 in Seoul, Seoul (KOR)",,United States,109923,165 cm / 55 kg,Ice Club DeMorra of the Southern California Speed Skating Association,,,,,,
2006 Winter Olympics; 2010 Winter Olympics,Male,Dan•Joye,Dan•Joye,"19 February 1985 in San Tomé, Anzoátegui (VEN)",,United States,110297,170 cm / 73 kg,,,,,,,
2006 Winter Olympics,Male,Toby Soo-Chul (Bong-Seok)•Dawson (Kim-),Toby•Dawson,"30 November 1978 in Busan, Busan (KOR)",,United States,110339,170 cm / 68 kg,"Fort Lewis College Skyhawks, Durango (USA)",,,,,,
2006 Winter Olympics,Male,"Michael Rudolph ""Mike""•Knuble",Mike•Knuble,"4 July 1972 in Toronto, Ontario (CAN)",,United States,110629,190 cm / 104 kg,"Philadelphia Flyers, Philadelphia (USA)",,,,,,
2006 Winter Olympics,Male,Denis•Petukhov,Denis•Petukhov,"6 October 1978 in Kirov, Kirov (RUS)",,United States,110704,178 cm / 68 kg,"Skating Club of New York, New York (USA)",,,,,,
2006 Winter Olympics; 2010 Winter Olympics,Female,Tanith Jessica Louise•Belbin,Tanith•Belbin,"11 July 1984 in Kingston, Ontario (CAN)",,United States,111072,167 cm / 52 kg,"AFSC, Canton, Michigan (USA) / IceWorks Skating Club, Aston, Pennsylvania (USA)",,,,,,
2010 Winter Olympics; 2014 Winter Olympics; 2018 Winter Olympics; 2022 Winter Olympics; 2026 Winter Olympics,Female,"Kaillie•Humphries (Simundson-, -Armbruster)",Kaillie•Humphries,"4 September 1985 in Calgary, Alberta (CAN)",,Canada United States,118672,170 cm / 77 kg,"Foothills Bobsleigh Club, Calgary (CAN)",The Blond Bomber,,,,,
2010 Winter Olympics; 2014 Winter Olympics,Female,Allison•Pottinger (Darragh-),Allison•Pottinger,"5 July 1973 in Brampton, Ontario (CAN)",,United States,118869,155 cm / 57 kg,"UW-Oshkosh Titans, Oshkosh (USA)",,,,,,
2010 Winter Olympics; 2014 Winter Olympics,Male,Paul•Stastny,Paul•Stastny,"27 December 1985 in Québec City, Québec (CAN)",,United States,119340,183 cm / 93 kg,"Colorado Avalanche, Denver (USA)",,,Paul Šťastný,,,
2010 Winter Olympics,Male,Simon•Cho,Simon•Cho,"7 October 1991 in Seoul, Seoul (KOR)",,United States,119801,183 cm / 68 kg,,,,,,,
2010 Winter Olympics,Male,Travis•Jayner,Travis•Jayner,"9 May 1982 in Moncton, New Brunswick (CAN)",,United States,119808,185 cm / 75 kg,McGill,,,,,,
2014 Winter Olympics,Female,Jasmine Jade Ariel Lyons•Campbell,Jasmine•Campbell,"11 August 1991 in ?, St. John (ISV)",,United States Virgin Islands,127911,170 cm / 64 kg,Walla Walla College,Jazz,,,,,
2014 Winter Olympics; 2018 Winter Olympics,Female,Laurenne•Ross,Laurenne•Ross,"17 August 1988 in Edmonton, Alberta (CAN)",,United States,128668,173 cm / 68 kg,Mt. Bachelor Sports Education Foundation (USA),,,,,,
2014 Winter Olympics; 2018 Winter Olympics; 2022 Winter Olympics,Male,"Augustus Richard ""Gus""•Kenworthy",Gus•Kenworthy,"1 October 1991 in Chelmsford, England (GBR)",,Great Britain United States,128712,178 cm / 77 kg,,"Kenny, Kenny G, Goose",,,,,
2014 Winter Olympics,Female,Ashley Elisabeth•Wagner,Ashley•Wagner,"16 May 1991 in Heidelberg, Baden-Württemberg (GER)",,United States,128722,160 cm / 52 kg,,,,,,,
2014 Winter Olympics,Male,Simon•Shnapir,Simon•Shnapir,"20 August 1987 in Moskva (Moscow), Moskva (RUS)",,United States,128727,193 cm / 86 kg,,,,,,,
2014 Winter Olympics,Male,"Cameron Matthew ""Cam""•Fowler",Cam•Fowler,"5 December 1991 in Windsor, Ontario (CAN)",,United States,128740,185 cm / 94 kg,"Anaheim Ducks, Anaheim (USA)",,,,,,
2018 Winter Olympics,Female,Haley•Skarupa,Haley•Skarupa,"3 January 1994 in Washington, District of Columbia (USA)",,United States,138322,168 cm / 64 kg,"Boston Pride, Boston (USA)",,,,,,
2018 Winter Olympics; 2022 Winter Olympics,Female,Maame•Biney,Maame•Biney,"28 January 2000 in Accra, Greater Accra (GHA)",,United States,138383,168 cm / 68 kg,"Dominion Speedskating, Reston (USA)",,,Anna Digger,,,
2018 Winter Olympics,Male,Thomas Insuk•Hong,Thomas•Hong,"2 July 1997 in Seoul, Seoul (KOR)",,United States,138384,173 cm / 64 kg,"University of Maryland, College Park",,,,,,
2022 Winter Olympics,Female,Kai•Owens,Kai•Owens,"16 August 2004 in ?, Anhui (CHN)",,United States,149096,,,,,,,,
2022 Winter Olympics,Male,Jean-Luc•Baker,Jean-Luc•Baker,"7 October 1993 in Burnley, England (GBR)",,United States,149111,,"Seattle Skating Club, Mountlake Terrace (USA)",,,,,,
2026 Winter Olympics,Female,Giorgia•Birkeland,Giorgia•Birkeland,"14 June 2002 in Scandiano, Reggio Emilia (ITA)",,United States,149161,,,,,,,,
2026 Winter Olympics,Female,Eunice•Lee,Eunice•Lee,11 November 2004 in ? (KOR),,United States,149166,,,,,,,,
2026 Winter Olympics,Male,Kyle•Negomir,Kyle•Negomir,3 October 1998,,United States,157252,,,Nego,,,,,
2026 Winter Olympics,Male,Sam•Morse,Sam•Morse,27 May 1996,,United States,157251,,,,,,,,
2026 Winter Olympics,Male,Ryder•Sarchett,Ryder•Sarchett,28 July 2003,,United States,157253,,,,,,,,
2026 Winter Olympics,Female,Mary•Bocock,Mary•Bocock,7 October 2003,,United States,157204,,,,,,,,
2026 Winter Olympics,Female,"Lucinda ""Luci""•Anderson",Luci•Anderson,3 December 2000,,United States,157210,,,,,,,,
2026 Winter Olympics,Male,Caleb•Furnell,Caleb•Furnell,20 April 2001,,United States,157254,,,,,,,,
2026 Winter Olympics,Male,Carsten Hans•Vissering,Carsten•Vissering,13 May 1997,,United States,157258,,,,,,,,
2026 Winter Olympics,Male,Bryan•Sosoo,Bryan•Sosoo,2 December 1996,,United States,157257,,,,,,,,
2026 Winter Olympics,Female,Azaria•Hill,Azaria•Hill,15 June 1998,,United States,157205,170 cm,,,,,,,
2026 Winter Olympics,Female,Jadin•O'Brien,Jadin•O'Brien,8 May 2002,,United States,157208,,,,,,,,
2026 Winter Olympics,Male,Zanden•McMullen,Zanden•McMullen,31 May 2001,,United States,157262,,,,,,,,
2026 Winter Olympics,Female,Samantha•Smith,Samantha•Smith,22 September 2005,,United States,157213,,,,,,,,
2026 Winter Olympics,Female,Ellie•Kam,Ellie•Kam,"20 December 2004 in Yokota Air Base, Tokyo, Tokyo (JPN)",,United States,157224,,,,,,,,
2026 Winter Olympics,Male,Danny•O'Shea,Danny•O'Shea,13 February 1991,,United States,157279,,,,,,,,
2026 Winter Olympics,Male,Vadym•Kolesnik,Vadym•Kolesnik,"27 October 2001 in Kharkiv, Kharkiv (UKR)",,United States,157276,,,,,,,,
2026 Winter Olympics,Female,Christina•Carreira,Christina•Carreira,"3 April 2000 in Montréal, Québec (CAN)",,United States,157221,,,,,,,,
2026 Winter Olympics,Male,Charlie•Mickel,Charlie•Mickel,6 July 2004,,United States,157271,,,,,,,,
2026 Winter Olympics,Male,Landon•Wendler,Landon•Wendler,12 October 2000,,United States,157274,,,,,,,,
2026 Winter Olympics,Male,Connor•Curran,Connor•Curran,23 September 2004,,United States,157267,,,,,,,,
2026 Winter Olympics,Female,"Elizabeth ""Liz""•Lemley",Liz•Lemley,22 January 2006,,United States,1806313,,,,,,,,
2026 Winter Olympics,Female,Tasia•Tanner,Tasia•Tanner,26 July 2002,,United States,157219,,,,,,,,
2026 Winter Olympics,Female,Kyra•Dossa,Kyra•Dossa,24 January 2004,,United States,157214,,,,,,,,
2026 Winter Olympics,Female,Svea•Irving,Svea•Irving,27 February 2002,,United States,157217,,,,,,,,
2026 Winter Olympics,Female,Abby•Winterberger,Abby•Winterberger,1 May 2010,,United States,157220,,,,,,,,
2026 Winter Olympics,Female,Avery•Krumme,Avery•Krumme,"23 August 2008 in Vancouver, British Columbia (CAN)",,United States,157218,,,,,,,,
2026 Winter Olympics,Female,Rell•Harwood,Rell•Harwood,1 June 2001,,United States,157215,,,,,,,,
2026 Winter Olympics,Female,Chevonne Chelsea•Forgan,Chevonne•Forgan,"30 June 2000 in Adelaide, South Australia (AUS)",,United States,157239,,,,,,,,
2026 Winter Olympics,Male,Clayton•DeClemente,Clayton•DeClemente,16 September 1999,,United States,157315,,,,,,,,
2026 Winter Olympics,Male,Jason•Colby,Jason•Colby,30 March 2006,,United States,1805696,,,,,,,,
2026 Winter Olympics,Female,Josie•Johnson,Josie•Johnson,3 October 2006,,United States,1806097,,,,,,,,
2026 Winter Olympics,Male,Jake•Canter,Jake•Canter,19 July 2003,,United States,157306,,,,,,,,
2026 Winter Olympics,Male,Oliver•Martin,Oliver•Martin,15 June 2008,,United States,1806403,,,,,,,,
2026 Winter Olympics,Male,Alessandro•Barbieri,Alessandro•Barbieri,5 October 2008,,United States,1805512,,,,,,,,
2026 Winter Olympics,Male,Chase•Blackwell,Chase•Blackwell,27 February 1999,,United States,157305,,,,,,,,
2026 Winter Olympics,Male,Nathan•Pare,Nathan•Pare,1 February 2005,,United States,157307,,,,,,,,
2026 Winter Olympics,Female,Iris•Pflum,Iris•Pflum,13 July 2003,,United States,157245,,,,,,,,
2026 Winter Olympics,Female,"Jessica ""Jess""•Perlmutter",Jess•Perlmutter,2 December 2009,,United States,157244,,,,,,,,
2026 Winter Olympics,Female,Hahna•Norman,Hahna•Norman,26 October 2004,,United States,157243,,,,,,,,
2026 Winter Olympics,Female,"Beatrice ""Bea""•Kim",Bea•Kim,25 January 2007,,United States,157242,,,,,,,,
2026 Winter Olympics,Female,Hanna•Percy,Hanna•Percy,17 July 2007,,United States,1806639,,,,,,,,
2026 Winter Olympics,Male,"Zachary ""Zach""•Stoppelmoor",Zach•Stoppelmoor,11 May 1999,,United States,157314,173 cm,,,,,,,
2026 Winter Olympics,Male,Conor•McDermott-Mostowy,Conor•McDermott-Mostowy,13 January 1999,,United States,157312,185 cm,,,,,,,
2026 Winter Olympics,Female,Sarah•Warren,Sarah•Warren,20 June 1996,,United States,2301021,,,,,,,,
