Games,Sex,Full name,Used name,Born,Died,NOC,athlete_id,Measurements,Affiliations,Nick/petnames,Title(s),Other names,Nationality,Original name,Name order
1992 Summer Olympics; 1996 Summer Olympics; 2000 Summer Olympics; 2004 Summer Olympics; 2008 Summer Olympics,Male,"Richard Andrew ""Butch""•Johnson",Butch•Johnson,"30 August 1955 in Worcester, Massachusetts (USA)",,United States,2235,191 cm / 98 kg,,,,,,,
1988 Summer Olympics,Male,"Timothy Spencer ""Tim""•Mayotte",Tim•Mayotte,"3 August 1960 in Springfield, Massachusetts (USA)",,United States,2774,190 cm / 83 kg,,Gentleman Tim,,,,,
1992 Summer Olympics,Male,Michael Anthony•Tucker,Michael•Tucker,"25 June 1971 in South Boston, Massachusetts (USA)",,United States,3251,188 cm / 84 kg,Longwood College,,,,,,
1992 Summer Olympics,Female,Medina•Dixon,Medina•Dixon,"2 November 1962 in Boston, Massachusetts (USA)",8 November 2021,United States,5212,190 cm / 75 kg,"Nippon Electric, Tokyo (JPN)",,,,,,
1976 Summer Olympics,Female,"Susan Marie ""Sue""•Rojcewicz",Sue•Rojcewicz,"29 May 1953 in Worcester, Massachusetts (USA)",,United States,5450,170 cm / 59 kg,"Southern Connecticut State University, New Haven (USA)",,,,,,
1932 Summer Olympics,Male,"Nathan ""Nat""•Bor",Nat•Bor,"1 March 1913 in Fall River, Massachusetts (USA)","13 June 1972 in New Bedford, Massachusetts (USA)",United States,8623,,,,,,,,
1928 Summer Olympics,Male,John Lawrence•Daley,John•Daley,"26 August 1909 in Newton, Massachusetts (USA)","7 February 1963 in El Paso, Texas (USA)",United States,8649,,,,,,,,
1928 Summer Olympics,Male,Harry Havelock•Henderson,Harry•Henderson,"12 October 1904 in Weston, Massachusetts (USA)","5 May 1976 in Virginia Beach, Virginia (USA)",United States,8690,,"US Navy, (USA)",,,,,,
1924 Summer Olympics,Male,"Thomas Joseph ""Tom""•Kirby",Tom•Kirby,"21 December 1904 in Roxbury, Massachusetts (USA)","25 November 1967 in Jamaica Plain, Massachusetts (USA)",United States,8708,182 cm / 79 kg,,,,,,,
1924 Summer Olympics,Male,"Alfons Mello ""Al""•Travers (Tavares-)",Al•Travers,"30 January 1906 in Lowell, Massachusetts (USA)","31 October 1993 in Tewksbury, Massachusetts (USA)",United States,8731,170 cm / 67 kg,,,,Al Mello,,,
1972 Summer Olympics,Female,"Caroline Louise ""Lyn""•Ashton",Lyn•Ashton,"29 November 1951 in Northampton, Massachusetts (USA)",,United States,11028,163 cm / 57 kg,Canoe Cruisers Association,,,,,,
1956 Summer Olympics,Male,George Albert•Byers,George•Byers,"3 July 1916 in Lynn, Massachusetts (USA)","5 June 1995 in Dedham, Massachusetts (USA)",United States,11065,174 cm / 64 kg,Samoset Canoe Club,,,,,,
1960 Summer Olympics,Male,Arnold William•Demus,Arnold•Demus,"8 September 1936 in Boston, Massachusetts (USA)",,United States,11071,188 cm / 74 kg,Samoset Canoe Club,,,,,,
1968 Summer Olympics,Male,William Jeremiah•Gates,William•Gates,"30 November 1947 in Beverly, Massachusetts (USA)",,United States,11081,173 cm / 64 kg,"NYAC, New York (USA)",,,,,,
1936 Summer Olympics,Male,Joseph Louis•Hasenfus,Joseph•Hasenfus,"29 May 1913 in Needham, Massachusetts (USA)","20 August 1999 in Augusta, Maine (USA)",United States,11092,,Needham Canoe Club,,,,,,
1936 Summer Olympics,Male,Walter Martin•Hasenfus,Walter•Hasenfus,"18 March 1916 in Needham, Massachusetts (USA)",8 December 1944,United States,11093,,Needham Canoe Club,,,,,,
1968 Summer Olympics,Male,Malcolm MacLeod•Hickox,Malcolm•Hickox,"2 September 1946 in Boston, Massachusetts (USA)",,United States,11099,175 cm / 72 kg,"Mississauga CC, Mississauga (CAN)",,,,,,
1956 Summer Olympics; 1960 Summer Olympics,Male,Richard Leach•Moran,Richard•Moran,"22 November 1932 in Norwood, Massachusetts (USA)","14 June 1989 in Boston, Massachusetts (USA)",United States,11133,175 cm / 79 kg,Samoset Canoe Club,,,,,,
1976 Summer Olympics,Female,Dorothy Sarkis•Morkis,Dorothy•Morkis,"29 December 1942 in Boston, Massachusetts (USA)",,United States,11414,172 cm / 59 kg,,,,,,,
1984 Summer Olympics,Female,Karen Elizabeth•Stives,Karen•Stives,"3 November 1950 in Boston, Massachusetts (USA)","14 August 2015 in Dover, Massachusetts (USA)",United States,11466,160 cm / 48 kg,,,,,,,
1964 Summer Olympics; 1968 Summer Olympics; 1972 Summer Olympics,Male,John Cotton•Allis,John•Allis,"31 May 1942 in Boston, Massachusetts (USA)",,United States,13358,174 cm / 67 kg,Century Road Club,,,,,,
1960 Summer Olympics,Male,"Charles Noyes ""Charlie""•Hewett",Charlie•Hewett,"29 July 1929 in Medfield, Massachusetts (USA)",,United States,14741,180 cm / 79 kg,,,,,,,
1952 Summer Olympics,Male,Umberto•Micco,Umberto•Micco,"24 March 1916 in Boston, Massachusetts (USA)","16 December 1989 in Moncalvo, Asti (ITA)",Italy,19339,,,,,,,,
1996 Summer Olympics,Female,"Pamela Louise ""Pam""•Bustin",Pam•Bustin,"24 April 1967 in Somerset, Massachusetts (USA)",,United States,20341,172 cm / 67 kg,,,,,,,
1988 Summer Olympics,Female,"Sandra Lee ""Sandi""•Costigan",Sandi•Costigan,"6 May 1964 in Winthrop, Massachusetts (USA)",,United States,20343,167 cm / 60 kg,,,,,,,
1988 Summer Olympics,Female,Megan Aileen•Donnelly,Megan•Donnelly,"11 May 1964 in Winchester, Massachusetts (USA)",,United States,20344,172 cm / 68 kg,,,,,,,
1988 Summer Olympics,Female,Donna•Lee (-Chung),Donna•Lee,"27 July 1960 in Boston, Massachusetts (USA)",,United States,20354,160 cm / 60 kg,,,,,,,
1988 Summer Olympics; 1996 Summer Olympics,Female,"Barbara Jean ""Barb""•Marois",Barb•Marois,"1 March 1963 in Auburn, Massachusetts (USA)",,United States,20358,172 cm / 68 kg,"New Hampshire Wildcats, Durham (USA)",,,,,,
1984 Summer Olympics,Female,Leslie Woods•Milne,Leslie•Milne,"17 October 1956 in Framingham, Massachusetts (USA)",,United States,20361,170 cm / 58 kg,U.S. National Team,,,,,,
1988 Summer Olympics; 1996 Summer Olympics,Female,Marcia Anne•Pankratz,Marcia•Pankratz,"1 October 1964 in Wakefield, Massachusetts (USA)",,United States,20365,167 cm / 59 kg,"Iowa Hawkeyes, Iowa City (USA)",,,,,,
1988 Summer Olympics; 1996 Summer Olympics,Female,"Patricia Ann ""Patty""•Shea",Patty•Shea,"15 September 1962 in Belmont, Massachusetts (USA)",,United States,20368,157 cm / 64 kg,University of Massachusetts,,,,,,
1984 Summer Olympics,Female,"Judith Ann ""Judy""•Strong",Judy•Strong,"26 March 1960 in Northampton, Massachusetts (USA)",,United States,20372,172 cm / 66 kg,U.S. National Team,,,,,,
1932 Summer Olympics; 1936 Summer Olympics,Male,"Lanphear ""Lanny""•Buck",Lanny•Buck,"9 December 1901 in Fall River, Massachusetts (USA)","18 May 1974 in Port Chester, New York (USA)",United States,20385,,Westchester Field Hockey Club,,,,,,
1932 Summer Olympics; 1936 Summer Olympics,Male,"James Cuthbert ""Jimmy""•Gentle",Jimmy•Gentle,"21 July 1904 in Dorchester, Massachusetts (USA)","22 May 1986 in Philadelphia, Pennsylvania (USA)",United States,20396,,Philadelphia Cricket Club,,,,,,
1984 Summer Olympics,Male,"Randolph B. ""Randy""•Lipscher",Randy•Lipscher,"20 September 1960 in Boston, Massachusetts (USA)",,United States,20412,178 cm / 79 kg,North Jersey Hockey Club,,,,,,
1932 Summer Olympics; 1936 Summer Olympics,Male,Leonard Francis•O'Brien,Leonard•O'Brien,"20 January 1904 in North Adams, Massachusetts (USA)","30 March 1939 in Boston, Massachusetts (USA)",United States,20421,,,Mike,,,,,
1984 Summer Olympics,Male,"Andrew Hashbrauck ""Drew""•Stone",Drew•Stone,"23 November 1960 in Boston, Massachusetts (USA)",,United States,20432,190 cm / 91 kg,"Harvard Crimson, Cambridge (USA)",,,,,,
1984 Summer Olympics,Female,Jana Marie•Angelakis,Jana•Angelakis,"1 January 1962 in Lynn, Massachusetts (USA)",,United States,20985,162 cm / 63 kg,"Tanner City Fencer's Club, Peabody (USA)",,,,,,
1988 Summer Olympics; 1992 Summer Olympics,Female,Caitlin Kelly•Bilodeaux-Banos,Caitlin•Bilodeaux-Banos,"17 March 1965 in Boston, Massachusetts (USA)",,United States,20989,170 cm / 64 kg,,Katy,,Caitlin Bilodeau,,,
1988 Summer Olympics; 1992 Summer Olympics,Female,Mary Jane•O'Neill,Mary•O'Neill,"11 February 1965 in Concord, Massachusetts (USA)",,United States,21013,180 cm / 64 kg,,,,,,,
1968 Summer Olympics,Female,"Sarah Anne ""Sally""•Pechinsky (-Ballinger)",Sally•Pechinsky,"4 March 1950 in Danvers, Massachusetts (USA)",,United States,21015,166 cm / 64 kg,Salem YMCA (Young Men's Christian Association),,,,,,
1988 Summer Olympics; 1992 Summer Olympics,Female,"Mary C. ""Molly""•Sullivan (-Sliney)",Molly•Sullivan,"13 August 1966 in Methuen, Massachusetts (USA)",,United States,21017,167 cm / 61 kg,,,,,,,
1972 Summer Olympics; 1976 Summer Olympics,Male,"Edward Scott ""Scotty""•Bozek",Scotty•Bozek,"20 November 1950 in Salem, Massachusetts (USA)","7 January 2022 in Fairfax, Virginia (USA)",United States,23666,183 cm / 76 kg,"Tanner City Fencer's Club, Peabody (USA)",,,,,,
1924 Summer Olympics; 1928 Summer Olympics; 1932 Summer Olympics,Male,George Charles•Calnan,George•Calnan,"18 January 1900 in South Boston, Massachusetts (USA)","4 April 1933 in off Barnegat, New Jersey (USA)",United States,23673,183 cm,"US Navy, (USA)",,,,,,
1948 Summer Olympics; 1956 Summer Olympics,Male,Ralph Myer•Goldstein,Ralph•Goldstein,"6 October 1913 in Malden, Massachusetts (USA)","25 July 1997 in near Bennington, Vermont (USA)",United States,23713,169 cm / 67 kg,"Salle Santelli, New York (USA)",,,,,,
1928 Summer Olympics; 1932 Summer Olympics; 1936 Summer Olympics,Male,"Joseph Louis (Giuseppe Harold Reginald-) ""Joe""•Levis",Joe•Levis,"20 July 1905 in Boston, Massachusetts (USA)","20 May 2005 in Brighton, Massachusetts (USA)",United States,23736,183 cm,Peroy Salle d'Armes,,,,,,
1972 Summer Olympics,Male,James Laurence•Melcher,James•Melcher,"5 November 1939 in Pittsfield, Massachusetts (USA)","17 April 2023 in Manhattan, New York, New York (USA)",United States,23757,183 cm / 63 kg,"Fencers Club, New York (USA)",,,,,,
1964 Summer Olympics,Male,"Edwin Allan ""Ed""•Richards",Ed•Richards,"3 November 1929 in Boston, Massachusetts (USA)","18 November 2012 in Las Vegas, Nevada (USA)",United States,23785,188 cm / 66 kg,"NYAC, New York (USA)",,,,,,
1992 Summer Olympics,Male,"Michael Thomas ""Mike""•Burns",Mike•Burns,"14 September 1970 in Marlborough, Massachusetts (USA)",,United States,27708,175 cm / 75 kg,"Hartwick College, Oneonta, New York (USA)",,,,,,
1948 Summer Olympics,Male,Joseph Rego•Costa,Joseph•Costa,"3 July 1919 in Fall River, Massachusetts (USA)","27 April 2002 in Fall River, Massachusetts (USA)",United States,27718,,"Ponta Delgada SC, Fall River (USA)",,,,,,
1948 Summer Olympics,Male,"Joseph ""Joe""•Ferreira",Joe•Ferreira,"15 December 1916 in Fall River, Massachusetts (USA)","10 July 2007 in Fall River, Massachusetts (USA)",United States,27738,,"Ponta Delgada SC, Fall River (USA)",Za Za,,,,,
1924 Summer Olympics,Male,"Frederick Edward ""Teddy""•O'Connor",Teddy•O'Connor,"4 April 1902 in Lynn, Massachusetts (USA)",1952,United States,27800,,Lynn Football Club,,,,,,
1948 Summer Olympics,Male,"Edward Neto ""Ed""•Souza",Ed•Souza,"22 September 1921 in Fall River, Massachusetts (USA)","19 May 1979 in Warren, Rhode Island (USA)",United States,27823,,"Ponta Delgada SC, Fall River (USA) / New York German-Hungarian SC, New York (USA)",,,,,,
1948 Summer Olympics; 1952 Summer Olympics,Male,John Benevides•Souza (Sousa-),John•Souza,"12 July 1920 in Fall River, Massachusetts (USA)","11 March 2012 in Dover, Pennsylvania (USA)",United States,27824,,"Ponta Delgada SC, Fall River (USA) / New York German-Hungarian SC, New York (USA)",Clarkie,,,,,
1996 Summer Olympics,Male,Nelson Edgar•Vargas,Nelson•Vargas,"6 August 1974 in Holyoke, Massachusetts (USA)",,United States,27835,,"Tampa Bay Mutiny, Tampa (USA)",,,,,,
1924 Summer Olympics,Male,"Herbert ""Herb""•Wells",Herb•Wells,"4 May 1901 in Brockton, Massachusetts (USA)","November 1978 in Exton, Pennsylvania (USA)",United States,27839,,"Fleischer Yarn F. C., Philadelphia (USA)",,,,,,
1964 Summer Olympics,Female,"Kathleen Margaret ""Kathy""•Corrigan (-Ekas)",Kathy•Corrigan,"3 March 1945 in Quincy, Massachusetts (USA)",,United States,29234,160 cm / 50 kg,"Springfield College Pride, Springfield (USA)",,,,,,
1984 Summer Olympics,Male,"Timothy Patrick ""Tim""•Daggett",Tim•Daggett,"22 May 1962 in Springfield, Massachusetts (USA)",,United States,31306,165 cm / 66 kg,"UCLA Bruins, Los Angeles (USA)",,,,,,
1976 Summer Olympics,Male,Peter Martin•Kormann,Peter•Kormann,"21 June 1955 in Braintree, Massachusetts (USA)",,United States,31362,170 cm / 58 kg,"Southern Connecticut State University, New Haven (USA)",,,,,,
1992 Summer Olympics; 1996 Summer Olympics,Male,Jair K.•Lynch,Jair•Lynch,"2 October 1971 in Amherst, Massachusetts (USA)",,United States,31377,162 cm / 59 kg,"Stanford Cardinal, Stanford (USA)",,,,,,
1976 Summer Olympics,Male,"Peter Paul Gerhard•Buehning, Jr.","Peter•Buehning, Jr.","29 April 1954 in Boston, Massachusetts (USA)",,United States,32963,194 cm / 90 kg,"Swim & Sport Club (Flanders, NJ)",,,,,,
1992 Summer Olympics; 1996 Summer Olympics; 2000 Summer Olympics; 2004 Summer Olympics,Male,"James A. ""Jimmy""•Pedro",Jimmy•Pedro,"30 October 1970 in Danvers, Massachusetts (USA)",,United States,34215,175 cm / 73 kg,"NYAC, New York (USA)",,,,,,
1988 Summer Olympics,Male,Lawrence Edgar•Keyte,Lawrence•Keyte,"11 September 1963 in Boston, Massachusetts (USA)",,Canada,34662,180 cm / 71 kg,Ottawa Valley,,,,,,
1928 Summer Olympics,Male,"Peter Conover•Hains, III",Peter•Hains,"11 May 1901 in Winthrop, Massachusetts (USA)","3 July 1998 in Fort Belvoir, Virginia (USA)",United States,35150,,"US Army, (USA)",,,,,,
1924 Summer Olympics,Male,Ernest Nason•Harmon,Ernest•Harmon,"26 February 1894 in Lowell, Massachusetts (USA)","13 November 1979 in White River Junction, Vermont (USA)",United States,35152,170 cm,"US Army, (USA)",Old Gravel Voice,,,,,
1928 Summer Olympics; 1932 Summer Olympics,Male,Richard Walden•Mayo,Richard•Mayo,"12 June 1902 in Dorchester, Massachusetts (USA)","10 November 1996 in Boca Raton, Florida (USA)",United States,35159,,"US Army, (USA)",,,,,,
1932 Summer Olympics,Male,"Charles Edward ""Ned""•Pratt",Ned•Pratt,"15 July 1911 in Boston, Massachusetts (USA)","24 February 1996 in Vancouver, British Columbia (CAN)",Canada,36238,,"VRC, Vancouver (CAN) / UBC Thunderbirds, Vancouver (CAN)",,,,,,
1952 Summer Olympics,Male,Walter John Thomas•Lüchinger,Walter•Lüchinger,"26 February 1926 in Belmont, Massachusetts (USA)",26 August 2021 in ? (USA),Switzerland,39763,,"SC Zürich, Zürich (SUI)",,,,,,
1992 Summer Olympics,Female,Shelagh•Donohoe,Shelagh•Donohoe,"22 January 1965 in Lowell, Massachusetts (USA)",,United States,40449,170 cm / 67 kg,,,,,,,
1976 Summer Olympics,Female,"Elizabeth Dorrepaal ""Liz""•Hills (-O'Leary)",Liz•Hills,"16 May 1954 in Boston, Massachusetts (USA)",,United States,40468,178 cm / 73 kg,"Long Beach Rowing Association, Long Beach (USA)",,,,,,
1984 Summer Olympics; 1988 Summer Olympics; 1992 Summer Olympics,Female,Anne R.•Marden (-Grainger),Anne•Marden,"12 June 1958 in Boston, Massachusetts (USA)",,United States,40481,170 cm / 68 kg,"Riverside Boat Club, Cambridge (USA)",,,,,,
1992 Summer Olympics,Female,Mary Catherine•Mazzio,Mary•Mazzio,"14 July 1961 in Newton, Massachusetts (USA)",,United States,40485,178 cm / 65 kg,"Riverside Boat Club, Cambridge (USA)",,,,,,
1992 Summer Olympics,Female,"Cynthia Louise ""Cindy""•Ryder (-Matthes)",Cindy•Ryder,"12 August 1966 in Leominster, Massachusetts (USA)",,United States,40505,,"Riverside Boat Club, Cambridge (USA)",,,,,,
1976 Summer Olympics,Female,Anne Elizabeth Taubes•Warner,Anne•Warner,"24 August 1954 in Boston, Massachusetts (USA)",,United States,40524,173 cm / 68 kg,"Yale Bulldogs, New Haven (USA)",,,,,,
1996 Summer Olympics,Male,Cyrus N.•Beasley,Cyrus•Beasley,"29 February 1972 in Newburyport, Massachusetts (USA)",,United States,40547,198 cm / 102 kg,,,,,,,
1936 Summer Olympics,Male,"Edward Howard•Bennett, Jr.",Edward•Bennett,"25 September 1915 in Melrose, Massachusetts (USA)","9 February 1997 in Marblehead, Massachusetts (USA)",United States,40554,,"Riverside Boat Club, Cambridge (USA)",,,,,,
1968 Summer Olympics,Male,"Stephen Harrington ""Steve""•Brooks",Steve•Brooks,"29 December 1948 in Boston, Massachusetts (USA)",,United States,40564,191 cm / 90 kg,"Harvard Crimson, Cambridge (USA)",,,,,,
1972 Summer Olympics,Male,"Eugene Howard ""Gene""•Clapp, IV",Gene•Clapp,"19 November 1949 in Brookline, Massachusetts (USA)",,United States,40585,191 cm / 90 kg,"Vesper Boat Club, Philadelphia (USA)",,,,,,
1936 Summer Olympics,Male,"Robert Bradley ""Bob""•Cutler",Bob•Cutler,"8 November 1913 in Dover, Massachusetts (USA)","1 September 2010 in Whitinsville, Massachusetts (USA)",United States,40602,,"Riverside Boat Club, Cambridge (USA)",RB,,RB Cutler,,,
1936 Summer Olympics,Male,"Roger Wilson•Cutler, Jr.",Roger•Cutler,"13 January 1916 in Boston, Massachusetts (USA)","31 May 1986 in Needham, Massachusetts (USA)",United States,40603,,"Riverside Boat Club, Cambridge (USA)",,,,,,
1976 Summer Olympics,Male,John Gardner•Everett,John•Everett,"10 September 1954 in Salem, Massachusetts (USA)",,United States,40640,193 cm / 93 kg,Massachusetts Institute of Technology,,,,,,
1976 Summer Olympics,Male,David Munro•Fellows,David•Fellows,"19 September 1952 in Waltham, Massachusetts (USA)",,United States,40645,191 cm / 89 kg,"Northeastern Huskies, Boston (USA)",,,,,,
1996 Summer Olympics,Male,Jason B.•Gailes,Jason•Gailes,"28 March 1970 in Dighton, Massachusetts (USA)",,United States,40665,193 cm / 93 kg,,,,,,,
1968 Summer Olympics,Male,Charles Borden•Hamlin,Charles•Hamlin,"28 March 1947 in Northampton, Massachusetts (USA)","23 May 2021 in Bellingham, Washington (USA)",United States,40688,186 cm / 90 kg,Eastern Development Clinic,,,,,,
1936 Summer Olympics,Male,William Chandler•Haskins,William•Haskins,"20 June 1914 in Belmont, Massachusetts (USA)","28 March 1998 in Concord, Massachusetts (USA)",United States,40691,,"Riverside Boat Club, Cambridge (USA)",,,,,,
1972 Summer Olympics,Male,"Charles Colby•Hewitt, III",Charles•Hewitt,"23 November 1949 in Boston, Massachusetts (USA)",,United States,40701,196 cm / 74 kg,"Vesper Boat Club, Philadelphia (USA)",,,,,,
1968 Summer Olympics,Male,David Dillon•Higgins,David•Higgins,"14 February 1947 in Worcester, Massachusetts (USA)",,United States,40702,188 cm / 90 kg,"Harvard Crimson, Cambridge (USA)",,,,,,
1968 Summer Olympics; 1972 Summer Olympics,Male,"Franklin Warren•Hobbs, IV",Franklin•Hobbs,"30 July 1947 in Manchester, Massachusetts (USA)",,United States,40703,191 cm / 90 kg,Brothers Rowing Club,Fritz,,,,,
1988 Summer Olympics; 1992 Summer Olympics,Male,"Richard Bayard•Kennelly, Jr.","Richard•Kennelly, Jr.","4 July 1965 in Boston, Massachusetts (USA)",,United States,40736,193 cm / 91 kg,"Virginia Cavaliers, Charlottesville (USA)",,,,,,
1928 Summer Olympics,Male,"James•Lawrence, Jr.","James•Lawrence, Jr.","30 May 1907 in Boston, Massachusetts (USA)","29 January 1995 in Brookline, Massachusetts (USA)",United States,40749,185 cm / 79 kg,"Harvard Crimson, Cambridge (USA)",,,,,,
1936 Summer Olympics,Male,George Gilbert•Loveless,George•Loveless,"15 October 1909 in Pittsfield, Massachusetts (USA)","2 November 1968 in Cromwell, Connecticut (USA)",United States,40759,,"Penn AC, Philadelphia (USA)",,,,,,
1968 Summer Olympics; 1972 Summer Olympics,Male,Stewart Gray•MacDonald,Stewart•MacDonald,"29 December 1949 in Boston, Massachusetts (USA)",,United States,40764,165 cm / 54 kg,Union Boat Club,,,,,,
1928 Summer Olympics,Male,"Charles Ellis•Mason, Jr.","Charles•Mason, Jr.","5 October 1908 in Boston, Massachusetts (USA)","6 November 1999 in Westwood, Massachusetts (USA)",United States,40773,190 cm / 84 kg,"Harvard Crimson, Cambridge (USA)",Monk,,,,,
1972 Summer Olympics,Male,"William Johnston ""Bill""•Miller",Bill•Miller,"12 March 1947 in Brockton, Massachusetts (USA)",,United States,40794,196 cm / 87 kg,Union Boat Club,,,,,,
1996 Summer Olympics; 2000 Summer Olympics,Male,"Edward B. ""Ted""•Murphy",Ted•Murphy,"30 October 1971 in West Newton, Massachusetts (USA)",,United States,40811,198 cm / 99 kg,Dartmouth Rowing Club,,,,,,
1960 Summer Olympics; 1964 Summer Olympics,Male,"Theodore Allison ""Ted""•Nash, II",Ted•Nash,"29 October 1932 in Melrose, Massachusetts (USA)","3 July 2021 in Medford, New Jersey (USA)",United States,40815,193 cm / 86 kg,"Lake Washington RC, Seattle (USA)",,,,,,
1960 Summer Olympics,Male,Harry Lambert•Parker,Harry•Parker,"28 October 1935 in Fitchburg, Massachusetts (USA)","25 June 2013 in Boston, Massachusetts (USA)",United States,40821,183 cm / 79 kg,"Vesper Boat Club, Philadelphia (USA)",,,,,,
1976 Summer Olympics,Male,Gary Gennaro•Piantedosi,Gary•Piantedosi,"9 December 1954 in Boston, Massachusetts (USA)",,United States,40832,197 cm / 98 kg,"Vesper Boat Club, Philadelphia (USA)",,,,,,
1964 Summer Olympics,Male,"Harry Winslow ""Hughie""•Pollock",Hughie•Pollock,"16 July 1942 in Boston, Massachusetts (USA)",,United States,40837,196 cm / 86 kg,"Harvard Crimson, Cambridge (USA)",,,,,,
1988 Summer Olympics; 1992 Summer Olympics,Male,"John Dunbar ""Jack""•Rusher, IV","Jack•Rusher, IV","18 April 1967 in Boston, Massachusetts (USA)",,United States,40853,190 cm / 91 kg,,,,,,,
1992 Summer Olympics,Male,Peter John•Sharis,Peter•Sharis,"8 January 1969 in Salem, Massachusetts (USA)",,United States,40870,193 cm / 104 kg,,,,,,,
1976 Summer Olympics,Male,Alan Wardwell•Shealy,Alan•Shealy,"15 August 1953 in Fitchburg, Massachusetts (USA)",,United States,40872,191 cm / 90 kg,"Harvard Crimson, Cambridge (USA)",,,,,,
1984 Summer Olympics; 1988 Summer Olympics; 1992 Summer Olympics,Male,"Jonathan Scott ""Jon""•Smith",Jon•Smith,"9 May 1961 in Salem, Massachusetts (USA)",,United States,40877,190 cm / 91 kg,,,,,,,
1968 Summer Olympics; 1972 Summer Olympics,Male,"Lawrence•Terry, Jr.",Lawrence•Terry,"12 April 1946 in Concord, Massachusetts (USA)",,United States,40900,184 cm / 84 kg,Union Boat Club,,,,,,
1964 Summer Olympics,Male,"Edward Hall ""Ted""•Washburn",Ted•Washburn,"25 September 1942 in Boston, Massachusetts (USA)",,United States,40924,168 cm / 54 kg,"Harvard Crimson, Cambridge (USA)",,,,,,
1976 Summer Olympics,Male,David Bruce Leslie•Weinberg,David•Weinberg,"2 March 1952 in Boston, Massachusetts (USA)",,United States,40925,170 cm / 52 kg,"Harvard Crimson, Cambridge (USA)",,,,,,
1968 Summer Olympics,Male,"Donald Leslie ""Don""•Hamilton",Don•Hamilton,"17 September 1929 in Boston, Massachusetts (USA)","13 September 1999 in Kingston, Massachusetts (USA)",United States,44678,173 cm / 75 kg,"US Navy, (USA)",,,,,,
1960 Summer Olympics,Male,Nelson Hayford•Lincoln,Nelson•Lincoln,"20 April 1914 in Medford, Massachusetts (USA)","7 March 2000 in Glendale, Arizona (USA)",United States,44711,180 cm / 82 kg,"US Army, (USA)",,,,,,
1956 Summer Olympics,Male,James Macaulay•Smith,James•Smith,"20 November 1931 in Waltham, Massachusetts (USA)","17 March 2021 in Lexington, Massachusetts (USA)",United States,44763,180 cm / 74 kg,"US Marine Corps, (USA)",,,,,,
1924 Summer Olympics,Female,Florence•Chambers (-Newkirk),Florence•Chambers,"2 November 1907 in Boston, Massachusetts (USA)","27 September 1979 in Fallbrook, California (USA)",United States,50984,,"SDRC, San Diego (USA)",,,,,,
1932 Summer Olympics,Female,Helen Eileen•Johns (-Carroll),Helen•Johns,"25 September 1914 in East Boston, Massachusetts (USA)","23 July 2014 in Sumter, South Carolina (USA)",United States,51069,,Brookline Women's Swimming Association,,,,,,
1932 Summer Olympics,Female,Joan Ethel•McSheehy (-Huffman),Joan•McSheehy,"22 July 1913 in Whitinsville, Massachusetts (USA)","16 April 1948 in Baltimore, Maryland (USA)",United States,51117,,Women's Swimming Association,,,,,,
1952 Summer Olympics,Female,Coralie May•O'Connor,Coralie•O'Connor,"1 May 1934 in Worcester, Massachusetts (USA)","31 December 2019 in Worcester, Massachusetts (USA)",United States,51141,,"Lafayette Swim Club, Lafayette (USA)",,,,,,
1928 Summer Olympics,Female,Albina Lucy Charlotte•Osipowich (-Van Aken),Albina•Osipowich,"26 February 1911 in Worcester, Massachusetts (USA)",6 June 1964,United States,51143,,Boys' Club Auxiliary,,,,,,
1992 Summer Olympics; 1996 Summer Olympics; 2000 Summer Olympics; 2004 Summer Olympics,Female,"Jennifer Elisabeth ""Jenny""•Thompson (-Cumpelik)",Jenny•Thompson,"26 February 1973 in Danvers, Massachusetts (USA)",,United States,51217,177 cm / 69 kg,"Badger Swim Club, Larchmont (USA)",Jenny Beth,,,,,
1952 Summer Olympics,Male,"David Greig ""Skippy""•Browning, Jr.",Skippy•Browning,"5 June 1931 in Boston, Massachusetts (USA)","14 March 1956 in near Rantoul, Kansas (USA)",United States,51277,,"Texas Longhorns, Austin (USA)",,,,,,
1964 Summer Olympics,Male,"William Winfield ""Bill""•Farley",Bill•Farley,"10 November 1944 in Fort Devens, Massachusetts (USA)",2 September 2018,United States,51330,186 cm / 80 kg,"LAAC, Los Angeles (USA)",,,,,,
1960 Summer Olympics,Male,Richard Bruce•Hunter,Bruce•Hunter,"6 July 1939 in Boston, Massachusetts (USA)",6 July 2018,United States,51409,185 cm / 79 kg,"Harvard Crimson, Cambridge (USA)",,,,,,
1992 Summer Olympics,Male,Scott Erik•Jaffe,Scott•Jaffe,"29 April 1969 in Boston, Massachusetts (USA)",,United States,51416,193 cm / 84 kg,"California Golden Bears, Berkeley (USA)",,,,,,
1984 Summer Olympics,Male,"Patrick David ""Pat""•Kennedy",Pat•Kennedy,"3 April 1964 in Salem, Massachusetts (USA)",,United States,51441,180 cm / 73 kg,"Florida Gators, Gainesville (USA)",,,,,,
1956 Summer Olympics,Male,"William Albert ""Bill""•Yorzyk, Jr.",Bill•Yorzyk,"29 May 1933 in Northampton, Massachusetts (USA)","2 September 2020 in East Brookfield, Massachusetts (USA)",United States,51627,178 cm / 74 kg,New Haven Swim Club,,,,,,
1928 Summer Olympics,Male,Harry Clifton•Daniels,Harry•Daniels,"23 June 1900 in Boston, Massachusetts (USA)","21 February 1965 in Chicago, Illinois (USA)",United States,54909,,"Chicago AA, Chicago (USA)",,,,,,
1964 Summer Olympics,Male,George Charles•Stransky,George•Stransky,"16 January 1944 in Stockbridge, Massachusetts (USA)",,United States,54973,188 cm / 77 kg,"Olympic Club, San Francisco (USA)",,,,,,
1984 Summer Olympics,Male,"Donald Robert ""Don""•Abrahamson, Jr.",Don•Abrahamson,"19 September 1957 in Athol, Massachusetts (USA)",,United States,56949,162 cm / 67 kg,Sports Palace,,,,,,
1976 Summer Olympics,Male,Mark•Cameron,Mark•Cameron,"10 October 1952 in Clinton, Massachusetts (USA)",,United States,56961,178 cm / 109 kg,"York Barbell Club, York (USA)",,,,,,
1936 Summer Olympics,Male,"Francis Edward ""Frank""•Millard",Frank•Millard,"31 May 1914 in North Adams, Massachusetts (USA)","14 July 1958 in North Adams, Massachusetts (USA)",United States,60713,,North Adams YMCA (Young Men's Christian Association),,,,,,
1956 Summer Olympics,Male,"James Cameron ""Jim""•Peckham",Jim•Peckham,"30 August 1929 in Boston, Massachusetts (USA)","23 August 2011 in Braintree, Massachusetts (USA)",United States,60729,183 cm / 79 kg,,,,,,,
1996 Summer Olympics,Female,"Kristina Farrar ""Kris""•Stookey",Kris•Stookey,"30 June 1969 in Martha's Vineyard, Massachusetts (USA)",,United States,61059,165 cm / 55 kg,The Belle Haven Club,,,,,,
1964 Summer Olympics,Male,"Joseph Laws ""Joe""•Batchelder",Joe•Batchelder,"24 August 1938 in Brookline, Massachusetts (USA)",,United States,61257,186 cm / 84 kg,Eastern Yacht Club,,,,,,
1972 Summer Olympics,Male,Peter Sweetser•Dean,Peter•Dean,"6 March 1951 in Boston, Massachusetts (USA)",,United States,61803,201 cm / 102 kg,"Beverly Yacht Club, Marion (USA)",,,,,,
1960 Summer Olympics,Male,"James Hawley ""Jim""•Hunt",Jim•Hunt,"25 July 1936 in Boston, Massachusetts (USA)",,United States,62417,188 cm / 94 kg,"Middlebury College Panthers, Middlebury (USA)",,,,,,
1956 Summer Olympics,Male,John•Marvin,John•Marvin,"17 October 1927 in Cambridge, Massachusetts (USA)","22 June 1980 in Seaford, Delaware (USA)",United States,62918,185 cm / 77 kg,Eastern Yacht Club,,,,,,
1964 Summer Olympics,Male,"John Joseph ""Don""•McNamara, Jr.",Don•McNamara,"7 February 1932 in Boston, Massachusetts (USA)","24 October 1986 in Boston, Massachusetts (USA)",United States,62974,192 cm / 97 kg,Boston & Stamford Yacht Clubs,,,,,,
1960 Summer Olympics,Male,George Dwyer•O'Day,George•O'Day,"19 May 1923 in Brookline, Massachusetts (USA)","26 July 1987 in Dover, Massachusetts (USA)",United States,63169,180 cm / 87 kg,"Boston Yacht Club, Marblehead (USA)",,,,,,
1956 Summer Olympics,Male,"Eric C.•Olsen, Jr.",Eric•Olsen,"26 March 1916 in Brookline, Massachusetts (USA)","7 May 1993 in Boston, Massachusetts (USA)",United States,63191,178 cm / 70 kg,Essex Yacht Club,,,,,,
1964 Summer Olympics,Male,"Francis Paul ""Frank""•Scully, Jr.",Frank•Scully,"24 January 1925 in Boston, Massachusetts (USA)","9 November 1998 in Stonington, Maine (USA)",United States,63608,183 cm / 77 kg,New York & Coral Reef Yacht Clubs,,,,,,
1960 Summer Olympics,Male,"David James ""Dave""•Smith",Dave•Smith,"31 October 1925 in Salem, Massachusetts (USA)","8 March 2014 in Peabody, Massachusetts (USA)",United States,63704,170 cm / 63 kg,"Boston Yacht Club, Marblehead (USA)",,,,,,
1984 Summer Olympics,Male,Brian•Sweeney,Brian•Sweeney,"27 March 1961 in Boston, Massachusetts (USA)",,Canada,63826,178 cm / 75 kg,,,,,,,
1984 Summer Olympics; 1988 Summer Olympics; 1992 Summer Olympics,Male,"David Ross ""Dave""•Sweeney",Dave•Sweeney,"25 May 1960 in Boston, Massachusetts (USA)","16 September 2021 in Atlanta, Georgia (USA)",Canada,63827,182 cm / 68 kg,"RCYC, Toronto (CAN)",,,,,,
1972 Summer Olympics; 1976 Summer Olympics,Male,Bruce•Pirnie,Bruce•Pirnie,"20 September 1942 in Boston, Massachusetts (USA)",,Canada,66218,200 cm / 140 kg,"?, Winnipeg (CAN)",,,,,,
1996 Summer Olympics,Female,Suzanne•Rigg (-Youngberg),Suzanne•Rigg,"29 November 1963 in Essex, Massachusetts (USA)",,Great Britain,68767,168 cm / 50 kg,Warrington,,,,,,
1932 Summer Olympics,Female,Mary Louise•Carew (-Armstrong),Mary•Carew,"8 September 1913 in Medford, Massachusetts (USA)","12 July 2002 in Framingham, Massachusetts (USA)",United States,77784,157 cm / 45 kg,Medford Girls Club,,,,,,
1956 Summer Olympics,Female,Paula•Deubel (-Phillips),Paula•Deubel,"24 June 1935 in Swansea, Massachusetts (USA)","21 August 1993 in Nashville, Tennessee (USA)",United States,77804,172 cm / 73 kg,Little Rhody Athletic Club,,,,,,
1972 Summer Olympics; 1976 Summer Olympics,Female,Marilyn Elizabeth•King,Marilyn•King,"21 May 1949 in Boston, Massachusetts (USA)",,United States,77887,175 cm / 70 kg,Millbrae Lions,,,,,,
1964 Summer Olympics,Female,"Sandra Phyllis ""Sandy""•Knott",Sandy•Knott,"9 October 1937 in Worcester, Massachusetts (USA)","26 June 2013 in Springfield, Oregon (USA)",United States,77890,170 cm / 57 kg,Cleveland Recreation Division,,,,,,
1928 Summer Olympics,Female,Mildred Olive•Wiley (-Dee),Mildred•Wiley,"3 December 1901 in Taunton, Massachusetts (USA)","7 February 2000 in Bourne, Massachusetts (USA)",United States,78011,180 cm / 65 kg,"Boston Swimming Association, Boston (USA)",,,,,,
1964 Summer Olympics,Male,"Gerald Howard ""Gerry""•Ashworth",Gerry•Ashworth,"1 May 1942 in Haverhill, Massachusetts (USA)",,United States,78052,180 cm / 75 kg,"Southern California Striders, Anaheim (USA)",,,,,,
1952 Summer Olympics,Male,"Robert Hudson ""Bob""•Backus",Bob•Backus,"11 July 1926 in Boston, Massachusetts (USA)","30 June 1999 in Hanover, Massachusetts (USA)",United States,78063,195 cm / 120 kg,"NYAC, New York (USA)",,,,,,
1960 Summer Olympics,Male,"Edward ""Ed""•Bagdonas",Ed•Bagdonas,"20 June 1937 in Winchendon, Massachusetts (USA)","29 March 1985 in Bolton, Massachusetts (USA)",United States,78065,188 cm / 105 kg,"US Army, (USA)",,,,,,
1948 Summer Olympics,Male,"William Edward ""Bill""•Burton",Bill•Burton,"29 March 1915 in Abington, Massachusetts (USA)","13 May 1984 in Falmouth, Massachusetts (USA)",United States,78182,198 cm / 98 kg,"US Army, (USA)",,,,,,
1956 Summer Olympics; 1960 Summer Olympics; 1964 Summer Olympics; 1968 Summer Olympics,Male,"Harold Vincent ""Hal""•Connolly",Hal•Connolly,"1 August 1931 in Somerville, Massachusetts (USA)","18 August 2010 in Catonsville, Maryland (USA)",United States,78255,183 cm / 106 kg,"Southern California Striders, Anaheim (USA)",,,,,,
1924 Summer Olympics,Male,James Joseph•Connolly,James•Connolly,"4 January 1900 in Woburn, Massachusetts (USA)","30 September 1940 in Woburn, Massachusetts (USA)",United States,78256,172 cm / 61 kg,"Boston AA, Boston (USA)",,,,,,
1972 Summer Olympics,Male,"Christopher Williams ""Chris""•Dunn",Chris•Dunn,"7 May 1951 in Boston, Massachusetts (USA)",,United States,78350,196 cm / 86 kg,Delaware Track & Field Club,,,,,,
1956 Summer Olympics; 1960 Summer Olympics; 1964 Summer Olympics; 1968 Summer Olympics,Male,"Albert William ""Al""•Hall",Al•Hall,"2 August 1934 in Manchester, Massachusetts (USA)","9 October 2008 in Tonopah, Nevada (USA)",United States,78497,185 cm / 99 kg,"NYAC, New York (USA)",,,,,,
1932 Summer Olympics,Male,"Norwood Penrose•Hallowell, III",Norwood•Hallowell,"2 November 1909 in Milton, Massachusetts (USA)","28 March 1979 in Andover, Massachusetts (USA)",United States,78503,183 cm / 66 kg,"Harvard Crimson, Cambridge (USA)",Pen,,,,,
1932 Summer Olympics,Male,"Joseph F. ""Joe""•Healey",Joe•Healey,"25 July 1910 in Beverly, Massachusetts (USA)","16 May 1992 in Westwood, New Jersey (USA)",United States,78535,174 cm / 72 kg,"NYAC, New York (USA)",,,,,,
1924 Summer Olympics; 1928 Summer Olympics; 1932 Summer Olympics,Male,"James Patrick ""Jimmy""•Henigan",Jimmy•Henigan,"25 April 1892 in Boston, Massachusetts (USA)","27 February 1950 in Chesterfield, South Carolina (USA)",United States,78546,168 cm / 54 kg,"Dorchester Club, Dorchester (USA)",Smiling Jimmy,,,,,
1936 Summer Olympics; 1948 Summer Olympics,Male,"John Adelbert ""Johnny""•Kelley",Johnny•Kelley,"6 September 1907 in West Medford, Massachusetts (USA)","6 October 2004 in South Yarmouth, Massachusetts (USA)",United States,78639,167 cm / 56 kg,Edison Empire Club,The Elder,,,,,
1924 Summer Olympics,Male,Leo Edward•Larrivee,Leo•Larrivee,"23 November 1903 in Fall River, Massachusetts (USA)","7 October 1928 in Chicago, Illinois (USA)",United States,78680,173 cm / 59 kg,Holy Cross University,,,,,,
1928 Summer Olympics,Male,Frances Leo•Lermond,Leo•Lermond,"15 April 1906 in Revere, Massachusetts (USA)","4 July 1986 in Nahant, Massachusetts (USA)",United States,78690,173 cm / 64 kg,"Boston AA, Boston (USA)",,,,,,
1924 Summer Olympics,Male,George William•Lermond,George•Lermond,"29 November 1904 in Nahant, Massachusetts (USA)","6 July 1940 in La Plata, Maryland (USA)",United States,78691,173 cm / 64 kg,"Boston AA, Boston (USA)",,,,,,
1936 Summer Olympics,Male,Albert J.•Mangan,Albert•Mangan,"28 February 1915 in Lowell, Massachusetts (USA)","23 June 1993 in Lowell, Massachusetts (USA)",United States,78730,178 cm / 61 kg,Knickerbocker Associates,,,,,,
1948 Summer Olympics,Male,"Aulis Olavi ""Ollie""•Manninen",Ollie•Manninen,"9 January 1917 in Worcester, Massachusetts (USA)","7 January 1999 in Gardner, Massachusetts (USA)",United States,78733,172 cm / 68 kg,"Boston AA, Boston (USA)",,,,,,
1976 Summer Olympics; 1984 Summer Olympics; 1988 Summer Olympics,Male,Henry Dinwoody•Marsh,Henry•Marsh,"15 March 1954 in Boston, Massachusetts (USA)",,United States,78737,178 cm / 72 kg,"BYU Cougars, Provo (USA) / Athletics West, Eugene (USA)",,,,,,
1964 Summer Olympics,Male,"Christopher ""Chris""•McCarthy",Chris•McCarthy,"21 June 1931 in Worcester, Massachusetts (USA)","22 April 2009 in Chicago, Illinois (USA)",United States,78754,183 cm / 68 kg,"Chicago Track Club, Chicago (USA)",,,,,,
1936 Summer Olympics,Male,"William Francis ""Billy""•McMahon",Billy•McMahon,"3 January 1910 in Worcester, Massachusetts (USA)","26 February 1991 in Worcester, Massachusetts (USA)",United States,78771,,Ancient Order of Hibernians,Biddie,,,,,
1932 Summer Olympics; 1936 Summer Olympics,Male,Malcolm Ward•Metcalf,Malcolm•Metcalf,"16 October 1910 in Springfield, Massachusetts (USA)","5 May 1993 in Claremont, California (USA)",United States,78786,192 cm / 100 kg,"Dartmouth Big Green, Hanover (USA)",,,,,,
1948 Summer Olympics,Male,"Albert Richmond ""Boo""•Morcom",Boo•Morcom,"1 May 1921 in Braintree, Massachusetts (USA)","3 October 2012 in Tilton, New Hampshire (USA)",United States,78809,177 cm / 66 kg,"New Hampshire Wildcats, Durham (USA)",,,,,,
1924 Summer Olympics,Male,Bayes Marshall•Norton,Bayes•Norton,"23 September 1903 in Vineyard Haven, Massachusetts (USA)","21 October 1967 in Gambier, Ohio (USA)",United States,78847,178 cm / 66 kg,"Yale Bulldogs, New Haven (USA)",,,,,,
1936 Summer Olympics,Male,"Frederick Douglas ""Fritz""•Pollard, Jr.",Fritz•Pollard,"18 February 1915 in Springfield, Massachusetts (USA)","14 February 2003 in Washington, District of Columbia (USA)",United States,78904,185 cm / 77 kg,"North Dakota Fighting Hawks, Grand Forks (USA)",,,,,,
1956 Summer Olympics,Male,"Philip Martin ""Phil""•Reavis",Phil•Reavis,"10 October 1936 in Cambridge, Massachusetts (USA)",,United States,78931,177 cm / 70 kg,"Villanova Wildcats, Villanova (USA)",,,,,,
1924 Summer Olympics,Male,"Raymond Amos ""Ray""•Robertson",Ray•Robertson,"7 December 1901 in Dorchester, Massachusetts (USA)","18 June 1937 in Boston, Massachusetts (USA)",United States,78959,175 cm / 61 kg,"Boston AA, Boston (USA)",,,,,,
1984 Summer Olympics; 1988 Summer Olympics; 1992 Summer Olympics,Male,Carl Francis•Schueler,Carl•Schueler,"26 February 1956 in Newburyport, Massachusetts (USA)",,United States,79003,183 cm / 70 kg,East Side Track Club/Reebok Running Club,,,,,,
1932 Summer Olympics,Male,Leo Joseph•Sexton,Leo•Sexton,"27 August 1909 in Danvers, Massachusetts (USA)","6 September 1968 in Perry, Oklahoma (USA)",United States,79018,193 cm / 108 kg,"NYAC, New York (USA)",,,,,,
1956 Summer Olympics,Male,Dean Allan•Thackwray,Dean•Thackwray,"7 March 1933 in Norwood, Massachusetts (USA)","7 September 2003 in Manchester, New Hampshire (USA)",United States,79120,175 cm / 57 kg,,,,,,,
1960 Summer Olympics; 1964 Summer Olympics,Male,John Curtis•Thomas,John•Thomas,"3 March 1941 in Boston, Massachusetts (USA)","15 January 2013 in Brockton, Massachusetts (USA)",United States,79121,196 cm / 88 kg,"Boston AA, Boston (USA)",,,,,,
1924 Summer Olympics,Male,"Willard Lewis•Tibbetts, Jr.",Willard•Tibbetts,"26 March 1903 in South Boston, Massachusetts (USA)","28 March 1992 in Brewster, Massachusetts (USA)",United States,79127,170 cm / 59 kg,"Harvard Crimson, Cambridge (USA)",,,,,,
1924 Summer Olympics,Male,"Frederic Delmont ""Fred""•Tootell",Fred•Tootell,"9 September 1902 in Lawrence, Massachusetts (USA)","29 September 1964 in Wakefield, Rhode Island (USA)",United States,79134,187 cm / 98 kg,"Boston AA, Boston (USA)",,,,,,
1948 Summer Olympics,Male,"Theodore John ""Ted""•Vogel",Ted•Vogel,"17 July 1925 in Boston, Massachusetts (USA)","27 September 2019 in Dover, New Hampshire (USA)",United States,79158,178 cm / 61 kg,"Tufts Jumbos, Medford (USA)",,,,,,
1924 Summer Olympics,Male,John Nickerson•Watters,John•Watters,"22 July 1903 in Winchester, Massachusetts (USA)","3 August 1962 in Weston, Massachusetts (USA)",United States,79171,180 cm / 64 kg,"Harvard Crimson, Cambridge (USA)",Soapy,,,,,
1924 Summer Olympics,Male,Ralph August•Williams,Ralph•Williams,"7 August 1900 in Quincy, Massachusetts (USA)","6 July 1941 in Shrewsbury, Vermont (USA)",United States,79196,,,,,,,,
1936 Summer Olympics,Male,Dimitri Nickitovitch•Zaitz,Dimitri•Zaitz,"7 November 1917 in Boston, Massachusetts (USA)","26 January 1996 in Concord, Massachusetts (USA)",United States,79232,180 cm / 82 kg,"Boston College Eagles, Chestnut Hill (USA)",,,,,,
2000 Summer Olympics; 2004 Summer Olympics; 2008 Summer Olympics,Female,Deena Michelle•Drossin-Kastor,Deena•Drossin-Kastor,"14 February 1973 in Waltham, Massachusetts (USA)",,United States,89122,163 cm / 47 kg,Asics,,,,,,
2000 Summer Olympics,Female,Lynda•Blutreich (Lipson-),Lynda•Blutreich,"13 December 1971 in Lynn, Massachusetts (USA)",,United States,89148,175 cm / 84 kg,"Nike, Beaverton (USA)",,,,,,
2000 Summer Olympics,Female,Emily Ann•deRiel,Emily•deRiel,"12 November 1974 in Boston, Massachusetts (USA)",,United States,89301,178 cm / 63 kg,,,,,,,
2000 Summer Olympics,Female,Kara Elizabeth•Wolters (-Drinan),Kara•Wolters,"15 August 1975 in Natick, Massachusetts (USA)",,United States,90095,201 cm / 95 kg,"Indiana Fever, Indianapolis (USA)",,,,,,
2000 Summer Olympics,Female,Nicole L.•Freedman,Nicole•Freedman,"21 May 1972 in Newton, Massachusetts (USA)",,United States,90528,157 cm / 51 kg,,,,,,,
2000 Summer Olympics; 2004 Summer Olympics,Male,Tyler Shumway•Hamilton,Tyler•Hamilton,"1 March 1971 in Marblehead, Massachusetts (USA)",,United States,90529,172 cm / 65 kg,US Postal Service / Phonak Hearing Systems (SUI),,,,,,
2000 Summer Olympics,Male,Robert•Costello,Robert•Costello,"26 July 1965 in Beverly, Massachusetts (USA)",,United States,90744,178 cm / 66 kg,,,,,,,
1956 Summer Olympics,Male,"Arthur Matthew ""Art""•Longsjo, Jr.","Art•Longsjo, Jr.","23 October 1931 in Fitchburg, Massachusetts (USA)","16 September 1958 in Burlington, Vermont (USA)",United States,91901,,Leominster Recreation Club,,,,,,
2000 Summer Olympics; 2004 Summer Olympics,Female,Hilary S.•Gehman,Hilary•Gehman,"15 August 1971 in Shirley, Massachusetts (USA)",,United States,92718,172 cm / 70 kg,Princeton Training Centre,,,,,,
2000 Summer Olympics,Female,Carol Ann•Skricki,Carol•Skricki,"27 July 1962 in Norwood, Massachusetts (USA)",,United States,92735,188 cm / 82 kg,Augusta Training Center,,,,,,
2000 Summer Olympics,Male,"William ""Bill""•Demarest",Bill•Demarest,"20 December 1964 in Worcester, Massachusetts (USA)",,United States,93177,175 cm / 72 kg,,,,,,,
2000 Summer Olympics,Male,"Kenneth Alden ""Ken""•Johnson",Ken•Johnson,"24 November 1968 in Marshfield, Massachusetts (USA)",,United States,93183,175 cm / 77 kg,,,,,,,
2000 Summer Olympics,Female,Melissa Susan•Mulloy (-Mecozzi),Melissa•Mulloy,"16 March 1978 in Danvers, Massachusetts (USA)",,United States,93186,163 cm / 58 kg,,,,,,,
2000 Summer Olympics; 2004 Summer Olympics; 2008 Summer Olympics,Male,Erik K.•Vendt,Erik•Vendt,"9 January 1981 in Wellesley, Massachusetts (USA)",,United States,93864,180 cm / 75 kg,"Ocean State Squids, Providence/Club Wolverine",,,,,,
2000 Summer Olympics,Female,"Samantha ""Sam""•Arsenault (-Livingstone)",Sam•Arsenault,"11 October 1981 in Peabody, Massachusetts (USA)",,United States,93868,178 cm / 69 kg,"Athens Bulldog Swim Club, Hull, Georgia (USA)",,,,,,
2004 Summer Olympics,Female,Alexandra•Kavvada,Alexandra•Kavvada,"1 August 1983 in Boston, Massachusetts (USA)",,Greece,102636,168 cm / 67 kg,"FC Greater Boston, Boston (USA)",,,,,Αλεξάνδρα•Καββαδά,
2004 Summer Olympics,Male,"Jonathon P. ""Jon""•Riley",Jon•Riley,"29 December 1978 in Brookline, Massachusetts (USA)",,United States,106580,173 cm / 68 kg,"Nike, Beaverton (USA)",,,,,,
2004 Summer Olympics,Male,Peter•Wylde,Peter•Wylde,"30 July 1965 in Boston, Massachusetts (USA)",,United States,107016,182 cm / 74 kg,,,,,,,
2004 Summer Olympics,Female,Kate•O'Neill (-Tenforde),Kate•O'Neill,"29 July 1980 in Mitton, Massachusetts (USA)",,United States,107756,162 cm / 49 kg,"Nike, Beaverton (USA)",,,,,,
2004 Summer Olympics,Male,Peter Francis•Soteropoulos,Peter•Soteropoulos,"5 August 1981 in Danvers, Massachusetts (USA)",,Greece,108320,186 cm / 93 kg,"Peoria Chiefs, Peoria (USA)",,,,,,
2008 Summer Olympics; 2012 Summer Olympics,Male,"Wesley ""Wes""•Piermarini",Wes•Piermarini,"19 November 1982 in Northampton, Massachusetts (USA)",,United States,112384,191 cm / 93 kg,"California Rowing Club, Oakland (USA)",,,,,,
2008 Summer Olympics; 2012 Summer Olympics,Male,Elliot Meyer•Hovey,Elliot•Hovey,"17 February 1983 in Boston, Massachusetts (USA)",,United States,112385,185 cm / 93 kg,California Rowing Club / US Rowing Training Center,,,,,,
2008 Summer Olympics,Female,Dina•Rizzo,Dina•Rizzo,"24 March 1980 in Boston, Massachusetts (USA)",,United States,114051,165 cm / 59 kg,,,,,,,
2008 Summer Olympics,Female,Kelly•Doton,Kelly•Doton,"2 February 1982 in Greenfield, Massachusetts (USA)",,United States,114059,165 cm / 66 kg,,,,,,,
2008 Summer Olympics,Female,"Katherine ""Kate""•Hooven",Kate•Hooven,"3 January 1985 in Newton, Massachusetts (USA)",,United States,116156,173 cm / 66 kg,"Santa Clara Aquamaids, Santa Clara (USA)",,,,,,
2008 Summer Olympics,Male,Jarrod•Shoemaker,Jarrod•Shoemaker,"17 July 1982 in Concord, Massachusetts (USA)",,United States,116225,178 cm / 67 kg,,,,,,,
2008 Summer Olympics,Male,Stephen•Scherer,Stephen•Scherer,"22 February 1989 in Billerica, Massachusetts (USA)","3 October 2010 in Fort Worth, Texas (USA)",United States,117293,183 cm / 66 kg,,,,,,,
2008 Summer Olympics; 2012 Summer Olympics; 2016 Summer Olympics; 2024 Summer Olympics,Male,Keith•Sanderson,Keith•Sanderson,"2 February 1975 in Plymouth, Massachusetts (USA)",,United States,117348,183 cm / 95 kg,"US Army Marksmanship Unit, Fort Benning, Georgia (USA)",,,,,,
2008 Summer Olympics,Female,Asunción•Ocasio Rodríguez,Asunción•Ocasio,"6 June 1987 in Boston, Massachusetts (USA)",,Puerto Rico,117389,175 cm / 66 kg,,,,,,,
2008 Summer Olympics,Female,Alicia Marie•Sacramone (-Quinn),Alicia•Sacramone,"3 December 1987 in Boston, Massachusetts (USA)",,United States,117652,155 cm / 53 kg,Brestyans,A-Sac,,,,,
2008 Summer Olympics; 2012 Summer Olympics; 2016 Summer Olympics; 2020 Summer Olympics; 2024 Summer Olympics,Male,"Stuart ""Stu""•McNay",Stu•McNay,"1 August 1981 in Boston, Massachusetts (USA)",,United States,117861,171 cm / 65 kg,"Beverly Yacht Club, Marion (USA)",,,,,,
2012 Summer Olympics,Male,"Samuel Alexis ""Sam""•Vázquez",Sam•Vázquez,"3 May 1984 in Leominster, Massachusetts (USA)",,Puerto Rico,124630,59 kg,,,,,,,
2012 Summer Olympics; 2016 Summer Olympics,Female,Dorian María Grayce•McMenemy Taylor,Dorian•McMenemy,"28 October 1996 in Worcester, Massachusetts (USA)",,Dominican Republic,125417,185 cm / 70 kg,,,,,,,
2012 Summer Olympics; 2016 Summer Olympics; 2020 Summer Olympics,Female,"Genevra Lea ""Gevvie""•Stone",Gevvie•Stone,"11 July 1985 in Boston, Massachusetts (USA)",,United States,126550,183 cm / 71 kg,"Cambridge Boat Club, Cambridge (USA)",,,,,,
2012 Summer Olympics,Male,"William ""Will""•Miller",Will•Miller,"13 June 1984 in Boston, Massachusetts (USA)",,United States,126585,196 cm / 93 kg,"California Rowing Club, Oakland (USA)",,,,,,
2012 Summer Olympics,Male,"William ""Will""•Newell",Will•Newell,"5 October 1988 in Boston, Massachusetts (USA)",,United States,126591,188 cm / 70 kg,,,,,,,
2012 Summer Olympics,Female,Shelley•Olds (-Evans-),Shelley•Olds,"30 September 1980 in Concord, Massachusetts (USA)",,United States,126596,157 cm / 55 kg,"AA Drink Cycling Team, (NED)",,,,,,
2012 Summer Olympics,Male,Trevor Walton•Moore,Trevor•Moore,"13 August 1984 in Quincy, Massachusetts (USA)","25 June 2015 in Biscayne Bay, near Miami, Florida (USA)",United States,126752,188 cm / 84 kg,"New York Yacht Club, New York (USA)",,,,,,
2012 Summer Olympics; 2016 Summer Olympics,Female,"Alexandra Rose ""Aly""•Raisman",Aly•Raisman,"25 May 1994 in Boston, Massachusetts (USA)",,United States,126759,157 cm / 52 kg,Brestyan's American Gymnastics,,,,,,
2012 Summer Olympics,Female,Kristin•Hedstrom,Kristin•Hedstrom,"14 May 1986 in Boston, Massachusetts (USA)",,United States,126772,168 cm / 56 kg,"California Rowing Club, Oakland (USA)",,,,,,
2012 Summer Olympics,Female,Ifeoma Nnenna•Dieke,Ifeoma•Dieke,"25 February 1981 in Amherst, Massachusetts (USA)",,Great Britain,126987,165 cm / 63 kg,"Vittsjö GIK, Vittsjö, Hässleholm (SWE)",,,,,,
2016 Summer Olympics,Female,Houry•Gebeshian,Houry•Gebeshian,"27 July 1989 in Cambridge, Massachusetts (USA)",,Armenia,128933,152 cm / 48 kg,Gymnastics World USA),,,,,Հուրի•Գեբեշյան,
2016 Summer Olympics; 2020 Summer Olympics,Female,Leah•Nugent,Leah•Nugent,"23 November 1992 in Abington, Massachusetts (USA)",,Jamaica,130725,173 cm / 66 kg,"University of Kentucky, USA",,,,,,
2016 Summer Olympics,Female,"Abigail ""Abbey""•D'Agostino (-Cooper)",Abbey•D'Agostino,"25 May 1992 in Boston, Massachusetts (USA)",,United States,132011,160 cm / 50 kg,New Balance Boston,,,,,,
2016 Summer Olympics,Female,Victoria•Folayan,Victoria•Folayan,"27 May 1985 in Boston, Massachusetts (USA)",,United States,132128,165 cm / 73 kg,,,,,,,
2016 Summer Olympics; 2020 Summer Olympics,Male,"Michael ""Mike""•Hixon",Mike•Hixon,"16 July 1994 in Amherst, Massachusetts (USA)",,United States,136298,173 cm / 68 kg,"TriSynerG Diving Academy / Indiana Hoosiers [Bloomington, IN, USA]",,,,,,
2016 Summer Olympics; 2020 Summer Olympics; 2024 Summer Olympics,Male,Eli•Dershwitz,Eli•Dershwitz,"23 September 1995 in Boston, Massachusetts (USA)",,United States,136303,185 cm / 77 kg,"Zeta Fencing, Natick, MA",,,,,,
2016 Summer Olympics; 2020 Summer Olympics,Male,Austin•Hack,Austin•Hack,"17 May 1992 in Springfield, Massachusetts (USA)",,United States,136329,203 cm / 100 kg,"US Rowing Training Center - Princeton [Princeton, NJ, USA]",,,,,,
2016 Summer Olympics,Male,Michael•DiSanto,Michael•DiSanto,"10 December 1989 in Boston, Massachusetts (USA)",,United States,136334,185 cm / 91 kg,,,,,,,
2020 Summer Olympics,Female,Sophia•Popov,Sophia•Popov,"2 October 1992 in Framingham, Massachusetts (USA)",,Germany,143292,170 cm,,,,,,,
2020 Summer Olympics,Male,Niklas•Bosserhoff,Niklas•Bosserhoff,"15 April 1998 in Boston, Massachusetts (USA)",,Germany,143448,,,,,,,,
2020 Summer Olympics,Male,"Benjamin ""Ben""•Wanger",Ben•Wanger,"7 April 1997 in Newton, Massachusetts (USA)",,Israel,143963,190 cm,,,,,,,
2020 Summer Olympics,Male,Jake Layton•Fishman,Jake•Fishman,"8 February 1995 in Sharon, Massachusetts (USA)",,Israel,143967,195 cm,"Jacksonville Jumbo Shrimp, Jacksonville (USA)",,,,,,
2020 Summer Olympics,Female,Heather Michele Delia•MacLean,Heather•MacLean,"31 August 1995 in Melrose, Massachusetts (USA)",,United States,147110,,,,,,,,
2020 Summer Olympics,Female,Rashida Shakilya Quante•Ellis,Rashida•Ellis,"4 June 1995 in Boston, Massachusetts (USA)",,United States,147152,,,,,,,,
2020 Summer Olympics,Female,"Kristen Anne ""Kristie""•Mewis",Kristie•Mewis,"25 February 1991 in Weymouth, Massachusetts (USA)",,United States,147184,175 cm,,,,,,,
2020 Summer Olympics,Female,Gia•Doonan,Gia•Doonan,"30 June 1994 in Rochester, Massachusetts (USA)",,United States,147221,183 cm / 78 kg,,,,,,,
2020 Summer Olympics,Female,Lindi•Schroeder,Lindi•Schroeder,"22 September 2001 in Boston, Massachusetts (USA)",,United States,147265,173 cm,,,,,,,
2020 Summer Olympics,Male,Andrew•Reed,Andrew•Reed,"19 December 1991 in Worcester, Massachusetts (USA)",,United States,147437,191 cm / 89 kg,,,,,,,
2020 Summer Olympics,Male,John Conor•Harrity,Conor•Harrity,"3 September 1994 in Boston, Massachusetts (USA)",,United States,147441,193 cm / 94 kg,,,,,,,
2024 Summer Olympics,Male,"Frederick Nathaniel ""Fred""•Richard",Fred•Richard,"23 April 2004 in Stoughton, Massachusetts (USA)",,United States,152719,,University of Michigan,,,,,,
2024 Summer Olympics,Male,Stephen John•Nedoroscik,Stephen•Nedoroscik,"28 October 1998 in Worcester, Massachusetts (USA)",,United States,152721,,,,,,,,
2024 Summer Olympics,Female,Ruby•Remati,Ruby•Remati,"14 August 2002 in Andover, Massachusetts (USA)",,United States,154888,,The Ohio State University,,,,,,
2024 Summer Olympics,Female,Jennie•Gai,Jennie•Gai,"25 February 2001 in Lowell, Massachusetts (USA)",,United States,2506192,175 cm / 70 kg,,,,,,,
2024 Summer Olympics,Male,Miles Gordon•Robinson,Miles•Robinson,"14 March 1997 in Arlington, Massachusetts (USA)",,United States,152452,187 cm / 84 kg,"FC Cincinnati, Cincinnati (USA)",,,,,,
2024 Summer Olympics,Female,"Alexandra ""Ally""•Hammel",Ally•Hammel,"16 June 1996 in Duxbury, Massachusetts (USA)",,United States,153168,,Boston University,,,,,,
2024 Summer Olympics,Male,Henry•Hollingsworth,Henry•Hollingsworth,"5 September 1997 in Dover, Massachusetts (USA)",,United States,153870,,Brown University,,,,,,
2024 Summer Olympics,Female,"Mary ""Daisy""•Mazzio-Manson",Daisy•Mazzio-Manson,"1 February 1998 in Wellesley, Massachusetts (USA)",,United States,153855,,Yale University,,,,,,
2024 Summer Olympics,Female,Margaret•Hedeman,Margaret•Hedeman,"1 September 2000 in Concord, Massachusetts (USA)",,United States,153861,,Yale University,,,,,,
2024 Summer Olympics,Female,Ada Claudia•Korkhin,Ada•Korkhin,"24 November 2004 in Brookline, Massachusetts (USA)",,United States,154234,,The Ohio State University,,,,,,
2024 Summer Olympics,Female,Kirsten•Kasper,Kirsten•Kasper,"31 August 1991 in North Andover, Massachusetts (USA)",,United States,155099,,North Andover High School,,,,,,
