Games,Sex,Full name,Used name,Born,Died,NOC,athlete_id,Measurements,Affiliations,Nick/petnames,Title(s),Other names,Nationality,Original name,Name order
1988 Summer Olympics,Male,"Kenneth Eliot ""Ken""•Flach",Ken•Flach,"24 May 1963 in St. Louis, Missouri (USA)","12 March 2018 in San Francisco, California (USA)",United States,2759,185 cm / 75 kg,,,,,,,
1964 Summer Olympics,Male,"William Warren ""Bill""•Bradley",Bill•Bradley,"28 July 1943 in Crystal City, Missouri (USA)",,United States,5780,196 cm / 93 kg,"Princeton Tigers, Princeton (USA)",,,,,,
1968 Summer Olympics,Male,"Donald Francis ""Don""•Dee",Don•Dee,"9 August 1943 in Booneville, Missouri (USA)","26 November 2014 in North Kansas City, Missouri (USA)",United States,5982,201 cm / 93 kg,"St. Mary of the Plains College, Dodge City (USA)",,,,,,
1948 Summer Olympics; 1952 Summer Olympics,Male,"Robert Albert ""Bob""•Kurland",Bob•Kurland,"23 December 1924 in St. Louis, Missouri (USA)","29 September 2013 in Sanibel Island, Florida (USA)",United States,6463,213 cm / 100 kg,"Phillips 66ers, Bartlesville (USA)",Foothills,,,,,
1952 Summer Olympics,Male,Dan Luther•Pippin,Dan•Pippin,"20 October 1926 in St. Louis, Missouri (USA)","1 April 1965 in McCredie Township, Missouri (USA)",United States,6873,185 cm / 77 kg,"Peoria Caterpillars, Peoria (USA)",,,,,,
1948 Summer Olympics,Male,"Kenneth Herman ""Kenny""•Rollins",Kenny•Rollins,"14 September 1923 in Charleston, Missouri (USA)","9 October 2012 in Greencastle, Indiana (USA)",United States,6988,183 cm / 79 kg,"Kentucky Wildcats, Lexington (USA)",,,,,,
1968 Summer Olympics,Male,"Joseph Henry ""Jo-Jo""•White",Jo-Jo•White,"16 November 1946 in St. Louis, Missouri (USA)","16 January 2018 in Boston, Massachusetts (USA)",United States,7355,191 cm / 89 kg,"Kansas Jayhawks, Lawrence (USA)",,,,,,
1984 Summer Olympics,Male,Virgil Eugene•Hill,Virgil•Hill,"18 January 1964 in Clinton, Missouri (USA)",,United States,8692,183 cm / 75 kg,Williston Boxing Club,Quicksilver,,,,,
1948 Summer Olympics,Male,Washington•Jones,Washington•Jones,"14 July 1925 in St. Louis, Missouri (USA)","9 November 1987 in St. Louis, Missouri (USA)",United States,8705,,"US Air Force, (USA)",,,,,,
1956 Summer Olympics,Male,"Joseph ""Joe""•Shaw",Joe•Shaw,"11 August 1938 in St. Louis, Missouri (USA)","19 December 2005 in Charleston, South Carolina (USA)",United States,8771,175 cm / 64 kg,,Buzz,,,,,
1976 Summer Olympics,Male,"Leonard ""Leon""•Spinks, Jr.",Leon•Spinks,"11 July 1953 in St. Louis, Missouri (USA)","5 February 2021 in Henderson, Nevada (USA)",United States,8778,183 cm / 81 kg,,Neon Leon,,,,,
1976 Summer Olympics,Male,Michael•Spinks,Michael•Spinks,"22 July 1956 in St. Louis, Missouri (USA)",,United States,8779,188 cm / 75 kg,,Jinx,,,,,
1924 Summer Olympics,Male,"Frederic Holdredge•Bontecou, Sr.",Frederic•Bontecou,"30 November 1893 in Kansas City, Missouri (USA)","17 September 1959 in Millbrook, New York (USA)",United States,11647,,"US Army, (USA)",,,,,,
1924 Summer Olympics; 1928 Summer Olympics,Male,Frank Leslie•Carr,Frank•Carr,"26 September 1893 in Savannah, Missouri (USA)","4 September 1981 in San Carlos, California (USA)",United States,11732,,"US Army, (USA)",,,,,,
1960 Summer Olympics,Male,David Vernon•Lurie,David•Lurie,"18 November 1939 in St. Louis, Missouri (USA)",,United States,12345,171 cm / 65 kg,,,,,,,
1928 Summer Olympics,Male,"Adolphus Worrell•Roffe, Sr.",Adolphus•Roffe,"6 November 1890 in Independence, Missouri (USA)","31 December 1968 in Houston, Missouri (USA)",United States,12635,,"US Army, (USA)",,,,,,
1952 Summer Olympics; 1960 Summer Olympics,Male,"Walter Goodwin•Staley, Jr.",Walter•Staley,"20 October 1932 in St. Louis, Missouri (USA)","10 October 2010 in Mexico, Missouri (USA)",United States,12781,185 cm / 70 kg,Olympians,,,,,,
1956 Summer Olympics,Male,"Joseph Harry ""Joe""•Becker",Joe•Becker,"14 September 1931 in St. Louis, Missouri (USA)","11 June 2014 in Naples, Florida (USA)",United States,13546,176 cm / 69 kg,"St. Louis Cycling Club, St. Louis (USA)",,,,,,
1924 Summer Olympics,Male,John Said•Boulicault,John•Boulicault,"27 June 1906 in St. Louis, Missouri (USA)","11 July 1985 in Sparks, Nevada (USA)",United States,13663,,"St. Louis Cycling Club, St. Louis (USA)",,,,,,
1968 Summer Olympics; 1972 Summer Olympics; 1976 Summer Olympics,Male,John Kennedy•Howard,John•Howard,"16 August 1947 in Springfield, Missouri (USA)",,United States,14795,187 cm / 73 kg,Indy USA/Cool Gear-Exxon,,,,,,
1948 Summer Olympics,Male,"Alfred Chester•Nelsen, Jr.","Chester•Nelsen, Jr.","2 August 1922 in St. Louis, Missouri (USA)","25 December 2018 in Elsberry, Missouri (USA)",United States,15830,,"St. Louis Cycling Club, St. Louis (USA)",,,,,,
1964 Summer Olympics,Male,"Donald Robert ""Don""•Nelsen",Don•Nelsen,"4 September 1944 in St. Louis, Missouri (USA)",,United States,15831,173 cm / 66 kg,"St. Louis Cycling Club, St. Louis (USA)",,,,,,
1956 Summer Olympics,Male,"Erhard M. ""Butch""•Neumann",Butch•Neumann,"1 September 1932 in St. Louis, Missouri (USA)","28 January 2002 in Draper, Utah (USA)",United States,15844,183 cm / 77 kg,"St. Louis Cycling Club, St. Louis (USA)",Butch,,,,,
1992 Summer Olympics,Male,"James Howard ""Jim""•Pollak",Jim•Pollak,"6 October 1963 in St. Louis, Missouri (USA)",,United States,16172,178 cm / 71 kg,,,,,,,
1976 Summer Olympics,Male,Marc Courtney•Thompson,Marc•Thompson,"27 June 1953 in Kansas City, Missouri (USA)",,United States,16837,183 cm / 72 kg,SRC/Michaels,,,,,,
1956 Summer Olympics,Male,George Edward•Van Meter,George•Van Meter,"23 August 1932 in St. Louis, Missouri (USA)","15 November 2007 in Bakersfield, California (USA)",United States,17012,183 cm / 82 kg,"St. Louis Cycling Club, St. Louis (USA)",,,,,,
1988 Summer Olympics,Female,Mary Elizabeth•Koboldt,Mary•Koboldt,"18 March 1964 in St. Louis, Missouri (USA)",,United States,20352,160 cm / 54 kg,,,,,,,
1924 Summer Olympics,Male,Burke (Macdonald Osborne-)•Boyce,Burke•Boyce,"19 June 1901 in St. Louis, Missouri (USA)","15 December 1969 in Flagstaff, Arizona (USA)",United States,23664,,,,,,,,
1972 Summer Olympics,Male,Martin Jay•Davis,Martin•Davis,"7 September 1937 in St. Louis, Missouri (USA)","10 January 2022 in Zeeland, Noord-Brabant (NED)",United States,23688,177 cm / 68 kg,"Salle Csiszar, Philadelphia (USA)",,,,,,
1984 Summer Olympics; 1988 Summer Olympics,Male,"John Albert ""Johnny""•Moreau",John•Moreau,"10 April 1951 in Kansas City, Missouri (USA)",,United States,23762,175 cm / 66 kg,U.S. Modern Pentathlon Training Center,"""Johnny""",,,,,
1932 Summer Olympics,Male,Richard Clarke•Steere,Richard•Steere,"5 March 1909 in Kansas City, Missouri (USA)","17 March 2001 in Lanham, Maryland (USA)",United States,23802,,"US Navy, (USA)",,,,,,
1976 Summer Olympics; 1984 Summer Olympics; 1988 Summer Olympics; 1992 Summer Olympics; 1996 Summer Olympics,Male,Peter Jonathan•Westbrook,Peter•Westbrook,"16 April 1952 in St. Louis, Missouri (USA)",,United States,23819,175 cm / 73 kg,"Fencers Club, New York (USA)",,,,,,
1948 Summer Olympics,Male,"Raymond Paul ""Ray""•Beckman",Ray•Beckman,"30 June 1925 in St. Louis, Missouri (USA)","13 July 2011 in Ellisville, Missouri (USA)",United States,27696,,"De Andries FC, St. Louis (USA)",,,,,,
1948 Summer Olympics,Male,"William Joseph ""Bill""•Bertani",Bill•Bertani,"8 September 1919 in St. Louis, Missouri (USA)","12 December 1988 in Fulton, Missouri (USA)",United States,27697,,"St. Louis Simpkins-Ford, St. Louis (USA)",,,,,,
1984 Summer Olympics,Male,David Joseph•Brcic,David•Brcic,"21 January 1958 in St. Louis, Missouri (USA)",,United States,27702,188 cm / 85 kg,"New York Cosmos, New York (USA)",,,,,,
1952 Summer Olympics,Male,Robert Leland•Burkard,Robert•Burkard,"23 March 1922 in St. Louis, Missouri (USA)","13 May 1992 in St. Louis, Missouri (USA)",United States,27707,,"St. Louis Kutis, St. Louis (USA)",,,,,,
1972 Summer Olympics,Male,John Robert•Carenza,John•Carenza,"3 January 1950 in St. Louis, Missouri (USA)","17 March 2023 in St. Louis, Missouri (USA)",United States,27710,193 cm / 95 kg,"Our Lady of Sorrows, St. Louis (USA)",Big Jake,,,,,
1948 Summer Olympics; 1952 Summer Olympics,Male,"Charles Martin ""Charlie""•Colombo",Charlie•Colombo,"20 July 1920 in St. Louis, Missouri (USA)","7 May 1986 in St. Louis, Missouri (USA)",United States,27711,180 cm / 77 kg,"St. Louis Simpkins-Ford, St. Louis (USA)",Gloves,,,,,
1952 Summer Olympics,Male,"Elwood Eugene ""Butch""•Cook",Butch•Cook,"12 January 1929 in St. Louis, Missouri (USA)","27 October 1994 in Los Angeles, California (USA)",United States,27713,,St. Louis Spicas,,,,,,
1972 Summer Olympics,Male,"Arthur Michael ""Art""•Demling",Art•Demling,"21 September 1948 in St. Louis, Missouri (USA)",,United States,27727,181 cm / 80 kg,"Michigan State Spartans, East Lansing (USA)",Buzz,,,,,
1972 Summer Olympics,Male,"Joseph Patrick ""Joe""•Hamm",Joe•Hamm,"1 November 1950 in St. Louis, Missouri (USA)",,United States,27750,180 cm / 75 kg,St. Louis University,,,,,,
1952 Summer Olympics; 1956 Summer Olympics,Male,Harry Joseph•Keough,Harry•Keough,"15 November 1927 in St. Louis, Missouri (USA)","7 February 2012 in St. Louis, Missouri (USA)",United States,27771,175 cm / 77 kg,"St. Louis Soccer Club, St. Louis (USA)",,,,,,
1956 Summer Olympics,Male,"William Edward ""Bill""•Looby",Bill•Looby,"20 November 1931 in St. Louis, Missouri (USA)","9 December 1998 in St. Louis, Missouri (USA)",United States,27780,180 cm / 73 kg,"St. Louis Kutis, St. Louis (USA)",,,,,,
1972 Summer Olympics,Male,"Michael Joseph ""Mike""•Margulis",Mike•Margulis,"30 August 1950 in St. Louis, Missouri (USA)",15 September 2018,United States,27784,172 cm / 70 kg,Busch Soccer Club,,,,,,
1952 Summer Olympics,Male,"Edward Joseph•McHugh, Jr.",Edward•McHugh,"9 June 1930 in St. Louis, Missouri (USA)",2 October 2016,United States,27786,,Simpkins Football Club,Ebby,,,,,
1996 Summer Olympics,Male,"Matthew John ""Matt""•McKeon",Matt•McKeon,"24 September 1974 in St. Louis, Missouri (USA)",,United States,27787,188 cm / 89 kg,"Sporting Kansas City, Kansas City (USA)",,,,,,
1952 Summer Olympics; 1956 Summer Olympics,Male,Ruben Michael•Mendoza,Ruben•Mendoza,"2 June 1931 in St. Louis, Missouri (USA)","11 April 2010 in St. Louis, Missouri (USA)",United States,27789,175 cm / 70 kg,"St. Louis Kutis, St. Louis (USA)",,,,,,
1984 Summer Olympics,Male,"Stephen Carl ""Steve""•Moyers",Steve•Moyers,"23 September 1956 in St. Louis, Missouri (USA)",,United States,27794,177 cm / 75 kg,"New York Cosmos, New York (USA)",,,,,,
1972 Summer Olympics,Male,"Michael Kevin ""Mike""•Seerey",Mike•Seerey,"23 October 1950 in St. Louis, Missouri (USA)",,United States,27817,183 cm / 80 kg,Big Four Soccer Club,,,,,,
1972 Summer Olympics,Male,"Alan Philip ""Al""•Trost",Al•Trost,"7 February 1949 in St. Louis, Missouri (USA)",,United States,27833,186 cm / 77 kg,Ham's Soccer Club,,,,,,
1956 Summer Olympics,Male,Herman William•Wecke,Herman•Wecke,"10 March 1927 in St. Louis, Missouri (USA)",19 November 2015,United States,27838,170 cm / 66 kg,"St. Louis Kutis, St. Louis (USA)",,,,,,
1992 Summer Olympics; 1996 Summer Olympics,Female,"Shannon Lee•Miller (-Phillips, -Falconetti)",Shannon•Miller,"10 March 1977 in Rolla, Missouri (USA)",,United States,29266,147 cm / 39 kg,"Dynamo Gymnastics, Norman (USA)",,,,,,
1988 Summer Olympics,Male,Charles•Lakes,Charles•Lakes,"6 August 1964 in St. Louis, Missouri (USA)",,United States,31372,172 cm / 70 kg,,,,,,,
1984 Summer Olympics,Female,"Mary Phyllis ""Mary Phyl""•Dwight",Mary Phyl•Dwight,"3 December 1951 in Kansas City, Missouri (USA)",,United States,32931,169 cm / 69 kg,"National Team, (USA)",Phyl,,,,,
1948 Summer Olympics,Male,George Bissland•Moore,George•Moore,"6 October 1918 in St. Louis, Missouri (USA)",4 July 2014,United States,35161,,"US Army, (USA)",,,,,,
1956 Summer Olympics,Male,William Russell•Becklean,William•Becklean,"23 June 1936 in Kansas City, Missouri (USA)",,United States,40548,172 cm / 57 kg,"Yale Bulldogs, New Haven (USA)",Beck,,,,,
1984 Summer Olympics,Male,David Robert•Clark,David•Clark,"17 November 1959 in St. Louis, Missouri (USA)",,United States,40586,193 cm / 93 kg,Land Locked Rowing Club,,,,,,
1996 Summer Olympics; 2000 Summer Olympics,Male,Eric C.•Mueller,Eric•Mueller,"6 November 1970 in Kansas City, Missouri (USA)",,United States,40808,200 cm / 102 kg,Princeton Training Centre,,,,,,
1952 Summer Olympics,Male,"Edward Glenister ""Ed""•Stevens, Jr.",Ed•Stevens,"15 September 1932 in St. Louis, Missouri (USA)","9 June 2013 in Tucson, Arizona (USA)",United States,40888,,,,,,,,
1948 Summer Olympics,Male,"Festus John•Wade, III",John•Wade,"13 August 1928 in St. Louis, Missouri (USA)","13 December 2023 in Memphis, Tennessee (USA)",United States,40919,,"Yale Bulldogs, New Haven (USA)",,,,,,
1964 Summer Olympics; 1968 Summer Olympics; 1976 Summer Olympics,Male,"Harold A. ""Harry""•Willsie",Harry•Willsie,"20 December 1928 in Jacksonville, Missouri (USA)","3 January 2003 in Lake Worth, Florida (USA)",Canada,41550,174 cm / 80 kg,,,,,,,
1932 Summer Olympics,Male,Luther Kendrick•Roberts,Luther•Roberts,"30 June 1902 in Nevada, Missouri (USA)","3 August 1972 in Escondido, California (USA)",United States,44744,,,,,,,,
1968 Summer Olympics,Female,Ann Stewart•Peterson,Ann•Peterson,"16 June 1947 in Kansas City, Missouri (USA)",,United States,51152,160 cm / 52 kg,Dick Smith Swim Gym,,,,,,
1992 Summer Olympics,Female,"Elizabeth Jane ""Janie""•Wagstaff",Janie•Wagstaff,"22 July 1974 in Kansas City, Missouri (USA)",,United States,51227,180 cm / 66 kg,,,,,,,
1984 Summer Olympics; 1988 Summer Olympics; 1992 Summer Olympics,Male,"Thomas Michael ""Tom""•Jager",Tom•Jager,"6 October 1964 in East St. Louis, Missouri (USA)",,United States,51417,190 cm / 82 kg,"UCLA Bruins, Los Angeles (USA)",,,,,,
1936 Summer Olympics,Male,Marshall•Wayne,Marshall•Wayne,"25 May 1912 in St. Louis, Missouri (USA)","16 June 1999 in Hendersonville, North Carolina (USA)",United States,51609,,"Biltmore AC, Miami (USA)",,,,,,
1992 Summer Olympics; 1996 Summer Olympics,Female,Lori Ann•Endicott (-Vandersnick),Lori•Endicott,"1 August 1967 in Kansas City, Missouri (USA)",,United States,53231,175 cm / 69 kg,"Nebraska Cornhuskers, Lincoln (USA)",,,,,,
1984 Summer Olympics,Male,"Steven Edward ""Steve""•Salmons",Steve•Salmons,"3 July 1958 in Saint Joseph, Missouri (USA)",,United States,53314,193 cm / 93 kg,,,,,,,
1924 Summer Olympics,Male,Oliver A.•Horn,Oliver•Horn,"22 June 1901 in St. Louis, Missouri (USA)","10 October 1960 in Grosse Ile Township, Michigan (USA)",United States,54932,178 cm,"Illinois AC, Chicago (USA)",,,,,,
1992 Summer Olympics; 1996 Summer Olympics,Male,"Wesley T. ""Wes""•Barnett",Wes•Barnett,"10 April 1970 in Saint Joseph, Missouri (USA)",,United States,56952,185 cm / 108 kg,Wesley Weightlifters,,,,,,
1996 Summer Olympics,Male,Peter Ray•Kelley,Peter•Kelley,"9 May 1974 in Saint Joseph, Missouri (USA)",,United States,56993,172 cm / 99 kg,Wesley Weightlifters,,,,,,
1932 Summer Olympics,Male,"Robert Edward ""Bob""•Pearce",Bob•Pearce,"29 February 1908 in Wyaconda, Missouri (USA)","15 March 1996 in Lloydminster, Alberta / Saskatchewan (CAN)",United States,60728,,"Oklahoma State Cowboys, Stillwater (USA)",,,,,,
1976 Summer Olympics,Male,"Arthur Lincoln ""Art""•Andrew",Art•Andrew,"12 June 1931 in St. Louis, Missouri (USA)","10 August 2012 in ?, St. Thomas (ISV)",United States Virgin Islands,61178,178 cm / 84 kg,"St. Thomas Yacht Club, (ISV)",,,,,,
1988 Summer Olympics; 1992 Summer Olympics; 1996 Summer Olympics,Male,"Harold H. ""Hal""•Haenel",Hal•Haenel,"18 October 1958 in St. Louis, Missouri (USA)",,United States,62242,190 cm / 111 kg,"California Yacht Club, Los Angeles (USA)",Hollywood Hal,,,,,
1964 Summer Olympics; 1968 Summer Olympics,Male,Lowell Orton•North,Lowell•North,"2 December 1929 in Springfield, Missouri (USA)","2 June 2019 in San Diego, California (USA)",United States,63141,183 cm / 82 kg,"San Diego Yacht Club, San Diego (USA) / California Golden Bears, Berkeley (USA)",,,,,,
1972 Summer Olympics,Female,"Judith Ann ""Judy""•Vernon (Toeneboehn-)",Judy•Vernon,"25 September 1945 in St. Louis, Missouri (USA)",,Great Britain,68804,170 cm / 60 kg,"Mitcham AC, Sutton (GBR)",,,,,,
1996 Summer Olympics,Female,Valeyta Roi•Althouse,Valeyta•Althouse,"7 January 1974 in Moberly, Missouri (USA)",,United States,77744,175 cm / 102 kg,Reebok Bruins,,,,,,
1936 Summer Olympics,Female,Harriet Claiborne•Bland (-Green),Harriet•Bland,"13 February 1915 in St. Louis, Missouri (USA)","6 November 1991 in Fort Worth, Texas (USA)",United States,77760,163 cm / 50 kg,"St. Louis Athletic Club, St. Louis (USA)",,,,,,
1928 Summer Olympics,Female,"Delores Halpin ""Dee""•Boeckmann",Dee•Boeckmann,"9 November 1906 in St. Louis, Missouri (USA)","25 April 1989 in Creve Coeur, Missouri (USA)",United States,77761,173 cm / 54 kg,"Headlight AC, St. Louis (USA)",,,,,,
1984 Summer Olympics,Female,Joan Elizabeth•Hansen,Joan•Hansen,"18 July 1958 in Kansas City, Missouri (USA)",,United States,77855,164 cm / 45 kg,"Athletics West, Eugene (USA)",,,,,,
1932 Summer Olympics,Female,Ruth Irene•Osburn,Ruth•Osburn,"24 April 1912 in Shelbyville, Missouri (USA)","8 January 1994 in Tucson, Arizona (USA)",United States,77931,170 cm / 59 kg,,,,,,,
1984 Summer Olympics,Female,"Pamela Jo ""Pam""•Page",Pam•Page,"12 February 1958 in St. Louis, Missouri (USA)",,United States,77932,168 cm / 59 kg,"Puma and Energizer Track Club, Santa Monica (USA)",,,,,,
1936 Summer Olympics,Female,Helen Herring•Stephens,Helen•Stephens,"3 February 1918 in Fulton, Missouri (USA)","17 January 1994 in St. Louis, Missouri (USA)",United States,77976,182 cm / 70 kg,"WWU Owls, Fulton (USA)",The Fulton Flash,,,,,
1996 Summer Olympics,Female,"Condinitha ""Connie""•Teaberry (-Lindsey)",Connie•Teaberry,"15 August 1970 in St. Louis, Missouri (USA)",,United States,77983,179 cm / 76 kg,"Goldwin Track Club, Boulder (USA)",,,,,,
1984 Summer Olympics,Female,"Angela Elizabeth ""Angie""•Thacker",Angie•Thacker,"27 June 1964 in St. Louis, Missouri (USA)",,United States,77986,168 cm / 60 kg,"Puma and Energizer Track Club, Santa Monica (USA)",,,,,,
1932 Summer Olympics,Female,Elizabeth Frances•Wilde (-Kinnard),Elizabeth•Wilde,"18 October 1913 in Kansas City, Missouri (USA)","29 October 2005 in Kansas City, Missouri (USA)",United States,78010,167 cm / 54 kg,,,,,,,
1984 Summer Olympics,Male,"Raymond Richard ""Ray""•Armstead",Ray•Armstead,"27 May 1960 in St. Louis, Missouri (USA)",,United States,78047,187 cm / 76 kg,Accusplit Track Club,,,,,,
1948 Summer Olympics,Male,"Richard Francis ""Dick""•Ault",Dick•Ault,"10 December 1925 in St. Louis, Missouri (USA)","16 July 2007 in Jefferson City, Missouri (USA)",United States,78056,188 cm / 78 kg,"Missouri Tigers, Columbia (USA)",,,,,,
1928 Summer Olympics,Male,Leighton William Charles•Dye,Leighton•Dye,"30 October 1901 in St. Louis, Missouri (USA)","25 October 1977 in Naples, Florida (USA)",United States,78356,193 cm / 82 kg,"LAAC, Los Angeles (USA)",,,,,,
1964 Summer Olympics,Male,Kent Lee•Floerke,Kent•Floerke,"16 January 1936 in Kansas City, Missouri (USA)","24 May 2022 in Gainesville, Florida (USA)",United States,78404,193 cm / 91 kg,Kansas City Olympic Club,,,,,,
1924 Summer Olympics,Male,Brutus Kerr•Hamilton,Brutus•Hamilton,"19 July 1900 in Peculiar, Missouri (USA)","28 December 1970 in Berkeley, California (USA)",United States,78508,183 cm / 80 kg,"KCAC, Kansas City (USA)",,,,,,
1996 Summer Olympics,Male,"Timothy M. ""Tim""•Harden",Tim•Harden,"27 January 1974 in Kansas City, Missouri (USA)",,United States,78517,178 cm / 77 kg,"Kentucky Wildcats, Lexington (USA)",,,,,,
1976 Summer Olympics,Male,"Lawrence Thomas ""Larry""•Hart",Larry•Hart,"17 September 1946 in Kansas City, Missouri (USA)",,United States,78521,183 cm / 102 kg,"NYAC, New York (USA)",,,,,,
1996 Summer Olympics; 2008 Summer Olympics,Male,"Jeffrey Stewart ""Jeff""•Hartwig",Jeff•Hartwig,"25 September 1967 in St. Louis, Missouri (USA)",,United States,78525,190 cm / 82 kg,Bell Athletics / Nike,,,,,,
1924 Summer Olympics; 1928 Summer Olympics,Male,"Lemuel Clarence ""Bud""•Houser",Bud•Houser,"25 September 1901 in Winigan, Missouri (USA)","1 October 1994 in Gardena, California (USA)",United States,78573,185 cm / 85 kg,"LAAC, Los Angeles (USA)",,,,,,
1924 Summer Olympics,Male,"Franklin Pitcher ""Pitch""•Johnson",Pitch•Johnson,"2 January 1901 in St. Louis, Missouri (USA)","21 September 1967 in Rubidoux, California (USA)",United States,78613,176 cm / 64 kg,"Illinois AC, Chicago (USA)",,,,,,
1928 Summer Olympics,Male,"Robert Matthew ""Bob""•Kelley",Bob•Kelley,"17 July 1897 in St. Louis, Missouri (USA)","24 May 1965 in Napa County, California (USA)",United States,78641,175 cm / 66 kg,"Olympic Club, San Francisco (USA)",,,,,,
1924 Summer Olympics,Male,"Daniel Chapin ""Dan""•Kinsey",Dan•Kinsey,"22 January 1902 in St. Louis, Missouri (USA)","27 June 1970 in Richmond, Indiana (USA)",United States,78654,183 cm / 72 kg,"Illinois Fighting Illini, Champaign (USA)",,,,,,
1984 Summer Olympics,Male,"Douglas Paul ""Doug""•Lytle",Doug•Lytle,"7 August 1962 in Kansas City, Missouri (USA)",,United States,78721,185 cm / 80 kg,Bud Light Track America,,,,,,
1928 Summer Olympics,Male,Charles English•McGinnis,Charles•McGinnis,"4 October 1906 in Kansas City, Missouri (USA)","29 April 1995 in Peoria, Arizona (USA)",United States,78763,180 cm / 68 kg,"Chicago AA, Chicago (USA)",,,,,,
1960 Summer Olympics,Male,"Philip Roy ""Phil""•Mulkey",Phil•Mulkey,"7 January 1933 in Monett, Missouri (USA)",17 September 2022,United States,78821,178 cm / 75 kg,Memphis Track Club,,,,,,
1924 Summer Olympics,Male,Tom Woodson•Poor,Tom•Poor,"15 December 1902 in Bismarck, Missouri (USA)","20 December 1965 in Grove, Oklahoma (USA)",United States,78905,183 cm / 73 kg,"Kansas Jayhawks, Lawrence (USA)",,,,,,
1996 Summer Olympics; 2000 Summer Olympics,Male,Jason•Pyrah,Jason•Pyrah,"6 April 1969 in Springfield, Missouri (USA)",,United States,78923,172 cm / 64 kg,"Mizuno Track Club, Osaka (JPN) / Nike, Beaverton (USA)",,,,,,
1928 Summer Olympics; 1932 Summer Olympics,Male,Harlow Phelps•Rothert,Harlow•Rothert,"1 April 1908 in Carthage, Missouri (USA)","13 August 1997 in Menlo Park, California (USA)",United States,78981,190 cm / 92 kg,"LAAC, Los Angeles (USA)",,,,,,
1932 Summer Olympics,Male,"George J.•Saling, Jr.",George•Saling,"24 July 1909 in Memphis, Missouri (USA)","15 April 1933 in St. Charles, Missouri (USA)",United States,78990,190 cm / 77 kg,"Iowa Hawkeyes, Iowa City (USA)",,,,,,
1956 Summer Olympics,Male,"Lonnie Vernon ""Lon""•Spurrier",Lon•Spurrier,"27 May 1932 in Cass Township, Missouri (USA)","23 June 2015 in San Pablo, California (USA)",United States,79084,183 cm / 72 kg,"Olympic Club, San Francisco (USA) / US Air Force, (USA)",,,,,,
1984 Summer Olympics,Male,"James Dale ""Jim""•Wooding",Jim•Wooding,"6 February 1954 in St. Louis, Missouri (USA)",,United States,79211,193 cm / 91 kg,"Shore AC, Spring Lake, New Jersey (USA)",,,,,,
1968 Summer Olympics; 1972 Summer Olympics; 1976 Summer Olympics,Male,George Roger•Woods,George•Woods,"11 February 1943 in Portageville, Missouri (USA)",30 August 2022,United States,79214,188 cm / 136 kg,"Pacific Coast Club, Long Beach (USA)",,,,,,
1968 Summer Olympics; 1972 Summer Olympics,Male,Larry Dean•Young,Larry•Young,"10 February 1943 in Independence, Missouri (USA)",,United States,79230,178 cm / 67 kg,"Mid-America Track Club, Kansas City (USA)",,,,,,
1928 Summer Olympics,Female,"Catherine ""Kay""•Maguire (-Horsfall)",Kay•Maguire,"4 February 1906 in Pacific, Missouri (USA)",April 1991,United States,79562,,"Headlight AC, St. Louis (USA)",,,,,,
2000 Summer Olympics,Male,"Chadwick E. ""Chad""•Harting",Chad•Harting,"20 February 1972 in St. Louis, Missouri (USA)",,United States,89132,183 cm / 75 kg,Bell Athletics,,,,,,
2000 Summer Olympics; 2004 Summer Olympics,Female,Kellie D.•Suttle (-Dolrenry),Kellie•Suttle,"9 March 1973 in St. Peters, Missouri (USA)",,United States,89169,170 cm / 59 kg,"Nike, Beaverton (USA)",,,,,,
2000 Summer Olympics,Female,Christie•Ambrosi,Christie•Ambrosi,"21 December 1976 in Kansas City, Missouri (USA)",,United States,93231,172 cm / 70 kg,,,,,,,
2000 Summer Olympics,Male,"Samuel ""Sammie""•Henson",Sammie•Henson,"1 January 1971 in St. Louis, Missouri (USA)",,United States,95172,163 cm / 54 kg,"Sunkist Kids Wrestling Club, Scottsdale (USA)",,,,,,
1988 Summer Olympics,Female,Wendy Lian•Williams (-Champion),Wendy Lian•Williams,"14 June 1967 in St. Louis, Missouri (USA)",,United States,102409,170 cm / 56 kg,"Miami Hurricanes, Coral Gables (USA)",,,Chaya Grace Champion,,,
2004 Summer Olympics; 2008 Summer Olympics; 2012 Summer Olympics,Female,Jennifer L.•Nichols (-Hardy),Jennifer•Nichols,"4 October 1983 in Kansas City, Missouri (USA)",,United States,102815,183 cm / 63 kg,,,,,,,
2004 Summer Olympics,Male,Shawn•Dulohery,Shawn•Dulohery,"4 May 1965 in Kansas City, Missouri (USA)",,United States,104820,182 cm / 107 kg,"US Army Marksmanship Unit, Fort Benning, Georgia (USA)",,,,,,
2004 Summer Olympics,Female,Brenda N.•Taylor,Brenda•Taylor,"9 February 1979 in St. Louis, Missouri (USA)",,United States,105010,172 cm / 61 kg,"Nike, Beaverton (USA)",,,,,,
2004 Summer Olympics,Female,Terin Marie•Humphrey,Terin•Humphrey,"14 August 1986 in Saint Joseph, Missouri (USA)",,United States,107147,152 cm / 43 kg,Great American Gymnastics Express,,,,,,
2004 Summer Olympics,Female,Courtney Lynn•McCool,Courtney•McCool,"1 April 1988 in Kansas City, Missouri (USA)",,United States,107149,154 cm / 43 kg,Great American Gymnastics Express,,,,,,
2004 Summer Olympics,Male,Jared George•Theodorakos,Jared•Theodorakos,"15 March 1981 in St. Louis, Missouri (USA)",,Greece,108323,192 cm / 99 kg,"Helena Brewers, Helena (USA)",,,,,,
2004 Summer Olympics,Female,Katina Lynn•Kramos,Katina•Kramos,"12 July 1972 in Kansas City, Missouri (USA)",,Greece,109106,173 cm / 73 kg,"Southwest Missouri University, USA",,,,,,
2004 Summer Olympics,Male,"Phillip Daniel ""Phil""•Eatherton",Phil•Eatherton,"2 January 1974 in Kirkwood, Missouri (USA)",,United States,109328,205 cm / 97 kg,"Numanica Soria, ESP",,,,,,
2004 Summer Olympics,Female,"Tamara ""Tammy""•Crow (-DeClercq)",Tammy•Crow,"3 February 1977 in St. Louis, Missouri (USA)",,United States,109569,160 cm / 48 kg,"Walnut Creek Aquanots/University of California, Berkeley",,,,,,
2008 Summer Olympics,Female,Lori Christine•Chalupny,Lori•Chalupny,"29 January 1984 in St. Louis, Missouri (USA)",,United States,111214,163 cm / 61 kg,River Cities Futbol Club,,,,,,
2008 Summer Olympics; 2012 Summer Olympics,Female,Candace Nicole•Parker (-Williams-),Candace•Parker,"19 April 1986 in St. Louis, Missouri (USA)",,United States,111849,193 cm / 80 kg,"Los Angeles Sparks, Los Angeles (USA)",Candy,,,,,
2008 Summer Olympics,Female,"Rebecca ""Becky""•Holder",Becky•Holder,"24 April 1969 in Fort Leonard Wood, Missouri (USA)",,United States,111886,165 cm / 68 kg,,,,,,,
2008 Summer Olympics,Male,"Jacob Joseph ""Jake""•Arrieta",Jake•Arrieta,"6 March 1986 in Farmington, Missouri (USA)",,United States,113425,193 cm / 102 kg,"Frederick Keys, Frederick (USA)",,,,,,
2008 Summer Olympics,Male,Scott Joseph•Touzinsky,Scott•Touzinsky,"22 April 1982 in St. Louis, Missouri (USA)",,United States,114346,198 cm / 86 kg,"Ach Volley, SLO",,,,,,
2008 Summer Olympics; 2012 Summer Olympics,Male,Christian•Cantwell,Christian•Cantwell,"30 September 1980 in Jefferson City, Missouri (USA)",,United States,114511,193 cm / 154 kg,"Nike, Beaverton (USA)",,,,,,
2008 Summer Olympics; 2012 Summer Olympics,Male,"Matthew ""Matt""•Tegenkamp",Matt•Tegenkamp,"19 January 1982 in Lee's Summit, Missouri (USA)",,United States,115330,186 cm / 68 kg,"Nike, Beaverton (USA) / Oregon Track Club, Eugene (USA)",,,,,,
2008 Summer Olympics,Female,Sarah•Haskins (-Kortuem),Sarah•Haskins,"13 March 1981 in St. Louis, Missouri (USA)",,United States,116179,170 cm / 58 kg,,,,,,,
2008 Summer Olympics; 2012 Summer Olympics,Male,Spenser Thomas•Mango,Spenser•Mango,"6 July 1986 in St. Louis, Missouri (USA)",,United States,117141,157 cm / 55 kg,Gator USOEC Marquette,,,,,,
2012 Summer Olympics; 2016 Summer Olympics; 2020 Summer Olympics,Female,"Rebecca Elizabeth ""Becky""•Sauerbrunn",Becky•Sauerbrunn,"6 June 1985 in St. Louis, Missouri (USA)",,United States,126537,170 cm / 64 kg,"D.C. United, Washington (USA) / FC Kansas City, Kansas City (USA)",,,,,,
2012 Summer Olympics; 2016 Summer Olympics,Female,Maya April•Moore,Maya•Moore,"11 June 1989 in Jefferson City, Missouri (USA)",,United States,126588,183 cm / 79 kg,"Minnesota Lynx, Minneapolis (USA)",,,,,,
2012 Summer Olympics,Male,Maurice•Mitchell,Maurice•Mitchell,"22 December 1989 in Kansas City, Missouri (USA)",,United States,126755,180 cm / 74 kg,"Florida State Seminoles, Tallahassee (USA)",,,,,,
2012 Summer Olympics,Female,Shannon•Vreeland,Shannon•Vreeland,"15 November 1991 in St. Louis, Missouri (USA)",,United States,127104,188 cm / 79 kg,"Athens Bulldog Swim Club, Hull, Georgia (USA)",,,,,,
2012 Summer Olympics; 2016 Summer Olympics,Female,Brittany•Borman,Brittany•Borman,"1 July 1989 in Festus, Missouri (USA)",,United States,127106,183 cm / 77 kg,"Oklahoma Sooners, Norman (USA)",,,,,,
2016 Summer Olympics,Female,Colleen•Quigley,Colleen•Quigley,"20 November 1992 in St. Louis, Missouri (USA)",,United States,132022,175 cm / 61 kg,"Nike, Beaverton (USA)",,,,,,
2016 Summer Olympics; 2020 Summer Olympics; 2024 Summer Olympics,Female,DeAnna Marie•Price,DeAnna•Price,"8 June 1993 in St. Charles, Missouri (USA)",,United States,132026,173 cm / 100 kg,Southern Illinois University,,,,,,
2016 Summer Olympics,Male,Zach•Garrett,Zach•Garrett,"8 April 1995 in Wellington, Missouri (USA)",,United States,136227,178 cm / 64 kg,United States Olympic Training Centre,,,,,,
2016 Summer Olympics; 2020 Summer Olympics,Male,Mason•Finley,Mason•Finley,"7 October 1990 in Kansas City, Missouri (USA)",,United States,136256,203 cm / 158 kg,,,,,,,
2016 Summer Olympics,Male,"Michael ""Mike""•Rodgers",Mike•Rodgers,"24 April 1985 in St. Louis, Missouri (USA)",,United States,136257,175 cm / 81 kg,"Nike, Beaverton (USA)",,,,,,
2016 Summer Olympics,Male,"Joshua Caleb ""Josh""•Prenot",Josh•Prenot,"28 July 1993 in Sedalia, Missouri (USA)",,United States,136364,180 cm / 76 kg,"California Golden Bears, Berkeley (USA)",,,,,,
2016 Summer Olympics,Male,Murphy Edward•Troy,Murphy•Troy,"31 May 1989 in St. Louis, Missouri (USA)",,United States,136387,203 cm / 107 kg,Trefl Gdańsk (POL),,,,,,
2016 Summer Olympics,Male,J'den Michael Tbory•Cox,J'den•Cox,"3 March 1995 in Columbia, Missouri (USA)",,United States,136402,180 cm / 86 kg,"Missouri Tigers, Columbia (USA)",,,,,,
2020 Summer Olympics; 2024 Summer Olympics,Male,Jayson Christopher•Tatum,Jayson•Tatum,"3 March 1998 in St. Louis, Missouri (USA)",,United States,147363,203 cm / 95 kg,"Boston Celtics, Boston (USA)",,,,,,
2020 Summer Olympics; 2024 Summer Olympics,Male,Tyler•Downs,Tyler•Downs,"19 July 2003 in St. Louis, Missouri (USA)",,United States,147412,178 cm,,,,,,,
2024 Summer Olympics,Male,Quincy•Hall,Quincy•Hall,"31 July 1998 in Kansas City, Missouri (USA)",,United States,150676,,,,,,,,
2024 Summer Olympics,Male,Brandon•Miller,Brandon•Miller,"30 January 2002 in St. Louis, Missouri (USA)",,United States,150648,,Texas A&M University,,,,,,
2024 Summer Olympics,Male,Freddie•Crittenden,Freddie•Crittenden,"3 August 1994 in St. Louis, Missouri (USA)",,United States,150658,,Syracuse University,,,,,,
2024 Summer Olympics,Female,Napheesa•Collier,Napheesa•Collier,"23 September 1996 in Jefferson City, Missouri (USA)",,United States,2102731,,"Incarnate Word Academy, O'Fallon (USA)",,,,,,
2024 Summer Olympics,Male,Patrick Timothy•Schulte,Patrick•Schulte,"13 March 2001 in St. Charles, Missouri (USA)",,United States,152454,190 cm / 79 kg,"Columbus Crew, Columbus (USA)",,,,,,
2024 Summer Olympics,Female,Rachel Leighanne•Tozier,Rachel•Tozier,"1 April 1992 in Pattonsburg, Missouri (USA)",,United States,154237,,University of Central Missouri / American Military University,,,,,,
2024 Summer Olympics,Male,"Torey James ""TJ""•DeFalco",TJ•DeFalco,"10 April 1997 in Springfield, Missouri (USA)",,United States,2104517,198 cm,"Huntington Beach High School, Huntington Beach (USA)",,,,,,
