Games,Sex,Full name,Used name,Born,Died,NOC,athlete_id,Measurements,Affiliations,Nick/petnames,Title(s),Other names,Nationality,Original name,Name order
1996 Summer Olympics; 2000 Summer Olympics,Female,Michele Mary•Smith,Michele•Smith,"21 June 1967 in Plainfield, New Jersey (USA)",,United States,1434,177 cm / 70 kg,Redding Rebels,,,,,,
1992 Summer Olympics; 2000 Summer Olympics,Male,Michael Te-Pei•Chang,Michael•Chang,"22 February 1972 in Hoboken, New Jersey (USA)",,United States,2749,175 cm / 72 kg,,,,,,,
1992 Summer Olympics,Male,Jeffrey Bryan•Hammonds,Jeffrey•Hammonds,"3 March 1971 in Plainfield, New Jersey (USA)",,United States,3231,183 cm / 84 kg,"Stanford Cardinal, Stanford (USA)",,,,,,
1992 Summer Olympics,Male,"Ronald Thomas ""Ron""•Villone, Jr.","Ron•Villone, Jr.","16 January 1970 in Englewood, New Jersey (USA)",,United States,3253,190 cm / 104 kg,"UMass Minutemen, Amherst (USA)",,,,,,
1984 Summer Olympics; 1988 Summer Olympics,Female,Anne Theresa•Donovan,Anne•Donovan,"1 November 1961 in Ridgewood, New Jersey (USA)",13 June 2018,United States,5216,203 cm / 62 kg,"?, Shizuoka (JPN)",,,,,,
1976 Summer Olympics,Female,Juliene•Simpson (Brazinski-),Juliene•Simpson,"20 January 1953 in Elizabeth, New Jersey (USA)",,United States,5478,170 cm / 80 kg,"John F. Kennedy College, Wahoo, Nebraska (USA)",,,,,,
1992 Summer Olympics,Male,Leroy Jay•Loggins,Leroy•Loggins,"20 December 1957 in New Brunswick, New Jersey (USA)",,Australia,6531,195 cm / 80 kg,"West Adelaide/Fairmont State University, USA",,,,,,
1996 Summer Olympics,Male,Shaquille Rashuan•O'Neal,Shaquille•O'Neal,"6 March 1972 in Newark, New Jersey (USA)",,United States,6755,216 cm / 137 kg,"Orlando Magic, Orlando (USA)","Shaq, The Big Aristotle, Hobo Master, The Diesel, Shaq Fu, The Big Daddy, The Big Agave, The Big Cactus, The Big Shaqtus, The Big Galactus, Wilt Chamberneezy, The Big Baryshnikov, The Real Deal, The Big Shamrock, The Big Leprechaun, Shaqovic",,,,,
1996 Summer Olympics,Male,Terrance Davan•Cauthen,Terrance•Cauthen,"14 May 1976 in Trenton, New Jersey (USA)",,United States,8640,175 cm / 60 kg,Joe Frazier's Gym,Heat,,,,,
1968 Summer Olympics,Male,"Samuel ""Sammy""•Goss",Sammy•Goss,"28 January 1947 in Trenton, New Jersey (USA)",,United States,8678,162 cm / 54 kg,,,,,,,
1972 Summer Olympics,Male,"Reginald Dennis ""Reggie""•Jones (-Amid Muhammad-)",Reggie•Jones,"23 February 1951 in Newark, New Jersey (USA)",,United States,8703,174 cm / 71 kg,"US Marine Corps, (USA)",,,,,,
1924 Summer Olympics,Male,Joseph Ashur•Lazarus,Joseph•Lazarus,"18 December 1903 in Bayonne, New Jersey (USA)","21 June 1943 in Manhattan, New York, New York (USA)",United States,8716,168 cm,"Cornell Big Red, Ithaca (USA)",,,,,,
1928 Summer Olympics,Male,"Leonard ""Leon""•Lucas",Leon•Lucas,"4 September 1901 in Camden, New Jersey (USA)","19 May 1971 in Philadelphia, Pennsylvania (USA)",United States,8721,,"Neighborhood Athletic Club, Camden",,,,,,
1960 Summer Olympics,Male,"Percy Joseph•Price, Jr.","Percy•Price, Jr.","19 May 1936 in Salem, New Jersey (USA)","12 January 1989 in Jacksonville, North Carolina (USA)",United States,8748,191 cm / 95 kg,"US Marine Corps, (USA)",,,,,,
1956 Summer Olympics; 1960 Summer Olympics,Male,"Russell Charles ""Chick""•Dermond",Chick•Dermond,"31 December 1936 in Fairlawn, New Jersey (USA)","9 May 2015 in Johnson City, New York (USA)",United States,11072,180 cm / 73 kg,"Yonkers PRC, Glenwood, New York (USA)",,,,,,
1936 Summer Olympics,Male,John J.•Lysak,John•Lysak,"16 August 1914 in Bound Brook, New Jersey (USA)","8 January 2020 in Fremont, California (USA)",United States,11121,,"Yonkers PRC, Glenwood, New York (USA)",,,,,,
1948 Summer Olympics,Male,"Stephen John ""Steve""•Lysak",Steve•Lysak,"7 August 1912 in Newark, New Jersey (USA)","30 July 2002 in Yonkers, New York (USA)",United States,11122,,"Yonkers PRC, Glenwood, New York (USA)",,,,,,
1960 Summer Olympics; 1964 Summer Olympics; 1968 Summer Olympics; 1972 Summer Olympics; 1976 Summer Olympics,Male,"Francis Davis ""Frank""•Chapot",Frank•Chapot,"24 February 1932 in Camden, New Jersey (USA)","20 June 2016 in Bound Brook, New Jersey (USA)",United States,11746,178 cm / 70 kg,"US Air Force, (USA)",,,,,,
1976 Summer Olympics,Male,David Lofgren•Boll,David•Boll,"5 May 1953 in Hackensack, New Jersey (USA)",13 August 2017,United States,13654,175 cm / 67 kg,Century Road Club,,,,,,
1932 Summer Olympics,Male,Frank E.•Connell,Frank•Connell,"19 October 1909 in Hoboken, New Jersey (USA)","25 July 2002 in Columbia, South Carolina (USA)",United States,13981,,,,,,,,
1924 Summer Olympics,Male,"William S.•Fenn, Jr.",William•Fenn,"14 September 1904 in Newark, New Jersey (USA)","22 December 1980 in Lavallette, New Jersey (USA)",United States,14307,175 cm,"Bay View Wheelmen, Newark (USA)",,,,,,
1964 Summer Olympics,Male,Alan•Grieco,Alan•Grieco,"7 May 1946 in Lyndhurst, New Jersey (USA)",,United States,14565,180 cm / 75 kg,Century Road Club,,,,,,
1936 Summer Olympics,Male,"William T. ""Buster""•Logan",Buster•Logan,"9 December 1914 in Hackettstown, New Jersey (USA)","2 October 2002 in Belleville, New Jersey (USA)",United States,15354,,Alpine Wheelmen,,,,,,
1932 Summer Olympics,Male,Otto. H.•Luedeke,Otto•Luedeke,"8 July 1916 in Union City, New Jersey (USA)","20 October 2005 in Palm Bay, Florida (USA)",United States,15389,,,,,,,,
1976 Summer Olympics,Male,George Lewis•Mount,George•Mount,"14 September 1955 in Princeton, New Jersey (USA)",,United States,15759,178 cm / 66 kg,Velo Club of Berkeley,,,,,,
1936 Summer Olympics,Male,"Albert ""Al""•Sellinger",Al•Sellinger,"6 July 1914 in Newark, New Jersey (USA)","15 April 1986 in Springfield, New Jersey (USA)",United States,16539,,National Cycling Association,,,,,,
1952 Summer Olympics,Male,Donald Thomas “Don”•Sheldon,Don•Sheldon,"26 May 1930 in Jersey City, New Jersey (USA)","11 June 2015 in Palmerston North, Manawatu-Wanganui (NZL)",United States,16558,,"US Air Force, (USA)",,,,,,
1960 Summer Olympics; 1964 Summer Olympics; 1968 Summer Olympics,Male,"John Weston ""Jackie""•Simes, III",Jackie•Simes,"20 November 1942 in Harrington Park, New Jersey (USA)",,United States,16578,173 cm / 65 kg,"US Army, (USA)",,,,,,
1924 Summer Olympics,Male,Alan Frank•Williams,Alan•Williams,"7 October 1893 in West Orange, New Jersey (USA)","3 December 1984 in Los Angeles, California (USA)",United States,18260,180 cm,"Olympic Club, San Francisco (USA)",,,,,,
1984 Summer Olympics; 1988 Summer Olympics,Female,"Elizabeth Anne ""Beth""•Beglin",Beth•Beglin,"2 April 1957 in Teaneck, New Jersey (USA)",,United States,20338,165 cm / 58 kg,,,,,,,
1996 Summer Olympics,Female,Kelli L.•James,Kelli•James,"16 March 1970 in Medford, New Jersey (USA)",,United States,20349,172 cm / 58 kg,,,,,,,
1996 Summer Olympics,Female,"Elizabeth ""Liz""•Tchou",Liz•Tchou,"25 September 1966 in Medford, New Jersey (USA)",,United States,20373,160 cm / 57 kg,,,,,,,
1932 Summer Olympics; 1936 Summer Olympics,Male,"William Westcott ""Bill""•Boddington",Bill•Boddington,"22 November 1910 in Jersey City, New Jersey (USA)","15 November 1996 in Colorado Springs, Colorado (USA)",United States,20382,,Westchester Field Hockey Club,,,,,,
1932 Summer Olympics,Male,Harold Suydam•Brewster,Harold•Brewster,"2 May 1903 in Lakewood, New Jersey (USA)","3 September 1994 in Lakeland, Florida (USA)",United States,20383,,,Mouse,,,,,
1984 Summer Olympics,Male,"Robert Gordon ""Bob""•Stiles",Bob•Stiles,"12 September 1959 in Hackensack, New Jersey (USA)",,United States,20431,188 cm / 86 kg,,,,,,,
1996 Summer Olympics,Male,"Thomas ""Tom""•Vano",Tom•Vano,"26 October 1970 in Plainfield, New Jersey (USA)",,United States,20441,178 cm / 75 kg,,,,,,,
1948 Summer Olympics,Female,Helena Mroczkowska•Dow,Helena•Dow,"27 October 1917 in Paterson, New Jersey (USA)","22 April 1998 in New York, New York (USA)",United States,20997,,"Fencers Club, New York (USA)",,,,,,
1924 Summer Olympics,Female,"Adelaide Josephine ""Adeline""•Gehrig (-Pilke)",Adeline•Gehrig,"11 June 1887 in Newark, New Jersey (USA)","5 March 1944 in Bronx, New York (USA)",United States,21000,169 cm / 67 kg,"New York Turnverein, New York (USA)",,,,,,
1964 Summer Olympics; 1976 Summer Olympics,Female,Denise Catherine•O'Connor,Denise•O'Connor,"18 May 1935 in Bayonne, New Jersey (USA)",,United States,21011,175 cm / 68 kg,"Salle Santelli, New York (USA)",,,,,,
1972 Summer Olympics; 1976 Summer Olympics,Female,Ann Patricia•O'Donnell (-Russell),Ann•O'Donnell,"8 March 1947 in Bayonne, New Jersey (USA)",,United States,21012,158 cm / 47 kg,"Salle Santelli, New York (USA)",,,,,,
1960 Summer Olympics,Female,Evelyn Florence•Terhune (-Fuller),Evelyn•Terhune,"21 July 1932 in Jersey City, New Jersey (USA)","8 June 1981 in Columbus, Ohio (USA)",United States,21018,165 cm / 52 kg,"Salle Santelli, New York (USA)",Terry,,,,,
1984 Summer Olympics,Male,"James Lancefield ""Jim""•Kerr",Jim•Kerr,"17 August 1940 in Plainfield, New Jersey (USA)","7 May 2023 in Los Angeles, California (USA)",United States Virgin Islands,22591,182 cm / 73 kg,,,,,,,
1948 Summer Olympics,Male,"Diaz Victor ""Dean""•Cetrulo",Dean•Cetrulo,"24 February 1919 in Newark, New Jersey (USA)","9 May 2010 in Bay Head, New Jersey (USA)",United States,23678,,"Salle Santelli, New York (USA)",,,,,,
1988 Summer Olympics; 1992 Summer Olympics,Male,"Robert Thomas ""Bob""•Cottingham, Jr.",Bob•Cottingham,"16 April 1966 in Orange, New Jersey (USA)",,United States,23684,183 cm / 48 kg,,,,,,,
1936 Summer Olympics,Male,Warren Alvin•Dow,Warren•Dow,"12 January 1905 in Paterson, New Jersey (USA)","22 November 1965 in Westwood, New Jersey (USA)",United States,23696,,Commonwealth Club,,,,,,
1948 Summer Olympics,Male,James Hummitzsch•Flynn,James•Flynn,"8 August 1907 in Paterson, New Jersey (USA)","15 August 2000 in West Orange, New Jersey (USA)",United States,23701,,"NYAC, New York (USA)",,,,,,
1924 Summer Olympics,Male,John Ernest•Gignoux,Ernest•Gignoux,"26 August 1874 in Jersey City, New Jersey (USA)","14 September 1955 in New York, New York (USA)",United States,23708,,"NYAC, New York (USA)",,,,,,
1976 Summer Olympics,Male,"Martin ""Marty""•Lang",Marty•Lang,"20 May 1949 in Jersey City, New Jersey (USA)",,United States,23733,183 cm / 75 kg,"Salle Santelli, New York (USA)",,,,,,
1976 Summer Olympics,Male,"Thomas John ""Tom""•Losonczy",Tom•Losonczy,"19 July 1953 in Passaic, New Jersey (USA)",,United States,23743,191 cm / 77 kg,"NYAC, New York (USA)",,,,,,
1984 Summer Olympics; 1988 Summer Olympics; 1992 Summer Olympics,Male,"George Steven ""Steve""•Mormando",Steve•Mormando,"14 August 1955 in Toms River, New Jersey (USA)",,United States,23763,188 cm / 82 kg,"Fencers Club, New York (USA)",,,,,,
1936 Summer Olympics,Male,"William Thomas ""Bill""•Pecora, II",Bill•Pecora,"1 February 1913 in Newark, New Jersey (USA)","19 July 1972 in Washington, District of Columbia (USA)",United States,23777,,Peroy Salle d'Armes,,,,,,
1928 Summer Olympics,Male,Harold Marvin•Rayner,Harold•Rayner,"27 July 1888 in Glen Ridge, New Jersey (USA)","8 December 1954 in Montrose, New York (USA)",United States,23783,178 cm,Washington Fencers Club,,,,,,
1984 Summer Olympics,Male,"Philip Vincent ""Phil""•Reilly",Phil•Reilly,"11 January 1952 in Newark, New Jersey (USA)",,United States,23784,183 cm / 77 kg,"NYAC, New York (USA)",,,,,,
1996 Summer Olympics,Female,Carin Leslie•Gabarra (Jennings-),Carin•Gabarra,"9 January 1965 in East Orange, New Jersey (USA)",,United States,27677,173 cm / 61 kg,,,,,,,
1928 Summer Olympics,Male,"Robert ""Bobby""•Aitken, Jr.",Bobby•Aitken,"19 October 1904 in Clifton, New Jersey (USA)","20 December 1962 in Paterson, New Jersey (USA)",United States,27687,,Caledonian Football Club,,,,,,
1972 Summer Olympics,Male,"Walter Elliott ""Casey""•Bahr, Jr.",Casey•Bahr,"20 September 1948 in Mount Holly, New Jersey (USA)",,United States,27693,175 cm / 77 kg,"US Naval Academy, Annapolis (USA)",,,,,,
1928 Summer Olympics,Male,"Albert•Cooper, Jr.",Albert•Cooper,"23 February 1904 in Trenton, New Jersey (USA)","December 1993 in Vincentown, New Jersey (USA)",United States,27716,,Trenton Football Club,,,,,,
1924 Summer Olympics,Male,"James Edward ""Jimmy""•Douglas",Jimmy•Douglas,"12 January 1898 in East Newark, New Jersey (USA)","5 March 1972 in Point Pleasant, New Jersey (USA)",United States,27732,,"Newark Skeeters, Newark (USA)",,,,,,
1928 Summer Olympics,Male,John J.•Duffy,John•Duffy,"6 October 1905 in Kearny, New Jersey (USA)","27 September 1984 in Woburn, Massachusetts (USA)",United States,27734,,Independent Football Club,,,,,,
1936 Summer Olympics,Male,"William John ""Bill""•Fiedler",Bill•Fiedler,"10 January 1910 in Brick, New Jersey (USA)","30 September 1985 in Brick, New Jersey (USA)",United States,27739,,"Philadelphia Americans, Philadelphia (USA)",,,,,,
1928 Summer Olympics,Male,"James Aloysius ""Jimmy""•Gallagher",Jimmy•Gallagher,"8 June 1909 in Newark, New Jersey (USA)","16 April 1992 in Neptune Township, New Jersey (USA)",United States,27746,,Ryerson Juniors,,,,,,
1988 Summer Olympics,Male,John Andrew•Harkes,John•Harkes,"8 March 1967 in Kearny, New Jersey (USA)",,United States,27751,180 cm / 75 kg,"unattached, (MIX)",,,,,,
1928 Summer Olympics,Male,"Henry C. ""Razzo""•Carroll",Razzo•Carroll,"12 July 1909 in ?, New Jersey (USA)","14 January 1999 in Jersey City, New Jersey (USA)",United States,27798,,"Bayonne Rovers, Bayonne (USA)",,,,,,
1936 Summer Olympics,Male,Peter Paul•Pietras,Peter•Pietras,"21 April 1908 in Trenton, New Jersey (USA)","15 April 1993 in Trenton, New Jersey (USA)",United States,27804,,"Philadelphia Americans, Philadelphia (USA)",,,,,,
1992 Summer Olympics; 1996 Summer Olympics,Male,Claudio Alejandro•Reyna,Claudio•Reyna,"20 July 1973 in Livingston, New Jersey (USA)",,United States,27810,178 cm / 72 kg,"Virginia Cavaliers, Charlottesville (USA) / Bayer 04 Leverkusen, Leverkusen (GER)",Captain America,,,,,
1952 Summer Olympics,Male,"William Ross ""Bill""•Sheppell",Bill•Sheppell,"11 March 1926 in Kearny, New Jersey (USA)",24 August 2012,United States,27818,,Newark Sport Club,,,,,,
1972 Summer Olympics,Male,Neil Joseph•Stam,Neil•Stam,"7 January 1942 in Hackensack, New Jersey (USA)",,United States,27825,181 cm / 80 kg,\N,,,,,,
1988 Summer Olympics,Male,Peter Joseph•Vermes,Peter•Vermes,"21 November 1966 in Willingboro, New Jersey (USA)",,United States,27836,183 cm / 79 kg,"Rutgers Scarlet Knights, New Brunswick (USA)",,,,,,
1936 Summer Olympics,Male,"Ferdinand J. ""Fred""•Zbikowski (-Shields)",Fred•Zbikowski,"18 November 1912 in Harrison, New Jersey (USA)","28 January 1985 in Harrison, New Jersey (USA)",United States,27844,,Scotch American Club,,,,,,
1936 Summer Olympics,Female,"Jean ""Jennie""•Caputo (-Pascuzzi)",Jennie•Caputo,"5 January 1918 in Newark, New Jersey (USA)","29 January 1996 in Morristown, New Jersey (USA)",United States,29228,,"National Turnverein, Newark (USA)",,,,,,
1948 Summer Olympics; 1952 Summer Olympics,Female,Dorothy Katherine•Dalton,Dorothy•Dalton,"1 August 1922 in Newark, New Jersey (USA)",9 May 1973,United States,29235,,Bloomfield Turners,,,,,,
1936 Summer Olympics,Female,Irma•Haubold (Pezzia-),Irma•Haubold,"20 November 1908 in Union City, New Jersey (USA)","4 April 1996 in Ridgefield, New Jersey (USA)",United States,29247,,"Swiss Turnverein, Union City (USA)",Chip,,,,,
1936 Summer Olympics,Female,Marie Martha•Kibler (-Phillips),Marie•Kibler,"29 June 1912 in Atlantic City, New Jersey (USA)","1 July 1978 in Annapolis, Maryland (USA)",United States,29254,,"Philadelphia Turngemeinde, Philadelphia (USA)",,,,,,
1952 Summer Olympics,Female,Doris Ann•Kirkman (-Cannon),Doris•Kirkman,"15 July 1930 in Elizabeth, New Jersey (USA)","16 June 2010 in Gap, Pennsylvania (USA)",United States,29255,,Swiss Gymnastics Society,,,,,,
1936 Summer Olympics,Female,"Ada•Lunardoni (-Cumiskey, -Hutcheon)",Ada•Lunardoni,"8 March 1911 in West Hoboken, New Jersey (USA)","11 January 2003 in Hackettstown, New Jersey (USA)",United States,29259,,,,,,,,
1972 Summer Olympics,Female,Roxanne Taillard•Pierce (-Mancha),Roxanne•Pierce,"14 October 1954 in Springfield, New Jersey (USA)",,United States,29275,163 cm / 48 kg,MarVaTeens Gymnastics Club,,,,,,
1948 Summer Olympics,Female,Helen Mary•Schifano (-Sjursen),Helen•Schifano,"13 April 1922 in Newark, New Jersey (USA)","9 November 2007 in Fanwood, New Jersey (USA)",United States,29281,,Elizabeth Turners,,,,,,
1960 Summer Olympics,Female,Gail Evelyn•Sontgerath (-Whitney),Gail•Sontgerath,"11 March 1944 in ?, New Jersey (USA)",,United States,29287,162 cm / 54 kg,West Palm Beach Club,,,,,,
1932 Summer Olympics; 1936 Summer Olympics; 1948 Summer Olympics,Male,Frank Joseph•Cumiskey,Frank•Cumiskey,"6 September 1912 in West New York, New Jersey (USA)","22 July 2004 in Vero Beach, Florida (USA)",United States,31305,,Swiss Gymnastics Society,,,,,,
1948 Summer Olympics; 1952 Summer Olympics,Male,Vincent John•D'Autorio,Vincent•D'Autorio,"1 October 1915 in Newark, New Jersey (USA)","10 September 2008 in Sarasota, Florida (USA)",United States,31308,163 cm,Swiss Gymnastics Society,,,,,,
1928 Summer Olympics; 1932 Summer Olympics; 1936 Summer Olympics,Male,Frank Otto•Haubold,Frank•Haubold,"23 March 1906 in Union City, New Jersey (USA)","March 1985 in Ridgefield, New Jersey (USA)",United States,31336,,"Swiss Turnverein, Union City (USA)",,,,,,
1952 Summer Olympics,Male,"Donald Joseph ""Don""•Holder",Don•Holder,"29 September 1928 in Jersey City, New Jersey (USA)",1 September 2015,United States,31346,,"Old Swiss Turners, (USA)",,,,,,
1960 Summer Olympics,Male,"Frederick Charles ""Fred""•Orlofsky",Fred•Orlofsky,"8 April 1937 in North Bergen, New Jersey (USA)",,United States,31398,173 cm / 61 kg,"Southern Illinois Salukis, Carbondale (USA)",,,,,,
1936 Summer Olympics,Male,"Arthur Elmer ""Artie""•Pitt",Artie•Pitt,"14 August 1913 in West New York, New Jersey (USA)","1 February 2002 in Teaneck, New Jersey (USA)",United States,31401,163 cm / 57 kg,"Swiss Turnverein, Union City (USA)",,,,,,
1964 Summer Olympics,Male,"Gregor Richard ""Greg""•Weiss",Greg•Weiss,"18 February 1941 in Newark, New Jersey (USA)",,United States,31471,167 cm / 64 kg,U.S. Air Force/Penn State University,,,,,,
1984 Summer Olympics,Female,"Pamela Joan ""Pam""•Boyd (-Petroski)",Pam•Boyd,"27 September 1955 in Atlantic City, New Jersey (USA)",,United States,32921,167 cm / 73 kg,"National Team, (USA)",,,,,,
1996 Summer Olympics,Female,Jennifer Marlene•Demby-Horton,Jennifer•Demby-Horton,"10 August 1968 in Wharton, New Jersey (USA)",,United States,32930,190 cm / 70 kg,,,,,,,
1984 Summer Olympics; 1988 Summer Olympics; 1992 Summer Olympics,Female,"Cynthia Esther ""Cindy""•Stinger",Cindy•Stinger,"9 July 1958 in Trenton, New Jersey (USA)",,United States,32951,172 cm / 64 kg,,,,,,,
1984 Summer Olympics; 1988 Summer Olympics,Male,"James Johann ""Jim""•Buehning",Jim•Buehning,"3 June 1957 in Summit, New Jersey (USA)",,United States,32962,198 cm / 95 kg,,,,,,,
1972 Summer Olympics,Male,"Thomas Joseph ""Tom""•Hardiman",Tom•Hardiman,"2 August 1947 in Trenton, New Jersey (USA)",,United States,32985,188 cm / 85 kg,,,,,,,
1972 Summer Olympics; 1976 Summer Olympics,Male,"Robert Earl ""Bob""•Sparks",Bob•Sparks,"11 September 1947 in Jersey City, New Jersey (USA)",,United States,33018,191 cm / 84 kg,"US Army, (USA)",,,,,,
1996 Summer Olympics,Female,Liliko•Ogasawara,Liliko•Ogasawara,"21 May 1972 in Englewood, New Jersey (USA)",,United States,33273,66 kg,,,,,,,
1976 Summer Olympics,Male,"Joseph Robert ""Joe""•Bost",Joe•Bost,"4 August 1956 in Irvington, New Jersey (USA)",,United States,33507,160 cm / 63 kg,Judo Tech,,,,,,
1984 Summer Olympics,Male,"Douglas Edward ""Doug""•Nelson",Doug•Nelson,"25 May 1959 in Englewood, New Jersey (USA)",,United States,34138,185 cm / 107 kg,APA Recreation Center,,,,,,
1984 Summer Olympics; 1988 Summer Olympics; 1992 Summer Olympics,Male,"Michael Lee ""Mike""•Swain",Mike•Swain,"21 December 1960 in Elizabeth, New Jersey (USA)",,United States,34428,175 cm / 71 kg,"Cranford Judo & Karate Center, Cranford (USA)",,,,,,
1972 Summer Olympics,Male,Scott•Scheuermann,Scott•Scheuermann,"23 April 1954 in Morristown, New Jersey (USA)",,Canada,34664,174 cm / 65 kg,,,,,,,
1956 Summer Olympics,Male,"William Jules ""Bill""•Andre",Bill•Andre,"23 September 1931 in Montclair, New Jersey (USA)",17 October 2019,United States,35138,178 cm / 68 kg,"US Naval Academy, Annapolis (USA)",,,,,,
1976 Summer Olympics,Female,"Pamela Jane ""Pam""•Behrens (-Golding)",Pam•Behrens,"22 September 1946 in Camden, New Jersey (USA)",,United States,40434,179 cm / 81 kg,"Vesper Boat Club, Philadelphia (USA)",,,,,,
1996 Summer Olympics,Female,Teresa A.•Bell (Zarzeczny-),Teresa•Bell,"28 August 1966 in Washington Crossing, New Jersey (USA)",,United States,40435,178 cm / 59 kg,,,,,,,
1996 Summer Olympics; 2000 Summer Olympics,Female,Jennifer•Dore (-Terhaar),Jennifer•Dore,"19 December 1971 in Montclair, New Jersey (USA)",,United States,40450,188 cm / 75 kg,Kearny HS,,,,,,
1988 Summer Olympics; 1992 Summer Olympics,Female,Stephanie H.•Maxwell-Pierson,Stephanie•Maxwell-Pierson,"4 January 1964 in Somerville, New Jersey (USA)",,United States,40484,180 cm / 77 kg,,,,,,,
1976 Summer Olympics,Female,Karen Lynn•McCloskey (-Keehn),Karen•McCloskey,"16 June 1951 in Long Branch, New Jersey (USA)",,United States,40490,175 cm / 68 kg,"Long Beach Rowing Association, Long Beach (USA)",,,,,,
1996 Summer Olympics; 2000 Summer Olympics,Male,"Thomas ""Tom""•Auth",Tom•Auth,"9 September 1968 in Orange, New Jersey (USA)",,United States,40537,185 cm / 74 kg,Princeton Training Centre,,,,,,
1964 Summer Olympics,Male,"Harold Boyce•Budd, Jr.",Boyce•Budd,"4 January 1939 in Summit, New Jersey (USA)",,United States,40567,191 cm / 93 kg,"Vesper Boat Club, Philadelphia (USA)",,,,,,
1976 Summer Olympics,Male,"Steven Erik ""Steve""•Christiansen",Steve•Christiansen,"10 November 1956 in Perth Amboy, New Jersey (USA)",,United States,40583,196 cm / 93 kg,"Rutgers Scarlet Knights, New Brunswick (USA)",,,,,,
1976 Summer Olympics,Male,Peter Michael•Cortes,Peter•Cortes,"7 September 1947 in Orange, New Jersey (USA)",,United States,40595,175 cm / 76 kg,New Haven Rowing Club,,,,,,
1948 Summer Olympics,Male,"Gregory Crozier ""Greg""•Gates",Greg•Gates,"28 April 1926 in Montclair, New Jersey (USA)","9 January 2020 in Fredericksburg, Texas (USA)",United States,40669,,"Yale Bulldogs, New Haven (USA)",,,,,,
1932 Summer Olympics,Male,Harry•Grossmiller,Harry•Grossmiller,"9 March 1910 in Atlantic City, New Jersey (USA)","20 July 1945 in Philadelphia, Pennsylvania (USA)",United States,40682,,"Penn AC, Philadelphia (USA)",,,,,,
1996 Summer Olympics,Male,Brian G.•Jamieson,Brian•Jamieson,"7 March 1969 in Livingston, New Jersey (USA)",,United States,40718,193 cm / 95 kg,,,,,,,
1992 Summer Olympics; 1996 Summer Olympics; 2000 Summer Olympics,Male,"Jeffrey Gerard ""Jeff""•Klepacki",Jeff•Klepacki,"17 December 1968 in Kearny, New Jersey (USA)",,United States,40743,196 cm / 98 kg,Kearny HS,,,,,,
1960 Summer Olympics; 1964 Summer Olympics,Male,"William Joseph ""Bill""•Knecht",Bill•Knecht,"10 March 1930 in Camden, New Jersey (USA)","17 December 1992 in Cheltenham Township, Pennsylvania (USA)",United States,40745,183 cm / 86 kg,"Vesper Boat Club, Philadelphia (USA)",,,,,,
1996 Summer Olympics; 2000 Summer Olympics,Male,"James W. ""Jamie""•Koven",Jamie•Koven,"18 April 1973 in Morristown, New Jersey (USA)",,United States,40746,193 cm / 94 kg,Princeton Training Centre,,,,,,
1952 Summer Olympics,Male,"Charles Paul ""Charlie""•Logg, Jr.",Charlie•Logg,"24 February 1931 in Princeton, New Jersey (USA)",,United States,40756,,"Rutgers Scarlet Knights, New Brunswick (USA)",,,,,,
1988 Summer Olympics; 1992 Summer Olympics,Male,"Jeffrey Dean ""Jeff""•McLaughlin",Jeff•McLaughlin,"31 October 1965 in Summit, New Jersey (USA)",,United States,40787,198 cm / 91 kg,"Northeastern Huskies, Boston (USA) / Penn AC, Philadelphia (USA)",,,,,,
1952 Summer Olympics,Male,"Richard Frederick ""Dick""•Murphy",Dick•Murphy,"14 November 1931 in Bettlewood, Haddon Township, New Jersey (USA)",8 August 2023,United States,40812,,,,,,,,
1984 Summer Olympics,Male,"Christopher Gore ""Chris""•Penny",Chris•Penny,"4 May 1962 in Morristown, New Jersey (USA)",,United States,40825,195 cm / 94 kg,,,,,,,
1952 Summer Olympics,Male,"Thomas Steele ""Tom""•Price",Tom•Price,"28 May 1933 in Long Branch, New Jersey (USA)",,United States,40839,,"Rutgers Scarlet Knights, New Brunswick (USA)",,,,,,
1968 Summer Olympics; 1972 Summer Olympics,Male,"Peter Harlow ""Pete""•Raymond",Pete•Raymond,"21 January 1947 in Princeton, New Jersey (USA)",,United States,40845,193 cm / 86 kg,Union Boat Club,,,,,,
1992 Summer Olympics,Male,"Stephen•Shellans, Jr.","Stephen•Shellans, Jr.","13 July 1960 in Summit, New Jersey (USA)",,United States,40874,167 cm / 50 kg,"Penn AC, Philadelphia (USA)",,,,,,
1948 Summer Olympics,Male,John Charles•Stack,John•Stack,"22 March 1924 in Camden, New Jersey (USA)","28 May 1997 in Lake Berryessa, California (USA)",United States,40882,,"California Golden Bears, Berkeley (USA)",,,,,,
1996 Summer Olympics,Male,"Timothy Paul ""Tim""•Young",Tim•Young,"9 April 1968 in Moorestown, New Jersey (USA)",,United States,40942,193 cm / 94 kg,,,,,,,
1992 Summer Olympics,Male,David Alan•Johnson,David•Johnson,"29 May 1964 in Mount Holly, New Jersey (USA)",,United States,44698,170 cm / 68 kg,,,,,,,
1924 Summer Olympics,Male,Clarence Bitters•Platt,Clarence•Platt,"28 October 1873 in Camden, New Jersey (USA)","25 August 1941 in Bridgeton, New Jersey (USA)",United States,44735,,,,,,,,
1948 Summer Olympics,Male,Walter Rudolph Nicholas•Walsh,Walter•Walsh,"4 May 1907 in Union City, New Jersey (USA)","29 April 2014 in Arlington, Virginia (USA)",United States,44789,,"US Marine Corps Reserve, (USA)",,,,,,
1964 Summer Olympics; 1968 Summer Olympics,Female,"Lesley Leigh•Bush (-Hickcox, -Makepeace)",Lesley•Bush,"17 September 1947 in Orange, New Jersey (USA)",,United States,50979,163 cm / 52 kg,"Indiana Hoosiers, Bloomington (USA)",,,,,,
1964 Summer Olympics,Female,"Virginia Ruth ""Ginny""•Duenkel (-Fuldner)",Ginny•Duenkel,"7 March 1947 in Orange, New Jersey (USA)",,United States,51007,170 cm / 61 kg,Summit YMCA (Young Men's Christian Association),,,,,,
1968 Summer Olympics,Female,Diane Jean•Giebel (-Nuess),Diane•Giebel,"19 February 1953 in Camden, New Jersey (USA)",,United States,51029,157 cm / 54 kg,"LAAC, Los Angeles (USA)",,,,,,
1984 Summer Olympics,Female,"Susan Helen ""Sue""•Heon (-Preston)",Sue•Heon,"31 May 1962 in Summit, New Jersey (USA)",,United States,51056,175 cm / 62 kg,"Pittsburgh Panthers, Pittsburgh (USA)",,,,,,
1936 Summer Olympics,Female,Bernice Ruth•Lapp (-Squier),Bernice•Lapp,"11 September 1917 in North Plainfield, New Jersey (USA)","8 September 2010 in Edison, New Jersey (USA)",United States,51096,,Newark Women's Athletic Club,,,,,,
1928 Summer Olympics,Female,Anna Lisa•Lindstrom (-Olson),Lisa•Lindstrom,"7 August 1912 in Jersey City, New Jersey (USA)","22 June 1994 in Brooklyn, New York, New York (USA)",United States,51100,,Women's Swimming Association,,,,,,
1972 Summer Olympics,Female,"Judith Ellen ""Judy""•Melick",Judy•Melick,"4 June 1954 in Summit, New Jersey (USA)",,United States,51120,168 cm / 57 kg,Central Jersey Aquatic Club,,,,,,
1952 Summer Olympics,Female,Gail•Peters (-Roper),Gail•Peters,"23 June 1929 in Trenton, New Jersey (USA)",,United States,51151,,"Walter Reed SC, Washington (USA)",,,,,,
1964 Summer Olympics,Female,"Susan Kay ""Sue""•Pitt (-Anderson)",Sue•Pitt,"18 June 1948 in Trenton, New Jersey (USA)",,United States,51155,172 cm / 57 kg,Summit YMCA (Young Men's Christian Association),,,,,,
1964 Summer Olympics,Female,Patience Halsey•Sherman,Patience•Sherman,"20 September 1946 in Montclair, New Jersey (USA)",,United States,51188,171 cm / 59 kg,New Jersey Swim Association,,,Patience Halsey-Sherman,,,
1976 Summer Olympics,Female,Miriam•Smith,Miriam•Smith,"25 September 1958 in Mount Holly, New Jersey (USA)",,United States,51199,169 cm / 59 kg,Tacoma Swim Club,,,,,,
1960 Summer Olympics,Female,Joan Arlene•Spillane (-Postma),Joan•Spillane,"31 January 1943 in Glen Ridge, New Jersey (USA)",,United States,51200,180 cm / 63 kg,Houston Dad's Club,,,,,,
1964 Summer Olympics,Male,"Michael MacKay ""Mike""•Austin",Mike•Austin,"26 August 1943 in West Orange, New Jersey (USA)",,United States,51255,185 cm / 85 kg,"Yale Bulldogs, New Haven (USA)",,,,,,
1972 Summer Olympics,Male,"Donald David ""Dave""•Bush",Dave•Bush,"11 January 1951 in Orange, New Jersey (USA)",,United States,51284,175 cm / 63 kg,"Wisconsin Badgers, Madison (USA)",,,,,,
1932 Summer Olympics,Male,Gordon Hall•Chalmers,Gordon•Chalmers,"24 February 1911 in Cranford, New Jersey (USA)","18 January 2000 in Hendersonville, North Carolina (USA)",United States,51291,,Newark Athletic Club,Slim,,,,,
1952 Summer Olympics; 1956 Summer Olympics,Male,"Robert Lynn ""Bob""•Clotworthy",Bob•Clotworthy,"8 May 1931 in Newark, New Jersey (USA)","1 June 2018 in Salt Lake City, Utah (USA)",United States,51296,160 cm / 60 kg,"NYAC, New York (USA)",,,,,,
1988 Summer Olympics; 1992 Summer Olympics,Male,"Douglas Seneca ""Doug""•Gjertsen",Doug•Gjertsen,"31 July 1967 in Phillipsburg, New Jersey (USA)",,United States,51362,195 cm / 84 kg,,,,,,,
1964 Summer Olympics,Male,"Jedward Richard ""Jed""•Graef",Jed•Graef,"1 May 1942 in Montclair, New Jersey (USA)",,United States,51369,198 cm / 91 kg,Princeton University / New Jersey Swim Association,,,,,,
1988 Summer Olympics; 1996 Summer Olympics,Male,Patrick Steven•Jeffrey,Patrick•Jeffrey,"24 June 1965 in Madison, New Jersey (USA)",,United States,51420,168 cm / 68 kg,"The Ohio State Buckeyes, Columbus (USA)",,,,,,
1992 Summer Olympics,Male,"Ronald Daniel ""Ron""•Karnaugh",Ron•Karnaugh,"19 July 1966 in Irvington, New Jersey (USA)",,United States,51433,195 cm / 91 kg,"California Golden Bears, Berkeley (USA)",,,,,,
1992 Summer Olympics,Male,Sean Thomas•Killion,Sean•Killion,"24 October 1967 in Camden, New Jersey (USA)",,United States,51444,190 cm / 84 kg,"California Golden Bears, Berkeley (USA)",,,,,,
1964 Summer Olympics,Male,"Philip ""Phil""•Riker, III",Phil•Riker,"16 September 1946 in Passaic, New Jersey (USA)",,United States,51532,169 cm / 68 kg,Sun Dance Swim Club,Butch,,,,,
1968 Summer Olympics,Male,"Kenneth Marshall ""Ken""•Walsh",Ken•Walsh,"11 February 1945 in Orange, New Jersey (USA)",,United States,51607,188 cm / 84 kg,"Phillips 66, Long Beach (USA)",,,,,,
1972 Summer Olympics,Male,Frank Richard•Capsouras,Frank•Capsouras,"29 January 1947 in Hackensack, New Jersey (USA)",,United States,56963,170 cm / 100 kg,"York Barbell Club, York (USA)",,,,,,
1948 Summer Olympics,Male,"Joseph Nicholas ""Joe""•DePietro",Joe•DePietro,"10 June 1914 in Paterson, New Jersey (USA)","19 March 1999 in Fair Lawn, New Jersey (USA)",United States,56969,140 cm / 56 kg,Bates Weightlifting Club,,,,,,
1936 Summer Olympics,Male,John Carl•Grimek,John•Grimek,"17 June 1910 in Perth Amboy, New Jersey (USA)","20 November 1998 in York, Pennsylvania (USA)",United States,56981,88 kg,"Shore AC, Spring Lake, New Jersey (USA)",,,,,,
1968 Summer Olympics; 1972 Summer Olympics; 1976 Summer Olympics,Male,"Philip Salvatore ""Phil""•Grippaldi",Phil•Grippaldi,"27 September 1946 in Newark, New Jersey (USA)",,United States,56982,168 cm / 77 kg,"York Barbell Club, York (USA)",,,,,,
1984 Summer Olympics,Male,"Richard Michael ""Rich""•Shanko",Rich•Shanko,"11 January 1960 in New Brunswick, New Jersey (USA)",,United States,57020,178 cm / 100 kg,"York Barbell Club, York (USA)",,,,,,
1984 Summer Olympics; 1988 Summer Olympics; 1992 Summer Olympics; 1996 Summer Olympics,Male,Bruce Robert•Baumgartner,Bruce•Baumgartner,"2 November 1960 in Haledon, New Jersey (USA)",,United States,60571,188 cm / 130 kg,"NYAC, New York (USA)",,,,,,
1992 Summer Olympics,Male,"Christopher Lundy ""Chris""•Campbell",Chris•Campbell,"9 September 1954 in Westfield, New Jersey (USA)",,United States,60589,172 cm / 90 kg,"Sunkist Kids Wrestling Club, Scottsdale (USA)",,,,,,
1924 Summer Olympics,Male,Charles Milton•MacWilliam,Milton•MacWilliam,"10 January 1903 in Perth Amboy, New Jersey (USA)","30 September 1975 in Waterbury, Connecticut (USA)",United States,60697,,"Cornell Big Red, Ithaca (USA)",,,,,,
1948 Summer Olympics; 1952 Summer Olympics,Male,Henry•Wittenberg,Henry•Wittenberg,"18 September 1918 in Jersey City, New Jersey (USA)","9 March 2010 in Somers, New York (USA)",United States,60801,,"Police Athletic League, New York (USA)",,,,,,
1948 Summer Olympics,Male,"Henry Meursinger•Duys, Jr.","Henry•Duys, Jr.","17 October 1924 in Montclair, New Jersey (USA)","11 May 2007 in Hollywood, South Carolina (USA)",United States,61896,,Hobart College,,,,,,
1956 Summer Olympics,Male,"Carlos Porfirio•Echeverria, Jr.",Carlos•Echeverria,"13 January 1930 in Camden, New Jersey (USA)",7 July 2015,United States,61905,180 cm / 90 kg,"Penn Quakers, Philadelphia (USA)",,,,,,
1972 Summer Olympics,Male,"Glen Seward•Foster, II",Glen•Foster,"14 August 1930 in Orange, New Jersey (USA)","1 October 1999 in New York, New York (USA)",United States,62038,180 cm / 84 kg,"Noroton YC, Darien (USA)",,,,,,
1968 Summer Olympics; 1972 Summer Olympics; 1976 Summer Olympics,Male,"John Garrison ""Garry""•Hoyt",Garry•Hoyt,"7 April 1931 in ?, New Jersey (USA)",,Puerto Rico,62395,178 cm / 75 kg,,,,,,,
1956 Summer Olympics,Male,"Lawrence Edgar ""Larry""•Low",Larry•Low,"22 August 1920 in Trenton, New Jersey (USA)","1 July 1996 in Toms River, New Jersey (USA)",United States,62824,188 cm / 91 kg,,,,,,,
1960 Summer Olympics,Male,Harry Robert•Sindle,Harry•Sindle,"14 October 1929 in Little Falls, New Jersey (USA)","24 April 2020 in Gloucester, Virginia (USA)",United States,63662,173 cm / 74 kg,"Lavallette Yacht Club, Lavallette (USA)",,,,,,
1996 Summer Olympics; 2000 Summer Olympics,Male,Paul R.•Stoeken,Paul•Stoeken,"9 January 1975 in Englewood, New Jersey (USA)",,United States Virgin Islands,63783,170 cm / 63 kg,,,,,,,
1968 Summer Olympics,Male,"Carl•Van Duyne, III",Carl•Van Duyne,"30 May 1946 in Newark, New Jersey (USA)",28 February 1983,United States,64002,173 cm / 77 kg,"Princeton Tigers, Princeton (USA)",,,,,,
1960 Summer Olympics,Male,Robert Morford•Wood,Robert•Wood,"9 April 1926 in Long Branch, New Jersey (USA)","25 January 2004 in Belmar, New Jersey (USA)",United States,64188,186 cm / 83 kg,"Monmouth Boat Club, Red Bank (USA)",,,,,,
1988 Summer Olympics; 1992 Summer Olympics; 1996 Summer Olympics; 2000 Summer Olympics,Female,Joetta•Clark-Diggs,Joetta•Clark-Diggs,"1 August 1962 in East Orange, New Jersey (USA)",,United States,77789,168 cm / 56 kg,"Tennessee Volunteers, Knoxville (USA) / Athletics West, Eugene (USA) / Foot Locker Athletic Club, New York (USA)",,,,,,
1992 Summer Olympics,Female,"Gwynneth Glyn ""Gwyn""•Coogan (Hardesty-)",Gwyn•Coogan,"21 August 1965 in Trenton, New Jersey (USA)",,United States,77791,155 cm / 50 kg,"adidas, Herzogenaurach (GER)",,,,,,
1984 Summer Olympics; 1988 Summer Olympics; 1996 Summer Olympics,Female,Mary Thereza•Decker-Slaney (-Tabb-),Mary•Decker-Slaney,"4 August 1958 in Flemington, New Jersey (USA)",,United States,77801,168 cm / 51 kg,"Athletics West, Eugene (USA)",,,,,,
1948 Summer Olympics; 1952 Summer Olympics; 1956 Summer Olympics,Female,Aeriwentha Mae•Faggs (-Starr),Mae•Faggs,"10 April 1932 in Mays Landing, New Jersey (USA)","27 January 2000 in Woodlawn, Ohio (USA)",United States,77820,158 cm / 50 kg,"TSU Tigers, Nashville (USA)",,,,,,
1972 Summer Olympics; 1976 Summer Olympics,Female,Gale Lillian•Fitzgerald,Gale•Fitzgerald,"9 June 1951 in Newark, New Jersey (USA)",,United States,77828,190 cm / 67 kg,"Montclair State Red Hawks, Montclair (USA) / Atoms Track Club, Brooklyn, New York (USA)",,,,,,
1968 Summer Olympics,Female,Barbara Ann•Friedrich (-Parcinski),Barbara•Friedrich,"18 January 1949 in Newark, New Jersey (USA)",,United States,77834,173 cm / 66 kg,"Shore AC, Spring Lake, New Jersey (USA)",,,,,,
1988 Summer Olympics; 1992 Summer Olympics; 1996 Summer Olympics,Female,Lynn A.•Jennings (Hill-),Lynn•Jennings,"1 July 1960 in Princeton, New Jersey (USA)",,United States,77878,165 cm / 50 kg,"Nike, Beaverton (USA)",,,,,,
1956 Summer Olympics,Female,"Amelia Albina•Wershoven (-Wood, -Bert)",Amelia•Wershoven,"11 December 1930 in Ridgefield Park, New Jersey (USA)","7 June 2013 in Mattituck, New York (USA)",United States,78005,160 cm / 55 kg,"Queens Mercurettes, New York (USA)",,,,,,
1948 Summer Olympics,Male,"William Everett ""Bill""•Albans",Bill•Albans,"23 December 1925 in Bayonne, New Jersey (USA)","15 January 1990 in San Juan, Puerto Rico (PUR)",United States,78031,190 cm / 77 kg,Warinanco Athletic Club,"Wild Bill, Bullet Bill",,,,,
1960 Summer Olympics,Male,"Francis William ""Bill""•Alley",Bill•Alley,"20 April 1936 in Newark, New Jersey (USA)",,United States,78037,190 cm / 101 kg,"Kansas Jayhawks, Lawrence (USA)",,,,,,
1924 Summer Olympics,Male,"Chester A. ""Chet""•Bowman",Chet•Bowman,"22 November 1901 in West Long Branch, New Jersey (USA)","31 May 1936 in West Long Branch, New Jersey (USA)",United States,78134,175 cm / 70 kg,"Syracuse Orange, Syracuse (USA)",,,,,,
1960 Summer Olympics,Male,"Donald George ""Don""•Bragg",Don•Bragg,"15 May 1935 in Penns Grove, New Jersey (USA)","16 February 2019 in Oakley, California (USA)",United States,78139,190 cm / 89 kg,"Villanova Wildcats, Villanova (USA)",Tarzan,,,,,
1960 Summer Olympics,Male,"Francis Joseph ""Frank""•Budd",Frank•Budd,"20 July 1939 in Long Branch, New Jersey (USA)","29 April 2014 in Marlton, New Jersey (USA)",United States,78169,178 cm / 76 kg,"Philadelphia Pioneer Club, Philadelphia (USA)",,,,,,
1988 Summer Olympics; 1992 Summer Olympics,Male,"Michael ""Mike""•Buncic",Mike•Buncic,"25 July 1962 in Paterson, New Jersey (USA)",,United States,78172,193 cm / 113 kg,"NYAC, New York (USA) / Mazda Optimist Track Club, (USA)",,,,,,
1952 Summer Olympics; 1956 Summer Olympics,Male,"Milton Gray ""Milt""•Campbell",Milt•Campbell,"9 December 1933 in Plainfield, New Jersey (USA)","2 November 2012 in Gainesville, Georgia (USA)",United States,78191,190 cm / 94 kg,"US Navy, (USA)",,,,,,
1956 Summer Olympics,Male,"Thomas William ""Tom""•Courtney",Tom•Courtney,"17 August 1933 in Newark, New Jersey (USA)","22 August 2023 in Naples, Florida (USA)",United States,78270,188 cm / 81 kg,"US Air Force, (USA)",,,,,,
1928 Summer Olympics,Male,Melvin Joseph•Dalton,Melvin•Dalton,"15 March 1906 in Newark, New Jersey (USA)","13 October 1983 in St. Cloud, Florida (USA)",United States,78293,178 cm / 64 kg,"Seton Hall Pirates, South Orange, New Jersey (USA)",,,,,,
1924 Summer Olympics,Male,"Michael Aloysius ""Mike""•Devaney",Mike•Devaney,"6 June 1891 in Belleville, New Jersey (USA)","25 January 1967 in Belleville, New Jersey (USA)",United States,78321,178 cm / 68 kg,"Millrose AA, New York (USA)",,,,,,
1968 Summer Olympics,Male,"Ronald John ""Ron""•Freeman, II",Ron•Freeman,"12 June 1947 in Elizabeth, New Jersey (USA)",,United States,78418,183 cm / 82 kg,"Arizona State Sun Devils, Phoenix (USA)",,,,,,
1928 Summer Olympics,Male,Walter Thomas•Gegan,Walter•Gegan,"1 December 1899 in Orange, New Jersey (USA)","30 December 1931 in West Orange, New Jersey (USA)",United States,78442,175 cm / 59 kg,"NYAC, New York (USA)",,,,,,
1948 Summer Olympics,Male,Herman•Goffberg,Herman•Goffberg,"25 June 1921 in Newark, New Jersey (USA)","17 August 2001 in State College, Pennsylvania (USA)",United States,78460,170 cm / 63 kg,Shanahan County Club,,,,,,
1984 Summer Olympics,Male,Milton•Goode,Milton•Goode,"16 February 1960 in Long Branch, New Jersey (USA)",,United States,78461,183 cm / 73 kg,New Balance Track Club,,,,,,
1952 Summer Olympics,Male,Meredith Charles•Gourdine (Gouardino-),Meredith•Gourdine,"26 September 1929 in Newark, New Jersey (USA)","20 November 1998 in Houston, Texas (USA)",United States,78466,183 cm / 76 kg,"New York Pioneer Club, New York (USA)",,,,,,
1932 Summer Olympics,Male,"Louis Paul ""Lou""•Gregory",Lou•Gregory,"10 July 1902 in ?, New Jersey (USA)","21 April 1989 in Pensacola, Florida (USA)",United States,78480,175 cm / 66 kg,"Millrose AA, New York (USA)",,,,,,
1928 Summer Olympics,Male,"Benjamin Van Doren ""Ben""•Hedges, Jr.",Ben•Hedges,"8 June 1907 in Plainfield, New Jersey (USA)","31 December 1969 in New York, New York (USA)",United States,78538,185 cm / 66 kg,"NYAC, New York (USA)",,,,,,
1924 Summer Olympics,Male,"Jeremiah Alfred ""Al""•LeConey",Al•LeConey,"11 March 1901 in Moorestown, New Jersey (USA)","11 November 1959 in New York, New York (USA)",United States,78686,180 cm / 72 kg,"Meadowbrook Club, Philadelphia (USA)",,,,,,
1968 Summer Olympics,Male,"Martin William ""Marty""•Liquori",Marty•Liquori,"11 September 1949 in Montclair, New Jersey (USA)",,United States,78706,183 cm / 70 kg,"Villanova Wildcats, Villanova (USA)",,,,,,
1924 Summer Olympics,Male,Joseph Oliver•MacDonald,Oliver•MacDonald,"20 February 1904 in Paterson, New Jersey (USA)","14 April 1973 in Flemington, New Jersey (USA)",United States,78723,180 cm / 70 kg,"Penn Quakers, Philadelphia (USA)",,,,,,
1956 Summer Olympics; 1960 Summer Olympics; 1964 Summer Olympics,Male,Bruce Duncan•MacDonald,Bruce•MacDonald,"22 October 1927 in Glen Ridge, New Jersey (USA)","30 March 2020 in Port Washington, New York (USA)",United States,78724,180 cm / 73 kg,"NYAC, New York (USA)",,,,,,
1984 Summer Olympics,Male,John Henry•Marshall,John•Marshall,"5 November 1963 in Plainfield, New Jersey (USA)",,United States,78739,191 cm / 75 kg,Team Elite,,,,,,
1968 Summer Olympics,Male,Charles•Mays,Charles•Mays,"3 February 1941 in Glen Ridge, New Jersey (USA)","11 April 2005 in Jersey City, New Jersey (USA)",United States,78751,175 cm / 70 kg,Grand Street Boys' Club,,,,,,
1952 Summer Olympics,Male,"William Preston ""Bill""•Miller",Bill•Miller,"22 February 1930 in Lawnside, New Jersey (USA)","27 October 2016 in Apache Junction, Arizona (USA)",United States,78792,179 cm / 77 kg,"US Marine Corps, (USA)",,,,,,
1968 Summer Olympics,Male,"Marcus Paul ""Mark""•Murro",Mark•Murro,"4 June 1949 in Newark, New Jersey (USA)",,United States,78831,183 cm / 98 kg,"Mesa Thunderbirds, Mesa (USA)",,,,,,
1936 Summer Olympics,Male,"Edward Thomas ""Eddie""•O'Brien",Eddie•O'Brien,"12 September 1914 in Somers Point, New Jersey (USA)","15 September 1976 in Essex Falls, New Jersey (USA)",United States,78853,182 cm / 77 kg,"US Navy, (USA)",,,,,,
1992 Summer Olympics,Male,Jack Warren•Pierce,Jack•Pierce,"23 September 1962 in Cherry Hill, New Jersey (USA)",,United States,78897,185 cm / 84 kg,"Mizuno Track Club, Osaka (JPN)",,,,,,
1968 Summer Olympics,Male,"William L. ""Bill""•Reilly",Bill•Reilly,"28 February 1943 in Long Branch, New Jersey (USA)",,United States,78936,170 cm / 60 kg,"US Marine Corps, (USA)",,,,,,
1968 Summer Olympics,Male,"David L. ""Dave""•Romansky",Dave•Romansky,"8 April 1938 in Penns Grove, New Jersey (USA)",,United States,78973,188 cm / 76 kg,"Shore AC, Spring Lake, New Jersey (USA)",,,,,,
1948 Summer Olympics; 1952 Summer Olympics,Male,Harris Browning•Ross,Browning•Ross,"26 April 1924 in Woodbury, New Jersey (USA)","27 April 1998 in Woodbury, New Jersey (USA)",United States,78979,170 cm / 60 kg,Penn Athletic Club,Brownie,,,,,
1976 Summer Olympics,Male,"Clark Todd•Scully, Jr.",Todd•Scully,"13 September 1948 in Princeton, New Jersey (USA)","6 September 2021 in Big Island, Virginia (USA)",United States,79013,175 cm / 57 kg,"Shore AC, Spring Lake, New Jersey (USA)",,,,,,
1960 Summer Olympics,Male,"David William ""Dave""•Sime",Dave•Sime,"25 July 1936 in Paterson, New Jersey (USA)","12 January 2016 in Miami Beach, Florida (USA)",United States,79042,189 cm / 81 kg,"Duke Blue Devils, Durham (USA)",,,,,,
1924 Summer Olympics,Male,John Coard•Taylor,John C.•Taylor,"1 January 1901 in Cranford, New Jersey (USA)","25 June 1946 in Manhattan, New York, New York (USA)",United States,79113,180 cm / 73 kg,"NYAC, New York (USA)",,,,,,
1992 Summer Olympics,Male,John Lawrence•Trautmann,John•Trautmann,"29 June 1968 in Morristown, New Jersey (USA)",,United States,79138,178 cm / 66 kg,"adidas, Herzogenaurach (GER)",,,,,,
1988 Summer Olympics; 1992 Summer Olympics,Male,Andrew Orlando•Valmon,Andrew•Valmon,"1 January 1965 in Toms River, New Jersey (USA)",,United States,79148,185 cm / 78 kg,Elite,,,,,,
1968 Summer Olympics,Male,"Thomas ""Tom""•Waddell (Flubacher-)",Tom•Waddell,"1 November 1937 in Paterson, New Jersey (USA)","11 July 1987 in San Francisco, California (USA)",United States,79162,187 cm / 82 kg,"US Army, (USA)",,,,,,
1976 Summer Olympics,Male,Quentin David•Wheeler,Quentin•Wheeler,"27 April 1955 in Long Branch, New Jersey (USA)",,United States,79182,186 cm / 70 kg,"Maccabi Track Club, Los Angeles (USA) / California Golden Bears, Berkeley (USA)",,,,,,
1924 Summer Olympics,Male,Frank Thomas•Zuna,Frank•Zuna,"2 January 1893 in Newark, New Jersey (USA)","January 1983 in Reno, Nevada (USA)",United States,79236,175 cm / 69 kg,"I-AAC, Queens, New York (USA)",,,,,,
1996 Summer Olympics; 2000 Summer Olympics,Female,Shana L.•Williams,Shana•Williams,"7 April 1972 in Bridgeton, New Jersey (USA)",,United States,79574,178 cm / 58 kg,"Nike, Beaverton (USA)",,,,,,
2000 Summer Olympics; 2004 Summer Olympics; 2008 Summer Olympics,Male,Dudley S.•Dorival,Dudley•Dorival,"1 September 1975 in Elizabeth, New Jersey (USA)",,Haiti,86986,185 cm / 77 kg,Asics,,,,,,
2000 Summer Olympics; 2004 Summer Olympics; 2008 Summer Olympics,Female,Hazel Mae•Clark-Riley (-McIlwain),Hazel•Clark-Riley,"3 October 1977 in Livingston, New Jersey (USA)",,United States,89109,178 cm / 55 kg,"Nike, Beaverton (USA)",Peachy,,,,,
2000 Summer Olympics,Male,"Richard M. ""Rich""•Kenah",Rich•Kenah,"4 August 1970 in Montclair, New Jersey (USA)",,United States,89144,185 cm / 73 kg,Asics,,,,,,
2000 Summer Olympics,Female,Nona•Garson,Nona•Garson,"30 September 1958 in Westfield, New Jersey (USA)",,United States,90746,175 cm / 50 kg,,,,,,,
2000 Summer Olympics; 2004 Summer Olympics; 2008 Summer Olympics; 2012 Summer Olympics,Female,Christie Patricia•Pearce-Rampone,Christie•Pearce-Rampone,"24 June 1975 in Point Pleasant, New Jersey (USA)",,United States,90954,168 cm / 64 kg,"New York Power, Uniondale (USA) / Monmouth Hawks, West Long Branch (USA) / unattached, (MIX)",,,,,,
2000 Summer Olympics,Female,Kristen Ann•Maloney,Kristen•Maloney,"10 March 1981 in Hackettstown, New Jersey (USA)",,United States,91592,152 cm / 46 kg,,,,,,,
2000 Summer Olympics,Male,"Michael K. ""Mike""•Ferry",Mike•Ferry,"13 April 1974 in Princeton, New Jersey (USA)",,United States,92715,196 cm / 97 kg,Bates College Rowing Club,,,,,,
2000 Summer Olympics; 2004 Summer Olympics,Male,Scott Daniel•Goldblatt,Scott•Goldblatt,"12 July 1979 in Scotch Plains, New Jersey (USA)",,United States,93853,187 cm / 77 kg,"California Golden Bears, Berkeley (USA)",,,,,,
2000 Summer Olympics,Male,"Thomas Peter ""Tom""•Wilkens",Tom•Wilkens,"25 November 1975 in Middletown, New Jersey (USA)",,United States,93866,188 cm / 82 kg,"Santa Clara SC, Santa Clara (USA)",,,,,,
2004 Summer Olympics,Female,Tania•Kalyvas,Tania•Kalyvas,"26 August 1979 in ?, New Jersey (USA)",,Greece,102637,170 cm / 65 kg,"California Storm, Sacramento (USA)",,,,,Τάνια•Καλύβας,
2004 Summer Olympics; 2008 Summer Olympics; 2012 Summer Olympics; 2016 Summer Olympics,Female,Heather Ann•O’Reilly (-Werry),Heather•O'Reilly,"2 January 1985 in New Brunswick, New Jersey (USA)",,United States,103034,165 cm / 60 kg,"North Carolina Tar Heels, Chapel Hill (USA) / unattached, (MIX) / Boston Breakers, Boston (USA) / FC Kansas City, Kansas City (USA)",HAO,,,,,
2004 Summer Olympics; 2008 Summer Olympics; 2012 Summer Olympics; 2016 Summer Olympics,Female,Tamika Devonne•Catchings (-Smith),Tamika•Catchings,"21 July 1979 in Stratford, New Jersey (USA)",,United States,103095,185 cm / 77 kg,"Indiana Fever, Indianapolis (USA)",,,,,,
2004 Summer Olympics,Male,Ben•Holbrook,Ben•Holbrook,"20 April 1974 in Princeton, New Jersey (USA)",,United States,104437,187 cm / 90 kg,Princeton Training Centre,,,,,,
2004 Summer Olympics,Male,Kent•Smack,Kent•Smack,"1 March 1975 in Flemington, New Jersey (USA)",,United States,104440,195 cm / 90 kg,Princeton Training Centre,,,,,,
2004 Summer Olympics,Male,Jason•Read,Jason•Read,"24 December 1977 in Flemington, New Jersey (USA)",,United States,104499,185 cm / 83 kg,Princeton Training Centre,,,,,,
2004 Summer Olympics; 2008 Summer Olympics; 2012 Summer Olympics; 2016 Summer Olympics,Male,"Matthew D. ""Matt""•Emmons",Matt•Emmons,"5 April 1981 in Mount Holly, New Jersey (USA)",,United States,104767,175 cm / 84 kg,"Alaska Nanooks, Fairbanks (USA)",,,,,,
2004 Summer Olympics; 2008 Summer Olympics,Female,Sheena•Johnson-Tosta,Sheena•Johnson-Tosta,"1 October 1982 in Camden, New Jersey (USA)",,United States,105019,165 cm / 57 kg,UCLA / Nike,,,,,,
2004 Summer Olympics,Male,"Daniel J. ""Dan""•Kellner",Dan•Kellner,"16 April 1976 in Livingston, New Jersey (USA)",,United States,106032,180 cm / 83 kg,"Fencers Club, New York (USA)",,,,,,
2004 Summer Olympics,Male,"Laurence W. ""Larry""•Heisler",Larry•Heisler,"13 February 1969 in Willingboro, New Jersey (USA)",,Greece,108309,160 cm / 84 kg,,,,,,,
2004 Summer Olympics,Female,Mobolaji Iyabode•Akiode,Mobolaji•Akiode,"12 May 1982 in Maplewood, New Jersey (USA)",,Nigeria,108587,178 cm / 75 kg,"Dully Basketball, Lutry, SWE",,,,,,
2008 Summer Olympics; 2012 Summer Olympics; 2016 Summer Olympics; 2020 Summer Olympics,Female,Carli Anne•Lloyd (-Hollins),Carli•Lloyd,"16 July 1982 in Delran Township, New Jersey (USA)",,United States,111213,170 cm / 64 kg,"unattached, (MIX) / Houston Dash, Houston (USA)",,,,,,
2008 Summer Olympics; 2012 Summer Olympics; 2016 Summer Olympics; 2020 Summer Olympics,Female,Tobin Powell•Heath,Tobin•Heath,"29 May 1988 in Morristown, New Jersey (USA)",,United States,111216,168 cm / 59 kg,"North Carolina Tar Heels, Chapel Hill (USA) / New York Fury, Hempstead (USA) / Portland Thorns FC, Portland (USA)",,,,,,
2008 Summer Olympics,Male,Michael Sheehan•Bradley,Michael•Bradley,"31 July 1987 in Princeton, New Jersey (USA)",,United States,111299,185 cm / 74 kg,"SC Heerenveen, Heerenveen (NED)",,,,,,
2008 Summer Olympics,Male,"Daniel Gregory ""Danny""•Szetela",Danny•Szetela,"17 June 1987 in Clifton, New Jersey (USA)",,United States,111306,180 cm / 73 kg,"Brescia Calcio, Brescia (ITA)",,,,,,
2008 Summer Olympics,Male,"Josmer Volmy ""Jozy""•Altidore",Jozy•Altidore,"6 November 1989 in Livingston, New Jersey (USA)",,United States,111308,185 cm / 91 kg,"New York Red Bulls, New York (USA)",,,,,,
2008 Summer Olympics,Male,Giuseppe•Rossi,Giuseppe•Rossi,"1 February 1987 in Clifton, New Jersey (USA)",,Italy,111360,178 cm / 73 kg,"Villarreal CF, Villarreal (ESP)",Pepito,,,,,
2008 Summer Olympics,Male,Blaine•Neal,Blaine•Neal,"6 April 1978 in Marlton, New Jersey (USA)",,United States,113440,196 cm / 114 kg,"Toledo Mud Hens, Toledo (USA)",,,,,,
2008 Summer Olympics,Female,Caitlin Anne•Lever,Caitlin•Lever,"12 March 1985 in Morristown, New Jersey (USA)",,Canada,113455,173 cm / 68 kg,Amherst Lightening,,,,,,
2008 Summer Olympics; 2012 Summer Olympics; 2016 Summer Olympics,Female,Rachel•Dawson,Rachel•Dawson,"2 August 1985 in Camden, New Jersey (USA)",,United States,114054,178 cm / 68 kg,,,,,,,
2008 Summer Olympics; 2012 Summer Olympics,Male,Dorian Armand•Scott,Dorian•Scott,"1 February 1982 in East Orange, New Jersey (USA)",,Jamaica,114524,185 cm / 136 kg,Total Sports,,,,,,
2008 Summer Olympics; 2012 Summer Olympics,Male,Erison George•Hurtault,Erison•Hurtault,"29 December 1984 in Edison, New Jersey (USA)",,Dominica,115003,178 cm / 78 kg,"Columbia Lions, New York (USA)",,,,,,
2008 Summer Olympics,Male,"John Bernard ""Jake""•Tapp",Jake•Tapp,"6 August 1988 in Ridgewood, New Jersey (USA)",,Canada,115609,193 cm / 91 kg,"Langley Olympians Swim Club, Langley (CAN) / Stanford Cardinal, Stanford (USA)",,,,,,
2008 Summer Olympics; 2012 Summer Olympics,Female,Rebecca•Soni,Rebecca•Soni,"18 March 1987 in Freehold, New Jersey (USA)",,United States,115676,173 cm / 61 kg,Trojan Swim Club,,,,,,
2008 Summer Olympics,Male,"Steven ""Steve""•Mocco",Steve•Mocco,"28 December 1981 in Hackensack, New Jersey (USA)",,United States,117126,183 cm / 120 kg,"NYAC, New York (USA)",,,,,,
2008 Summer Olympics; 2012 Summer Olympics,Male,Dremiel Deshon•Byers,Dremiel•Byers,"11 September 1974 in Newark, New Jersey (USA)",,United States,117215,188 cm / 120 kg,"US Army World Class Athlete Program, Colorado Springs",,,,,,
2008 Summer Olympics,Male,Ned•Gerard,Ned•Gerard,"14 July 1956 in ?, New Jersey (USA)",,United States Virgin Islands,117327,185 cm / 93 kg,,,,,,,
2008 Summer Olympics,Female,Sunitha•Rao,Sunitha•Rao,"27 October 1985 in Jersey City, New Jersey (USA)",,India,117631,170 cm / 63 kg,Omilos Antisfairinis Athinoi,,,,,,
2008 Summer Olympics,Female,Sarah•Mergenthaler (-Chin),Sarah•Mergenthaler,"21 April 1979 in Red Bank, New Jersey (USA)",,United States,117740,168 cm / 64 kg,Surf City Yacht Club,,,,,,
2008 Summer Olympics,Male,Andrew•Campbell,Andrew•Campbell,"3 February 1984 in Toms River, New Jersey (USA)",,United States,117877,183 cm / 82 kg,"San Diego Yacht Club, San Diego (USA)",,,,,,
2012 Summer Olympics,Female,Mariko•Sakai,Mariko•Sakai,"3 December 1990 in Glen Rock, New Jersey (USA)",,Japan,120838,165 cm / 54 kg,"Tokyo Synchro Club, Tokyo, JPN",,,,,酒井•麻里子,
2012 Summer Olympics; 2016 Summer Olympics,Male,Eric Javier•Alejandro,Eric•Alejandro,"15 April 1986 in Burlington, New Jersey (USA)",,Puerto Rico,124629,180 cm / 81 kg,"Eastern Michigan Eagles, Ypsilanti (USA)",,,,,,
2012 Summer Olympics,Female,Margaux Isabelle•Farrell,Margaux•Farrell,"22 August 1990 in Allendale, New Jersey (USA)",,France,125878,183 cm / 71 kg,"CN Antibes, Antibes (FRA)",,,,,,
2012 Summer Olympics,Female,Christina•McHale,Christina•McHale,"11 May 1992 in Teaneck, New Jersey (USA)",,United States,126577,170 cm / 58 kg,,,,,,,
2012 Summer Olympics; 2016 Summer Olympics,Male,Connor Lee•Jaeger,Connor•Jaeger,"30 April 1991 in Hackensack, New Jersey (USA)",,United States,126622,185 cm / 77 kg,"Michigan Wolverines, Ann Arbor (USA)",,,,,,
2012 Summer Olympics,Female,Asjha Takera•Jones,Asjha•Jones,"1 August 1980 in Piscataway Township, New Jersey (USA)",,United States,126631,191 cm / 89 kg,"Connecticut Sun, Uncasville (USA)",,,,,,
2012 Summer Olympics; 2016 Summer Olympics,Male,"Stephen ""Steve""•Kasprzyk",Steve•Kasprzyk,"14 February 1982 in Willingboro, New Jersey (USA)",,United States,126635,201 cm / 103 kg,"Penn AC, Philadelphia (USA)",,,,,,
2012 Summer Olympics,Female,Claire•Laubach,Claire•Laubach,"29 July 1983 in Washington Township, New Jersey (USA)",,United States,126650,173 cm / 70 kg,"NYAC, New York (USA)",Chewie,,,,,
2012 Summer Olympics,Male,Steven Lawrence•Gluckstein,Steven•Gluckstein,"24 June 1990 in Red Bank, New Jersey (USA)",,United States,126684,170 cm / 63 kg,,,,,,,
2012 Summer Olympics; 2016 Summer Olympics,Male,"Jeffrey Issack ""Jeff""•Porter",Jeff•Porter,"27 November 1985 in Summit, New Jersey (USA)",,United States,126749,183 cm / 86 kg,"Nike, Beaverton (USA)",,,,,,
2012 Summer Olympics; 2016 Summer Olympics,Male,Jordan Ernest•Burroughs,Jordan•Burroughs,"8 July 1988 in Camden, New Jersey (USA)",,United States,126810,171 cm / 79 kg,"Sunkist Kids Wrestling Club, Scottsdale (USA)",,,,,,
1996 Summer Olympics,Female,Staci Nicole•Wilson,Staci•Wilson,"8 July 1976 in Livingston, New Jersey (USA)",,United States,128838,158 cm / 52 kg,Univ. of North Carolina,,,,,,
2016 Summer Olympics; 2020 Summer Olympics,Female,"Isadora ""Izzy""•Cerullo",Izzy•Cerullo,"24 March 1991 in Summit, New Jersey (USA)",,Brazil,129300,158 cm / 58 kg,"Philadelphia Women's Rugby, Philadelphia (USA)",,,,,,
2016 Summer Olympics,Female,Anastasia Katerina•Bogdanovski,Anastasia•Bogdanovski,"30 July 1993 in ?, New Jersey (USA)",,North Macedonia,131092,174 cm / 57 kg,,,,,,,
2016 Summer Olympics; 2020 Summer Olympics; 2024 Summer Olympics,Female,Keturah Amarachukwu•Orji (-Smith),Keturah•Orji,"5 March 1996 in Hoboken, New Jersey (USA)",,United States,132038,165 cm / 61 kg,University of Georgia,,,,,,
2016 Summer Olympics; 2020 Summer Olympics; 2024 Summer Olympics,Female,Sydney Michelle•McLaughlin (-Levrone),Sydney•McLaughlin,"7 August 1999 in New Brunswick, New Jersey (USA)",,United States,132050,175 cm / 60 kg,"Union Catholic Regional High School, Schotch Plains",,,,,,
2016 Summer Olympics,Female,Ibtihaj•Muhammad,Ibtihaj•Muhammad,"4 December 1985 in Maplewood, New Jersey (USA)",,United States,132082,170 cm / 68 kg,Peter Westbrook Foundation,,,,,,
2016 Summer Olympics,Female,"Lauren Zoe ""Laurie""•Hernandez",Laurie•Hernandez,"9 June 2000 in New Brunswick, New Jersey (USA)",,United States,132101,152 cm / 49 kg,"Monmouth Gymnastics Academy, Morganville, NJ (USA)",Lolo / Human Emoji,,,,,
2016 Summer Olympics,Female,Lauren•Schmetterling,Lauren•Schmetterling,"3 August 1988 in Moorestown, New Jersey (USA)",,United States,132139,180 cm / 77 kg,,,,,,,
2016 Summer Olympics; 2020 Summer Olympics,Female,Tracy•Eisser,Tracy•Eisser,"20 November 1989 in Fair Lawn, New Jersey (USA)",,United States,132142,185 cm / 84 kg,,,,,,,
2016 Summer Olympics,Female,Kelsi•Worrell (-Dahlia),Kelsi•Worrell,"15 July 1994 in Voorhees Township, New Jersey (USA)",,United States,132156,180 cm / 75 kg,"Louisville Cardinals, Louisville (USA)",,,,,,
2016 Summer Olympics,Male,Stephen Ogochukwu•Mozia,Stephen•Mozia,"16 August 1993 in Hackensack, New Jersey (USA)",,Nigeria,135297,191 cm / 124 kg,"Garden State Track Club, North Brunswick, USA",,,,,,
2016 Summer Olympics,Male,Ricky•Robertson,Ricky•Robertson,"19 September 1990 in Mount Holly, New Jersey (USA)",,United States,136260,180 cm / 75 kg,,RJ,,,,,
2016 Summer Olympics,Male,Ronnie•Ash,Ronnie•Ash,"2 July 1988 in Passaic, New Jersey (USA)",,United States,136262,188 cm / 95 kg,"adidas, Herzogenaurach (GER)",,,,,,
2016 Summer Olympics,Male,Ash-Shakur Nafi-Shahid•Stevenson,Shakur•Stevenson,"28 June 1997 in Newark, New Jersey (USA)",,United States,136289,173 cm / 56 kg,ALX Boxing [United States of America],Fearless,,,,,
2016 Summer Olympics; 2020 Summer Olympics,Male,Colton•Brown,Colton•Brown,"8 October 1991 in New Brunswick, New Jersey (USA)",,United States,136312,183 cm / 91 kg,"San José State Spartans, San José (USA)",,,,,,
2016 Summer Olympics,Male,"Samuel ""Sam""•Ojserkis",Sam•Ojserkis,"24 March 1990 in Pomona, New Jersey (USA)",,United States,136338,173 cm / 55 kg,"US Rowing Training Centre - Princeton [Princeton, NJ, USA]",,,,,,
2016 Summer Olympics,Male,Joe•Maloy,Joe•Maloy,"20 December 1985 in Somers Point, New Jersey (USA)",,United States,136379,175 cm / 65 kg,Triathlon Project 2016,,,,,,
2016 Summer Olympics,Male,Frank Aniello•Molinaro,Frank•Molinaro,"27 December 1988 in Red Bank, New Jersey (USA)",,United States,136401,163 cm / 70 kg,"Nittany Lion Wrestling Club [State College, PA, USA]",,,,,,
2020 Summer Olympics,Female,Angelina•Alonso Costantino,•Angelina,"26 January 2000 in Livingston, New Jersey (USA)",,Brazil,141129,160 cm / 57 kg,"OL Reign, Seattle (USA)",,,,,,
2020 Summer Olympics,Female,Alexia•Lacatena,Alexia•Lacatena,"21 October 2002 in Stanhope, New Jersey (USA)",,Italy,144082,170 cm,,,,,,,
2020 Summer Olympics; 2024 Summer Olympics,Female,"Jacqueline ""Jackie""•Dubrovich",Jackie•Dubrovich,"18 July 1994 in Riverdale, New Jersey (USA)",,United States,147181,175 cm / 66 kg,"Fencers Club, New York (USA)",,,,,,
2020 Summer Olympics; 2024 Summer Olympics,Female,Chiaka Sylvia•Ogbogu,Chiaka•Ogbogu,"15 April 1995 in Newark, New Jersey (USA)",,United States,147294,188 cm / 73 kg,,,,,,,
2020 Summer Olympics; 2024 Summer Olympics,Male,Curtis•Thompson,Curtis•Thompson,"8 February 1996 in Trenton, New Jersey (USA)",,United States,147319,,,,,,,,
2020 Summer Olympics; 2024 Summer Olympics,Male,"Edrice Femi ""Bam""•Adebayo",Bam•Adebayo,"18 July 1997 in Newark, New Jersey (USA)",,United States,147361,206 cm / 116 kg,"Miami Heat, Miami (USA)",,,,,,
2020 Summer Olympics,Male,Todd Brian•Frazier,Todd•Frazier,"12 February 1986 in Point Pleasant, New Jersey (USA)",,United States,147397,191 cm,"Sussex County Miners, Frankford Township (USA)",The Toddfather,,,,,
2020 Summer Olympics; 2024 Summer Olympics,Male,"Thomas ""Tommy""•Paul",Tommy•Paul,"17 May 1997 in Voorhees Township, New Jersey (USA)",,United States,147484,185 cm,,,,,,,
2020 Summer Olympics,Male,Alen•Hadzic,Alen•Hadzic,"15 November 1991 in Paterson, New Jersey (USA)",,United States,147721,190 cm / 77 kg,"Fencers Club, New York (USA)",,,,,,
2024 Summer Olympics,Female,Hezly•Rivera,Hezly•Rivera,"4 June 2008 in Oradell, New Jersey (USA)",,United States,152716,,,,,,,,
2024 Summer Olympics,Male,Mitchell•Saron,Mitchell•Saron,"6 December 2000 in Ridgewood, New Jersey (USA)",,United States,151985,,Harvard University,,,,,,
2024 Summer Olympics,Female,Elizabeth•Tartakovsky,Elizabeth•Tartakovsky,"21 May 2000 in Livingston, New Jersey (USA)",,United States,151975,,Harvard University,,,,,,
2024 Summer Olympics,Male,John Michael•Tolkin,John•Tolkin,"31 July 2002 in Chatham Borough, New Jersey (USA)",,United States,152448,170 cm / 61 kg,"New York Red Bulls, New York (USA)",,,,,,
2024 Summer Olympics,Male,Paxten Reid•Aaronson,Paxten•Aaronson,"26 August 2003 in Medford, New Jersey (USA)",,United States,152455,175 cm / 63 kg,"Vitesse, Arnhem (NED)",,,,,,
2024 Summer Olympics,Female,Casey Grace•Murphy,Casey•Murphy,"25 April 1996 in Bridgewater Township, New Jersey (USA)",,United States,152426,186 cm / 72 kg,"NC Courage, Cary (USA)",,,,,,
2024 Summer Olympics,Female,Amanda•Golini (Magadan-),Amanda•Golini,"28 March 1995 in Randolph, New Jersey (USA)",,United States,153169,,Lafayette College,,,,,,
2024 Summer Olympics,Male,Jack•Yonezuka,Jack•Yonezuka,"20 May 2003 in West Long Branch, New Jersey (USA)",,United States,153382,,,,,,,,
2024 Summer Olympics,Male,Jesse•Grupper,Jesse•Grupper,"6 January 1997 in Upper Montclair, New Jersey (USA)",,United States,151369,,Tufts University,,,,,,
2024 Summer Olympics,Male,"John Carroll ""Jack""•Alexy",Jack•Alexy,"19 January 2003 in Mendham Borough, New Jersey (USA)",,United States,154794,,,,,,,,
2024 Summer Olympics,Male,Matthew Joseph “Matt”•Fallon,Matt•Fallon,"3 October 2002 in Warren Township, New Jersey (USA)",,United States,154801,,,,,,,,
2024 Summer Olympics,Female,Amy Wu•Wang,Amy•Wang,"2 December 2002 in Sewell, New Jersey (USA)",,United States,2506224,168 cm,,,,,,,
