Games,Sex,Full name,Used name,Born,Died,NOC,athlete_id,Measurements,Affiliations,Nick/petnames,Title(s),Other names,Nationality,Original name,Name order
1972 Summer Olympics; 1976 Summer Olympics,Female,Linda Ann•Myers,Linda•Myers,"19 June 1947 in York, Pennsylvania (USA)",,United States,2211,170 cm / 62 kg,York Archers,,,,,,
1984 Summer Olympics,Female,Ruth E.•Rowe,Ruth•Rowe,"11 March 1947 in Pittsburgh, Pennsylvania (USA)",,United States,2216,185 cm / 63 kg,,,,,,,
1988 Summer Olympics,Female,"Melanie•Skillman (Soltysik-, -Hull)",Melanie•Skillman,"23 September 1954 in Reading, Pennsylvania (USA)",,United States,2218,155 cm / 59 kg,,,,,,,
1996 Summer Olympics; 2000 Summer Olympics,Male,"Rodney E. ""Rod""•White",Rod•White,"1 March 1977 in Sharon, Pennsylvania (USA)",,United States,2253,183 cm / 78 kg,,,,,,,
1972 Summer Olympics,Male,John Chester•Williams,John•Williams,"12 September 1953 in Erie, Pennsylvania (USA)",,United States,2254,189 cm / 73 kg,"US Army, (USA)",,,,,,
1924 Summer Olympics,Female,"Marion Hall•Jessup (Zinderstein-, -MacLure)",Marion•Jessup,"6 May 1896 in Allentown, Pennsylvania (USA)","14 August 1980 in Litchfield County, Connecticut (USA)",United States,2734,163 cm,,,,,,,
1972 Summer Olympics,Male,"Kenneth Robert ""Ken""•James",Ken•James,"19 January 1945 in Curwensville, Pennsylvania (USA)",,Australia,3267,190 cm / 82 kg,"?, Victoria, (AUS)",,,,,,
1988 Summer Olympics; 1992 Summer Olympics,Female,"Suzanne Theresa ""Suzie""•McConnell (-Serio)",Suzie•McConnell,"29 July 1966 in Pittsburgh, Pennsylvania (USA)",,United States,5364,162 cm / 50 kg,"Penn State Nittany Lions, State College (USA)",,,,,,
1996 Summer Olympics; 2000 Summer Olympics; 2004 Summer Olympics,Female,Dawn Michelle•Staley,Dawn•Staley,"4 May 1970 in Philadelphia, Pennsylvania (USA)",,United States,5493,165 cm / 58 kg,"Charlotte Sting, Charlotte (USA)",,,,,,
1972 Summer Olympics,Male,"Michael Allen ""Mike""•Bantom",Mike•Bantom,"3 December 1951 in Philadelphia, Pennsylvania (USA)",,United States,5675,203 cm / 93 kg,St. Joseph's University,,,,,,
1964 Summer Olympics,Male,"Richard Allen ""Dick""•Davies",Dick•Davies,"21 January 1936 in Harrisburg, Pennsylvania (USA)","25 February 2012 in Loudon, Tennessee (USA)",United States,5957,186 cm / 80 kg,"Akron Wingfoots, Akron (USA) / LSU Tigers, Baton Rouge (USA)",,,,,,
1968 Summer Olympics,Male,"Calvin Bernard ""Cal""•Fowler",Cal•Fowler,"11 February 1940 in Pittsburgh, Pennsylvania (USA)","5 March 2013 in Burlington, New Jersey (USA)",United States,6129,186 cm / 77 kg,"Akron Wingfoots, Akron (USA)",,,,,,
1964 Summer Olympics,Male,"Walter Raphael ""Walt""•Hazzard",Walt•Hazzard,"15 April 1942 in Philadelphia, Pennsylvania (USA)","18 November 2011 in Los Angeles, California (USA)",United States,6266,191 cm / 91 kg,"UCLA Bruins, Los Angeles (USA)",,,Mahdi Abdul-Rahman,,,
1972 Summer Olympics,Male,"Charles Thomas ""Tom""•McMillen",Tom•McMillen,"26 May 1952 in Mansfield, Pennsylvania (USA)",,United States,6648,212 cm / 95 kg,"Maryland Terrapins, College Park, Maryland (USA)",,,,,,
1992 Summer Olympics,Male,Miguel Ángel•Jiménez Cedres,Miguel•Jiménez,"18 June 1970 in Philadelphia, Pennsylvania (USA)",,Puerto Rico,7840,,,,,,,,
1984 Summer Olympics,Male,Tyrell•Biggs,Tyrell•Biggs,"22 December 1960 in Philadelphia, Pennsylvania (USA)",,United States,8620,195 cm / 99 kg,,,,,,,
1948 Summer Olympics,Male,"William ""Bill""•Bossio",Bill•Bossio,"23 February 1928 in Pittsburgh, Pennsylvania (USA)","16 September 2016 in Stuart, Florida (USA)",United States,8624,155 cm / 54 kg,"US Navy, (USA)",,,,,,
1924 Summer Olympics,Male,"Frederick ""Fred""•Boylstein",Fred•Boylstein,"16 March 1903 in Ford City, Pennsylvania (USA)","28 February 1972 in Kittanning, Pennsylvania (USA)",United States,8627,,,,,,,,
1924 Summer Olympics,Male,Hugh Robert•Haggerty,Hugh•Haggerty,"1 January 1905 in Pittsburgh, Pennsylvania (USA)","5 August 1941 in Pittsburgh, Pennsylvania (USA)",United States,8684,,,,,,,,
1928 Summer Olympics,Male,"Hyman ""Hymie""•Miller",Hymie•Miller,"8 April 1911 in Philadelphia, Pennsylvania (USA)","5 January 1954 in Los Angeles, California (USA)",United States,8735,,"LAAC, Los Angeles (USA)",,,,,,
1996 Summer Olympics,Male,Zahir A.•Raheem,Zahir•Raheem,"7 November 1976 in Philadelphia, Pennsylvania (USA)",,United States,8750,167 cm / 54 kg,Germantown High School,Z-Man,,,,,
1996 Summer Olympics,Male,David Terrell•Reid,David•Reid,"17 September 1973 in Philadelphia, Pennsylvania (USA)",,United States,8753,175 cm / 71 kg,ABC Boxing Club,The American Dream,,,,,
1948 Summer Olympics,Male,"Frank Joseph ""Frankie""•Sodano",Frankie•Sodano,"10 March 1931 in Philadelphia, Pennsylvania (USA)",11 May 2015,United States,8773,,,,,,,,
1984 Summer Olympics,Male,Meldrick•Taylor,Meldrick•Taylor,"19 October 1966 in Philadelphia, Pennsylvania (USA)",,United States,8786,167 cm / 57 kg,,"Peewee, The Kid",,,,,
1968 Summer Olympics,Male,"James Robert ""Jim""•Wallington, Jr.",Jim•Wallington,"28 July 1944 in Philadelphia, Pennsylvania (USA)","19 April 1988 in Lawrence, Indiana (USA)",United States,8797,180 cm / 63 kg,"US Army, (USA)",,,,,,
1948 Summer Olympics; 1952 Summer Olympics,Male,"John Hunt•Eiseman, Jr.",John•Eiseman,"13 October 1925 in Philadelphia, Pennsylvania (USA)",26 April 2016,United States,11076,,"Potomac BC, Washington (USA)",,,,,,
1936 Summer Olympics,Male,Robert Joseph•Graf,Robert•Graf,"2 June 1906 in Philadelphia, Pennsylvania (USA)","26 May 1988 in Pomona, New Jersey (USA)",United States,11085,,"PCC, Philadelphia (USA)",,,,,,
1952 Summer Olympics; 1956 Summer Olympics,Male,John Able•Haas,John•Haas,"9 January 1909 in Philadelphia, Pennsylvania (USA)","5 July 1992 in Clifton Heights, Pennsylvania (USA)",United States,11104,165 cm / 67 kg,"PCC, Philadelphia (USA)",,,,,,
1952 Summer Olympics; 1956 Summer Olympics,Male,Frank Joseph•Krick,Frank•Krick,"30 June 1910 in Philadelphia, Pennsylvania (USA)","5 May 1982 in Troy, Pennsylvania (USA)",United States,11114,175 cm / 59 kg,"PCC, Philadelphia (USA)",,,,,,
1936 Summer Olympics,Male,Clarence Russell•McNutt,Clarence•McNutt,"9 November 1907 in Philadelphia, Pennsylvania (USA)",2 February 1972,United States,11127,,"PCC, Philadelphia (USA)",,,,,,
1968 Summer Olympics,Male,John Robert•Pickett,John•Pickett,"2 March 1951 in Kingston, Pennsylvania (USA)",,United States,11142,175 cm / 77 kg,Sebago Canoe Club,,,,,,
1992 Summer Olympics,Male,Scott D.•Strausbaugh,Scott•Strausbaugh,"23 July 1963 in York, Pennsylvania (USA)",,United States,11156,175 cm / 61 kg,,,,,,,
1972 Summer Olympics,Male,Alan Lawrence•Whitney,Alan•Whitney,"23 October 1946 in Pittsburgh, Pennsylvania (USA)",,United States,11170,186 cm / 87 kg,"Washington Canoe Club, Washington (USA)",,,,,,
1964 Summer Olympics,Female,"Helena Allaire ""Lana""•duPont",Lana•duPont,"6 July 1939 in Philadelphia, Pennsylvania (USA)",,United States,11318,170 cm / 61 kg,Oldfields School,,,,,,
1952 Summer Olympics,Female,Marjorie Benezet•Haines (-Gill),Marjorie•Haines,"18 November 1928 in Gwynedd Valley, Pennsylvania (USA)","7 June 2014 in King Of Prussia, Pennsylvania (USA)",United States,11344,,Morristown YMCA (Young Men's Christian Association),Cubby,,,,,
1968 Summer Olympics,Female,"Helen Donnan•Plumb (Sharp-, -Jones, -Nonk)",Donnan•Plumb,"22 August 1938 in Philadelphia, Pennsylvania (USA)",,United States,11435,178 cm / 58 kg,,,,,,,
1976 Summer Olympics; 1992 Summer Olympics; 1996 Summer Olympics,Male,Michael Ray•Matz,Michael•Matz,"23 January 1951 in Collegeville, Pennsylvania (USA)",,United States,12391,180 cm / 75 kg,,,,,,,
1948 Summer Olympics; 1952 Summer Olympics,Male,John William•Russell,John•Russell,"2 February 1920 in Dauphin, Pennsylvania (USA)","30 September 2020 in San Antonio, Texas (USA)",United States,12667,,"US Army, (USA)",The Colonel,,,,,
1956 Summer Olympics; 1960 Summer Olympics,Male,Allen Charles•Bell,Allen•Bell,"11 October 1933 in Ashley, Pennsylvania (USA)",,United States,13559,178 cm / 72 kg,"Somerset Wheelmen, Somerset, Pennsylvania (USA)",,,,,,
1992 Summer Olympics; 1996 Summer Olympics; 2000 Summer Olympics,Male,Erin Wesley•Hartwell,Erin•Hartwell,"1 June 1969 in Philadelphia, Pennsylvania (USA)",,United States,14677,182 cm / 78 kg,"Team Saturn, (USA)",,,,,,
1988 Summer Olympics,Male,"David Edward ""Dave""•Lettieri",Dave•Lettieri,"30 January 1964 in Scranton, Pennsylvania (USA)",,United States,15306,172 cm / 68 kg,,,,,,,
1996 Summer Olympics; 2000 Summer Olympics; 2004 Summer Olympics,Male,"Martin Wayne ""Marty""•Nothstein",Marty•Nothstein,"10 February 1971 in Allentown, Pennsylvania (USA)",,United States,15903,187 cm / 96 kg,"Navigators, (USA)",The Blade,,,,,
1924 Summer Olympics,Male,"Rodman Lewis ""Rod""•Wanamaker",Rod•Wanamaker,"10 October 1899 in Philadelphia, Pennsylvania (USA)","3 February 1976 in Southampton, New York (USA)",United States,18234,,,,,,,,
1984 Summer Olympics,Female,"Elizabeth Rambo ""Beth""•Anders",Beth•Anders,"13 November 1951 in Norristown, Pennsylvania (USA)",,United States,20337,174 cm / 73 kg,U.S. National Team,,,,,,
1988 Summer Olympics,Female,Diane Renée•Bracalente (-Molinaro),Diane•Bracalente,"29 July 1963 in Quakertown, Pennsylvania (USA)",,United States,20339,162 cm / 61 kg,,,,,,,
1984 Summer Olympics,Female,"Regina E. ""Gina""•Buggy",Gina•Buggy,"12 November 1959 in Plymouth, Pennsylvania (USA)",,United States,20340,157 cm / 51 kg,U.S. National Team,,,,,,
1984 Summer Olympics,Female,Gwen Wentz•Cheeseman (-Alexander),Gwen•Cheeseman,"13 August 1951 in Harrisburg, Pennsylvania (USA)",,United States,20342,157 cm / 58 kg,U.S. National Team,,,,,,
1996 Summer Olympics,Female,Laurel•Hershey-Martin,Laurel•Hershey-Martin,"8 June 1969 in Hummelstown, Pennsylvania (USA)",,United States,20347,,,,,,,,
1996 Summer Olympics,Female,"Kathrine A. ""Katie""•Kauffman (-Beach)",Katie•Kauffman,"26 September 1974 in Reading, Pennsylvania (USA)",,United States,20351,167 cm / 58 kg,"Maryland Terrapins, College Park, Maryland (USA)",,,,,,
1984 Summer Olympics,Female,"Christine ""Chris""•Larson Mason",Chris•Larson Mason,"21 May 1956 in Darby, Pennsylvania (USA)",,United States,20353,175 cm / 61 kg,U.S. National Team,,,,,,
1996 Summer Olympics,Female,Leslie A.•Lyness,Leslie•Lyness,"7 August 1968 in Paoli, Pennsylvania (USA)",,United States,20356,160 cm / 61 kg,"North Carolina Tar Heels, Chapel Hill (USA)",,,,,,
1984 Summer Olympics,Female,"Kathleen Ann ""Kathy""•McGahey (-Heinzler)",Kathy•McGahey,"5 March 1960 in Philadelphia, Pennsylvania (USA)",,United States,20359,167 cm / 59 kg,U.S. National Team,,,,,,
1984 Summer Olympics,Female,Anita Corl•Miller (-Huntsman),Anita•Miller,"14 May 1951 in Bryn Mawr, Pennsylvania (USA)",,United States,20360,172 cm / 61 kg,U.S. National Team,,,,,,
1984 Summer Olympics,Female,"Charlene Frances ""Char""•Morett",Char•Morett,"5 December 1957 in Darby, Pennsylvania (USA)",,United States,20362,165 cm / 52 kg,U.S. National Team,,,,,,
1988 Summer Olympics,Female,"Christine Lee ""Christy""•Morgan",Christy•Morgan,"13 October 1963 in Norristown, Pennsylvania (USA)",,United States,20363,160 cm / 60 kg,,,,,,,
1984 Summer Olympics,Female,Diane Marie•Moyer,Diane•Moyer,"29 July 1958 in Reading, Pennsylvania (USA)",,United States,20364,172 cm / 66 kg,U.S. National Team,,,,,,
1984 Summer Olympics,Female,Brenda Lee•Stauffer (-Hoffman),Brenda•Stauffer,"8 April 1961 in New Holland, Pennsylvania (USA)",,United States,20370,165 cm / 60 kg,U.S. National Team,,,,,,
1984 Summer Olympics,Female,"Julia Ann ""Julie""•Staver",Julie•Staver,"4 April 1952 in Hershey, Pennsylvania (USA)",,United States,20371,170 cm / 61 kg,U.S. National Team,,,,,,
1988 Summer Olympics,Female,Cheryl Lynne•Van Kuren,Cheryl•Van Kuren,"1 August 1964 in Allentown, Pennsylvania (USA)",,United States,20375,170 cm / 59 kg,,,,,,,
1996 Summer Olympics,Female,Cindy•Werley (-Baugh),Cindy•Werley,"26 February 1975 in Allentown, Pennsylvania (USA)",,United States,20376,160 cm / 57 kg,"North Carolina Tar Heels, Chapel Hill (USA)",,,,,,
1956 Summer Olympics,Male,"Edgar Newbold•Black, IV",Newbold•Black,"11 June 1929 in Philadelphia, Pennsylvania (USA)",1 June 2013,United States,20381,183 cm / 71 kg,"Merion Cricket Club, Haverford (USA)",,,,,,
1932 Summer Olympics; 1936 Summer Olympics,Male,Amos Rogers Little•Deacon,Amos•Deacon,"28 May 1904 in Philadelphia, Pennsylvania (USA)","9 October 1982 in Santa Barbara, California (USA)",United States,20390,,Germantown Cricket Club,,,,,,
1932 Summer Olympics; 1936 Summer Olympics,Male,Horace Cumberland•Disston,Horace•Disston,"7 January 1906 in Philadelphia, Pennsylvania (USA)","30 September 1982 in Camden, Maine (USA)",United States,20391,,Philadelphia Cricket Club,,,,,,
1932 Summer Olympics; 1936 Summer Olympics,Male,"Samuel Evans ""Sam""•Ewing, Jr.",Sam•Ewing,"27 July 1906 in Bryn Mawr, Pennsylvania (USA)","6 April 1981 in Delray Beach, Florida (USA)",United States,20393,,"Merion Cricket Club, Haverford (USA)",,,,,,
1936 Summer Olympics,Male,Elwood Watson•Godfrey,Elwood•Godfrey,"17 July 1910 in Ambler, Pennsylvania (USA)","10 June 1990 in Vero Beach, Florida (USA)",United States,20398,,Philadelphia Cricket Club,,,,,,
1984 Summer Olympics,Male,"Robert Scott ""Scotty""•Gregg",Scotty•Gregg,"9 June 1954 in Lancaster, Pennsylvania (USA)",,United States,20401,180 cm / 79 kg,Lehigh Valley Hockey Club,,,,,,
1948 Summer Olympics,Male,William Longstreth•Kurtz,William•Kurtz,"18 December 1917 in Philadelphia, Pennsylvania (USA)","16 February 2007 in Princeton, New Jersey (USA)",United States,20410,178 cm / 68 kg,Philadelphia Field Hockey Association,,,,,,
1984 Summer Olympics,Male,David Philip•McMichael,David•McMichael,"22 April 1961 in Philadelphia, Pennsylvania (USA)",,United States,20416,172 cm / 68 kg,Lehigh Valley Hockey Club,,,,,,
1932 Summer Olympics; 1936 Summer Olympics,Male,"David ""Dave""•McMullin, III",Dave•McMullin,"30 June 1908 in Gwynedd Valley, Pennsylvania (USA)","15 September 1995 in Newton Square, Pennsylvania (USA)",United States,20417,178 cm / 79 kg,Philadelphia Cricket Club,,,,,,
1932 Summer Olympics; 1936 Summer Olympics,Male,"Charles Miller•Sheaffer, Jr.",Charles•Sheaffer,"6 December 1904 in St. Davids, Pennsylvania (USA)","28 August 1989 in Bryn Mawr, Pennsylvania (USA)",United States,20426,,"Merion Cricket Club, Haverford (USA)",,,,,,
1948 Summer Olympics,Male,Sanders Scott “Sandy”•Sims,Sandy•Sims,"1 June 1921 in Philadelphia, Pennsylvania (USA)","5 January 2003 in Cambridge, New York (USA)",United States,20427,,Philadelphia Hockey and Tennis Club,,,,,,
1996 Summer Olympics,Male,"Steven ""Steve""•Wagner",Steve•Wagner,"5 November 1967 in Philadelphia, Pennsylvania (USA)",,United States,20442,180 cm / 86 kg,,,,,,,
1964 Summer Olympics; 1968 Summer Olympics,Male,"Lawrence Joseph ""Larry""•Anastasi",Larry•Anastasi,"6 September 1934 in Philadelphia, Pennsylvania (USA)",,United States,23649,185 cm / 77 kg,"Salle Csiszar, Philadelphia (USA)",,,,,,
1964 Summer Olympics; 1968 Summer Olympics,Male,Robert Max•Blum,Robert•Blum,"24 November 1928 in Pittsburgh, Pennsylvania (USA)","27 November 2022 in Rensselaerville, New York (USA)",United States,23660,175 cm / 78 kg,"Fencers Club, New York (USA)",,,,,,
1972 Summer Olympics,Male,Joseph Bertham•Freeman,Joseph•Freeman,"18 July 1948 in Philadelphia, Pennsylvania (USA)",,United States,23704,177 cm / 68 kg,"US Naval Academy, Annapolis (USA)",,,,,,
1992 Summer Olympics,Male,Zaddick Xavier•Longenbach,Zaddick•Longenbach,"27 October 1971 in Greenawalds, Pennsylvania (USA)",,United States,23741,178 cm / 82 kg,,,,,,,
1976 Summer Olympics,Male,Adrian Brooke•Makler,Brooke•Makler,"16 March 1951 in Philadelphia, Pennsylvania (USA)","29 August 2010 in Paris VIIe, Paris (FRA)",United States,23746,177 cm / 82 kg,"Salle Csiszar, Philadelphia (USA)",,,,,,
1952 Summer Olympics,Male,"Paul Todd•Makler, Sr.","Paul•Makler, Sr.","22 October 1920 in Philadelphia, Pennsylvania (USA)","12 May 2022 in Los Altos, California (USA)",United States,23747,,"Salle Csiszar, Philadelphia (USA)",,,,,,
1972 Summer Olympics,Male,"Paul Todd•Makler, Jr.",Todd•Makler,"8 January 1946 in Philadelphia, Pennsylvania (USA)",,United States,23748,183 cm / 75 kg,"Salle Csiszar, Philadelphia (USA)",,,,,,
1924 Summer Olympics,Male,Chauncey Ryder•McPherson,Chauncey•McPherson,"29 January 1892 in Philadelphia, Pennsylvania (USA)","4 May 1977 in Bernardsville, New Jersey (USA)",United States,23756,178 cm,,,,,,,
1960 Summer Olympics; 1964 Summer Olympics; 1968 Summer Olympics,Male,David Morris•Micahnik,David•Micahnik,"5 November 1938 in Hazleton, Pennsylvania (USA)",,United States,23758,188 cm / 79 kg,"Salle Csiszar, Philadelphia (USA)",,,,,,
1924 Summer Olympics,Male,Joseph Brooks Bloodgood•Parker,Brooks•Parker,"25 December 1889 in Philadelphia, Pennsylvania (USA)","30 November 1951 in Bryn Mawr, Pennsylvania (USA)",United States,23776,,"Fencers Club, New York (USA)",,,,,,
1972 Summer Olympics,Male,Tyrone Morse•Simmons,Tyrone•Simmons,"5 July 1949 in Philadelphia, Pennsylvania (USA)",,United States,23798,183 cm / 72 kg,Afra Fencing Club,,,,,,
1960 Summer Olympics,Male,Roland Raymond•Wommack,Roland•Wommack,"27 December 1936 in Philadelphia, Pennsylvania (USA)","22 May 2018 in Warrenton, Virginia (USA)",United States,23821,188 cm / 77 kg,"US Navy, (USA)",Mack,,,,,
1936 Summer Olympics,Male,"Charles William ""Charlie""•Altemose",Charlie•Altemose,"3 June 1913 in Nazareth, Pennsylvania (USA)","26 January 1995 in Bethlehem, Pennsylvania (USA)",United States,27689,,"Philadelphia Americans, Philadelphia (USA)",Chili,,,,,
1948 Summer Olympics,Male,"Walter Alfred•Bahr, Sr.",Walter•Bahr,"1 April 1927 in Philadelphia, Pennsylvania (USA)","18 June 2018 in Boalsburg, Pennsylvania (USA)",United States,27692,180 cm / 68 kg,"Philadelphia Nationals, Philadelphia (USA) / Temple Owls, Philadelphia (USA)",,,,,,
1936 Summer Olympics,Male,James•Crockett,James•Crockett,"17 February 1910 in Philadelphia, Pennsylvania (USA)","30 July 1986 in Meadowbrook, Abington Township, Pennsylvania (USA)",United States,27719,,"Philadelphia Americans, Philadelphia (USA)",,,,,,
1924 Summer Olympics,Male,"Samuel Hugh ""Sam""•Dalrymple",Sam•Dalrymple,"22 December 1901 in Philadelphia, Pennsylvania (USA)","January 1981 in Norristown, Pennsylvania (USA)",United States,27722,,"Disston A. A., Philadelphia (USA)",,,,,,
1928 Summer Olympics,Male,"John J. ""Jack""•Deal",Jack•Deal,"5 April 1905 in Philadelphia, Pennsylvania (USA)",February 1983,United States,27726,,Wolfenden Shore Football Club,,,,,,
1924 Summer Olympics,Male,"Henry Charles ""Harry""•Farrell",Harry•Farrell,"2 October 1902 in Philadelphia, Pennsylvania (USA)","13 May 1980 in Mantua, New Jersey (USA)",United States,27737,,"Fairhill F. C., Philadelphia (USA)",,,,,,
1924 Summer Olympics,Male,Raymond Arthur•Hornberger,Raymond•Hornberger,"23 December 1898 in Philadelphia, Pennsylvania (USA)","28 May 1976 in Philadelphia, Pennsylvania (USA)",United States,27755,,"Disston A. A., Philadelphia (USA)",,,,,,
1924 Summer Olympics,Male,"Frances Burkhart ""Burke""•Jones",Burke•Jones,"25 April 1903 in Bridgeville, Pennsylvania (USA)","30 January 1983 in Carnegie, Pennsylvania (USA)",United States,27766,,Bridgeville Football Club,,,,,,
1948 Summer Olympics,Male,"Bernard Joseph ""Benny""•McLaughlin, Jr.",Benny•McLaughlin,"10 April 1928 in Philadelphia, Pennsylvania (USA)","27 December 2012 in West Chester, Pennsylvania (USA)",United States,27788,,"Philadelphia Nationals, Philadelphia (USA) / Temple Owls, Philadelphia (USA)",,,,,,
1936 Summer Olympics,Male,George•Nemchik,George•Nemchik,"14 March 1915 in Superior, Redstone Township, Pennsylvania (USA)","11 July 1988 in Trenton, New Jersey (USA)",United States,27797,,"Philadelphia Americans, Philadelphia (USA)",,,,,,
1928 Summer Olympics; 1936 Summer Olympics,Male,Francis John•Ryan,Francis•Ryan,"10 January 1908 in Philadelphia, Pennsylvania (USA)","14 October 1977 in Philadelphia, Pennsylvania (USA)",United States,27813,,German-American Football Club,Hun,,,,,
1928 Summer Olympics,Male,Harry James A.•Smith,Harry•Smith,"14 March 1907 in Philadelphia, Pennsylvania (USA)","11 December 1983 in Cheverly, Maryland (USA)",United States,27820,,Lighthouse Football Club,,,,,,
1988 Summer Olympics,Male,John Michael•Stollmeyer,John•Stollmeyer,"25 October 1962 in Pittsburgh, Pennsylvania (USA)",,United States,27827,175 cm / 80 kg,,,,,,,
1948 Summer Olympics,Male,"Archibald Louis ""Archie""•Strimel",Archie•Strimel,"30 June 1918 in Cecil, Pennsylvania (USA)","29 March 1990 in Cecil, Pennsylvania (USA)",United States,27829,,"Pittsburgh Curry Vets, Pittsburgh (USA)",,,,,,
1996 Summer Olympics,Male,"Anthony John ""A. J.""•Wood",A. J.•Wood,"17 August 1973 in Pittsburgh, Pennsylvania (USA)",,United States,27842,188 cm,"New York Red Bulls, New York (USA)",,,,,,
1948 Summer Olympics; 1952 Summer Olympics,Female,Marian Emma•Barone (Twining-),Marian•Barone,"18 March 1924 in Philadelphia, Pennsylvania (USA)","14 May 1996 in Richmond, Virginia (USA)",United States,29223,,"Philadelphia Turners, Philadelphia (USA)",,,,,,
1984 Summer Olympics,Female,"Pamela Jean ""Pam""•Bileck (-Flat)",Pam•Bileck,"1 December 1968 in Pittsburgh, Pennsylvania (USA)",,United States,29225,153 cm / 43 kg,Southern California Acro Teams,,,,,,
1936 Summer Olympics,Female,Margaret•Duff (-Colotte),Margaret•Duff,"19 October 1917 in Philadelphia, Pennsylvania (USA)",1974,United States,29239,,"Philadelphia Turners, Philadelphia (USA)",,,,,,
1956 Summer Olympics,Female,"Judith Ann ""Judy""•Howe (Hult-)",Judy•Howe,"25 June 1935 in Shippingport, Pennsylvania (USA)",,United States,29250,162 cm / 55 kg,Rochester Central Turners,,,,,,
1972 Summer Olympics,Female,"Joan Marie•Moore (-Rice, -Gnat)",Joan•Moore,"14 August 1954 in Philadelphia, Pennsylvania (USA)",,United States,29270,163 cm / 50 kg,Mannette Gym Club,,,,,,
1948 Summer Olympics; 1952 Summer Olympics,Female,Clara Marie•Schroth-Lomady,Clara•Schroth-Lomady,"5 October 1920 in Philadelphia, Pennsylvania (USA)","7 June 2014 in Carlisle, Pennsylvania (USA)",United States,29282,,"Philadelphia Turners, Philadelphia (USA)",,,,,,
1948 Summer Olympics,Male,William Alfred•Bonsall,William•Bonsall,"31 December 1923 in Philadelphia, Pennsylvania (USA)","23 February 2015 in Morgantown, West Virginia (USA)",United States,31299,,"Penn State Nittany Lions, State College (USA)",,,,,,
1948 Summer Olympics,Male,Louis John•Bordo,Louis•Bordo,"2 June 1920 in Philadelphia, Pennsylvania (USA)","27 February 2001 in Philadelphia, Pennsylvania (USA)",United States,31300,,"Penn State Nittany Lions, State College (USA)",,,,,,
1932 Summer Olympics,Male,"William John ""Bill""•Hermann",Bill•Hermann,"11 January 1912 in Philadelphia, Pennsylvania (USA)","6 October 2003 in Havertown, Pennsylvania (USA)",United States,31341,,,,,,,,
1948 Summer Olympics,Male,"Joseph ""Joe""•Kotys",Joe•Kotys,"31 October 1925 in Olyphant, Pennsylvania (USA)",21 August 2012,United States,31363,,"Kent State Golden Flashes, Kent, Ohio (USA)",,,,,,
1924 Summer Olympics,Male,John Charles•Mais,John•Mais,"17 January 1888 in Philadelphia, Pennsylvania (USA)",8 August 1974,United States,31379,164 cm,"Philadelphia Turngemeinde, Philadelphia (USA)",,,,,,
1968 Summer Olympics,Male,"Stephen Robert ""Steve""•Cohen",Steve•Cohen,"28 April 1946 in Philadelphia, Pennsylvania (USA)",,United States,31396,170 cm / 70 kg,"Penn Quakers, Philadelphia (USA)",,,,,,
1936 Summer Olympics,Male,"Chester Wilson ""Chet""•Phillips",Chet•Phillips,"23 October 1913 in Philadelphia, Pennsylvania (USA)","7 October 1988 in Lakeland, Florida (USA)",United States,31400,,"Temple Owls, Philadelphia (USA)",,,,,,
1996 Summer Olympics,Male,Kip Alexander•Simons,Kip•Simons,"11 September 1972 in Media, Pennsylvania (USA)",,United States,31438,,"The Ohio State Buckeyes, Columbus (USA)",,,,,,
1948 Summer Olympics,Male,"Raymond Stephen ""Ray""•Sorensen",Ray•Sorensen,"12 May 1922 in Warren, Pennsylvania (USA)",17 December 1974,United States,31440,,"Penn State Nittany Lions, State College (USA)",,,,,,
1952 Summer Olympics,Male,"Robert H. ""Bob""•Stout",Bob•Stout,"9 November 1925 in Philadelphia, Pennsylvania (USA)","15 July 1981 in Abington, Pennsylvania (USA)",United States,31446,,"Philadelphia Turners, Philadelphia (USA)",,,,,,
1988 Summer Olympics,Male,"Kenneth ""Wes""•Suter",Wes•Suter,"23 May 1964 in Philadelphia, Pennsylvania (USA)",,United States,31450,178 cm / 73 kg,"Nebraska Cornhuskers, Lincoln (USA)",,,,,,
1936 Summer Olympics,Male,George Edward•Wheeler,George•Wheeler,"14 December 1914 in Pittsburgh, Pennsylvania (USA)","8 July 1990 in New York, New York (USA)",United States,31472,,First United Presbyterian Community House,,,,,,
1984 Summer Olympics,Female,Melinda Ann•Hale (-Rhoads),Melinda•Hale,"19 April 1955 in Oil City, Pennsylvania (USA)",,United States,32937,172 cm / 64 kg,"National Team, (USA)",,,,,,
1936 Summer Olympics,Male,Edward Christian John•Hagen,Edward•Hagen,"4 March 1908 in Philadelphia, Pennsylvania (USA)","16 August 1963 in Philadelphia, Pennsylvania (USA)",United States,32984,,Cake Bakers Sport Club,,,,,,
1972 Summer Olympics; 1976 Summer Olympics,Male,"Harry William•Winkler, Jr.","Harry•Winkler, Jr.","10 April 1945 in Philadelphia, Pennsylvania (USA)",,United States,33024,190 cm / 91 kg,,,,,,,
1996 Summer Olympics,Female,Marisa Lee•Pedulla,Marisa•Pedulla,"25 April 1969 in Bellefonte, Pennsylvania (USA)",,United States,33280,52 kg,,,,,,,
1992 Summer Olympics; 1996 Summer Olympics; 2000 Summer Olympics,Female,Colleen•Rosensteel,Colleen•Rosensteel,"13 March 1967 in Greensburg, Pennsylvania (USA)",,United States,33298,180 cm / 104 kg,Cohen's Judo Club,,,,,,
1988 Summer Olympics; 1992 Summer Olympics; 1996 Summer Olympics,Male,Joseph Michael•Gostigian,Michael•Gostigian,"21 February 1963 in Newton Square, Pennsylvania (USA)",,United States,35148,178 cm / 73 kg,"NYAC, New York (USA)",Missak,,,,,
1932 Summer Olympics,Male,Clayton John•Mansfield,Clayton•Mansfield,"21 May 1906 in Norristown, Pennsylvania (USA)","9 January 1945 in Dochamps, Luxembourg (BEL)",United States,35158,,"US Army, (USA)",Clayte,,,,,
1964 Summer Olympics; 1968 Summer Olympics,Male,James Warren•Moore,James•Moore,"20 February 1935 in Erie, Pennsylvania (USA)",,United States,35162,175 cm / 67 kg,"US Army, (USA)",,,,,,
1924 Summer Olympics,Male,Frederick Robert•Pitts,Frederick•Pitts,"23 October 1898 in Philadelphia, Pennsylvania (USA)","19 October 1988 in Winter Park, Florida (USA)",United States,35166,169 cm,"US Army, (USA)",,,,,,
1976 Summer Olympics,Male,Dirk•Gidney,Dirk•Gidney,"23 April 1952 in Bryn Mawr, Pennsylvania (USA)",,Canada,36140,195 cm / 91 kg,,,,,,,
1984 Summer Olympics,Male,"William J. ""Bill""•Lang",Bill•Lang,"18 March 1956 in Pittsburgh, Pennsylvania (USA)",,Great Britain,37365,185 cm / 88 kg,Isis Boat Club,,,,,,
1976 Summer Olympics,Female,Diane•Braceland (-Vreugdenhil),Diane•Braceland,"27 January 1950 in Philadelphia, Pennsylvania (USA)",,United States,40437,163 cm / 62 kg,Vesper Boat Club/Long Beach Rowing Association,,,,,,
1984 Summer Olympics; 1988 Summer Olympics,Female,Barbara Ann•Kirch (-Grudt),Barbara•Kirch,"2 May 1960 in Abington, Pennsylvania (USA)",,United States,40475,183 cm / 77 kg,,,,,,,
1976 Summer Olympics,Female,Catherine Ann•Menges (-Zagunis),Catherine•Menges,"9 September 1952 in Pittsburgh, Pennsylvania (USA)",,United States,40491,175 cm / 67 kg,"Vesper Boat Club, Philadelphia (USA)",,,,,,
1984 Summer Olympics; 1988 Summer Olympics,Female,"Abigail Knickerbocker ""Abby""•Peck",Abby•Peck,"6 October 1956 in Scranton, Pennsylvania (USA)",,United States,40500,172 cm / 68 kg,,,,,,,
1996 Summer Olympics,Female,"Catherine P. ""Cathy""•Symon",Cathy•Symon,"16 December 1971 in Villanova, Pennsylvania (USA)",,United States,40514,188 cm / 77 kg,,,,,,,
1936 Summer Olympics,Male,"Daniel Hubert ""Dan""•Barrow, Jr.",Dan•Barrow,"22 July 1909 in Yeadon, Pennsylvania (USA)","4 November 1993 in Harrisburg, Pennsylvania (USA)",United States,40542,,"Penn AC, Philadelphia (USA)",,,,,,
1928 Summer Olympics,Male,Ernest Henry•Bayer,Ernest•Bayer,"27 September 1904 in Philadelphia, Pennsylvania (USA)","13 January 1997 in Stratham, New Hampshire (USA)",United States,40545,190 cm / 77 kg,"Pennsylvania Barge Club, Philadelphia (USA)",,,,,,
1984 Summer Olympics,Male,Bruce Edwin•Beall,Bruce•Beall,"20 October 1951 in Philadelphia, Pennsylvania (USA)",,United States,40546,195 cm / 93 kg,,,,,,,
1968 Summer Olympics,Male,Aspinwall Gardner•Cadwalader,Gardner•Cadwalader,"29 July 1948 in Chestnut Hill, Pennsylvania (USA)",,United States,40572,183 cm / 91 kg,"Penn Quakers, Philadelphia (USA)",The Big Yank,,,,,
1932 Summer Olympics,Male,Eugene•Clark,Eugene•Clark,"21 March 1906 in Glenolden, Pennsylvania (USA)","February 1981 in Havertown, Pennsylvania (USA)",United States,40589,,"Undine Barge Club, Philadelphia (USA)",,,,,,
1932 Summer Olympics,Male,Thomas•Clark,Thomas•Clark,"21 March 1906 in Glenolden, Pennsylvania (USA)",7 February 1990,United States,40590,,"Undine Barge Club, Philadelphia (USA)",,,,,,
1924 Summer Olympics; 1928 Summer Olympics,Male,Paul Vincent•Costello,Paul•Costello,"27 December 1894 in Philadelphia, Pennsylvania (USA)","17 April 1986 in Philadelphia, Pennsylvania (USA)",United States,40597,178 cm / 73 kg,"Penn AC, Philadelphia (USA)",,,,,,
1936 Summer Olympics,Male,"Thomas Aloysius ""Tom""•Curran",Tom•Curran,"27 September 1910 in Philadelphia, Pennsylvania (USA)","5 July 1990 in Somers Point, New Jersey (USA)",United States,40600,,"Penn AC, Philadelphia (USA)",Bear,,,,,
1936 Summer Olympics,Male,"George Lewis•Dahm, Jr.",George•Dahm,"11 July 1916 in Philadelphia, Pennsylvania (USA)","9 August 1980 in Belleville, Michigan (USA)",United States,40605,,"Penn AC, Philadelphia (USA)",,,,,,
1928 Summer Olympics,Male,James de Wolf•Hubbard,James•Hubbard,"7 December 1906 in Germantown, Pennsylvania (USA)","21 May 1960 in Hartland, Vermont (USA)",United States,40612,185 cm / 83 kg,"Harvard Crimson, Cambridge (USA)",,,,,,
1948 Summer Olympics,Male,John Vincent•Deeney,Vincent•Deeney,"23 January 1915 in Philadelphia, Pennsylvania (USA)","25 June 1999 in Sharon Hill, Pennsylvania (USA)",United States,40613,,"Vesper Boat Club, Philadelphia (USA)",,,,,,
1976 Summer Olympics,Female,Anita Lucette•DeFrantz,Anita•DeFrantz,"4 October 1952 in Philadelphia, Pennsylvania (USA)",,United States,40614,180 cm / 72 kg,"Vesper Boat Club, Philadelphia (USA)",,,,,,
1928 Summer Olympics; 1936 Summer Olympics,Male,"Joseph Michael ""Joe""•Dougherty",Joe•Dougherty,"3 July 1901 in Philadelphia, Pennsylvania (USA)","8 February 1981 in Upper Darby, Pennsylvania (USA)",United States,40620,190 cm / 84 kg,"Penn AC, Philadelphia (USA)",,,,,,
1932 Summer Olympics,Male,Charles Henry•Drueding,Charles•Drueding,"19 July 1913 in Philadelphia, Pennsylvania (USA)","6 January 1970 in Abington, Pennsylvania (USA)",United States,40624,,"Penn AC, Philadelphia (USA)",,,,,,
1936 Summer Olympics,Male,"William Russell ""Bill""•Dugan",Bill•Dugan,"13 June 1913 in Philadelphia, Pennsylvania (USA)","15 July 1996 in Atlantic City, New Jersey (USA)",United States,40626,,"Undine Barge Club, Philadelphia (USA)",,,,,,
1932 Summer Olympics,Male,"Francis J. ""Frank""•English",Frank•English,"2 June 1910 in Philadelphia, Pennsylvania (USA)","11 December 1998 in ?, Pennsylvania (USA)",United States,40633,183 cm / 77 kg,"Penn AC, Philadelphia (USA)",,,,,,
1984 Summer Olympics; 1988 Summer Olympics,Male,"Robert Douglas ""Bob""•Espeseth, Jr.","Bob•Espeseth, Jr.","25 October 1953 in Philadelphia, Pennsylvania (USA)",,United States,40636,193 cm / 95 kg,,,,,,,
1968 Summer Olympics,Male,"Jacques Poindexter ""Jake""•Fiechter",Jake•Fiechter,"19 March 1946 in Plymouth Meeting, Pennsylvania (USA)",,United States,40647,194 cm / 93 kg,"Vesper Boat Club, Philadelphia (USA)",,,,,,
1924 Summer Olympics; 1932 Summer Olympics,Male,William Evans Garrett•Gilmore,Garrett•Gilmore,"16 February 1895 in Wayne, Pennsylvania (USA)","5 December 1969 in Philadelphia, Pennsylvania (USA)",United States,40672,,"Bachelors Barge Club, Philadelphia (USA)",,,,,,
1928 Summer Olympics,Male,Augustus Shaw “Gus”•Goetz,Gus•Goetz,"21 August 1904 in Philadelphia, Pennsylvania (USA)","7 December 1976 in Ocean City, New Jersey (USA)",United States,40675,193 cm / 84 kg,"Penn AC, Philadelphia (USA)",,,,,,
1936 Summer Olympics,Male,John William•Houser,John•Houser,"2 December 1909 in Philadelphia, Pennsylvania (USA)",29 December 1991,United States,40692,,"Undine Barge Club, Philadelphia (USA)",,,,,,
1928 Summer Olympics,Male,George Albert•Healis,George•Healis,"3 June 1906 in Philadelphia, Pennsylvania (USA)","6 December 1990 in Fort Lauderdale, Florida (USA)",United States,40694,188 cm / 78 kg,"Pennsylvania Barge Club, Philadelphia (USA)",,,,,,
1996 Summer Olympics,Male,Jonathan Adam•Holland,Adam•Holland,"14 September 1971 in Philadelphia, Pennsylvania (USA)",,United States,40707,190 cm / 89 kg,Chesnut Hill Academy,,,,,,
1924 Summer Olympics; 1932 Summer Olympics,Male,"Edward Francis ""Ed""•Jennings",Ed•Jennings,"9 April 1898 in Philadelphia, Pennsylvania (USA)","9 February 1975 in San Diego, California (USA)",United States,40722,157 cm / 44 kg,"Pennsylvania Barge Club, Philadelphia (USA)",,,,,,
1932 Summer Olympics,Male,William Edgar•Johnson,Edgar•Johnson,"12 December 1905 in Philadelphia, Pennsylvania (USA)","19 January 1977 in Philadelphia, Pennsylvania (USA)",United States,40726,,"Penn AC, Philadelphia (USA)",,,,,,
1928 Summer Olympics,Male,Charles George•Karle,Charles•Karle,"15 May 1898 in Philadelphia, Pennsylvania (USA)","24 June 1946 in Bryn Mawr, Pennsylvania (USA)",United States,40732,183 cm / 79 kg,"Pennsylvania Barge Club, Philadelphia (USA)",,,,,,
1948 Summer Olympics; 1952 Summer Olympics; 1956 Summer Olympics; 1960 Summer Olympics,Male,"John Brenden ""Jack""•Kelly, Jr.","Jack•Kelly, Jr.","24 May 1927 in Philadelphia, Pennsylvania (USA)","2 March 1985 in Philadelphia, Pennsylvania (USA)",United States,40733,185 cm / 83 kg,"Vesper Boat Club, Philadelphia (USA)",Kell,,,,,
1924 Summer Olympics,Male,"John Brenden ""Jack""•Kelly, Sr.","Jack•Kelly, Sr.","4 October 1889 in Philadelphia, Pennsylvania (USA)","20 June 1960 in Philadelphia, Pennsylvania (USA)",United States,40734,187 cm,"Vesper Boat Club, Philadelphia (USA)",,,,,,
1924 Summer Olympics,Male,John Gerdell•Kennedy,John•Kennedy,"19 May 1900 in Philadelphia, Pennsylvania (USA)","September 1971 in Lakewood, Colorado (USA)",United States,40735,,"Pennsylvania Barge Club, Philadelphia (USA)",,,,,,
1932 Summer Olympics,Male,"Charles Mathias ""Charlie""•Kieffer",Charlie•Kieffer,"11 August 1910 in Philadelphia, Pennsylvania (USA)","8 November 1975 in Quakertown, Pennsylvania (USA)",United States,40738,,"Pennsylvania Barge Club, Philadelphia (USA)",,,,,,
1988 Summer Olympics,Male,Daniel Kevin•Lyons,Daniel•Lyons,"8 March 1958 in Upper Darby, Pennsylvania (USA)",,United States,40763,193 cm / 84 kg,,,,,,,
1928 Summer Olympics; 1932 Summer Olympics,Male,"Thomas Philip•Mack, Jr.","Thomas•Mack, Jr.","26 November 1913 in Philadelphia, Pennsylvania (USA)","7 October 2002 in Oswego, Illinois (USA)",United States,40765,147 cm / 41 kg,"Penn AC, Philadelphia (USA)",,,,,,
1932 Summer Olympics,Male,Edward•Marshall,Edward•Marshall,"8 October 1908 in St. Davids, Pennsylvania (USA)","26 May 1984 in Hyannis, Massachusetts (USA)",United States,40770,,"Penn AC, Philadelphia (USA)",,,,,,
1968 Summer Olympics,Male,"Anthony Edward ""Tony""•Martin, III",Tony•Martin,"3 September 1947 in Philadelphia, Pennsylvania (USA)",13 May 2005,United States,40771,191 cm / 89 kg,"Penn Quakers, Philadelphia (USA)",,,,,,
1932 Summer Olympics,Male,George A.•Mattson,George•Mattson,"20 November 1908 in Philadelphia, Pennsylvania (USA)","15 November 1997 in Upper Darby, Pennsylvania (USA)",United States,40776,,"Penn AC, Philadelphia (USA)",,,,,,
1932 Summer Olympics,Male,John Joseph•McCosker,John•McCosker,"10 October 1910 in Philadelphia, Pennsylvania (USA)","7 August 1965 in Springfield, Delaware, Pennsylvania (USA)",United States,40777,,"Penn AC, Philadelphia (USA)",,,,,,
1928 Summer Olympics,Male,Paul L.•McDowell,Paul•McDowell,"17 January 1905 in Philadelphia, Pennsylvania (USA)","14 August 1962 in Philadelphia, Pennsylvania (USA)",United States,40778,176 cm / 81 kg,"Pennsylvania Barge Club, Philadelphia (USA)",,,,,,
1928 Summer Olympics,Male,"Charles Joseph ""Charley""•McIlvaine, Sr.",Charley•McIlvaine,"6 August 1903 in Philadelphia, Pennsylvania (USA)","30 January 1975 in Ocean City, New Jersey (USA)",United States,40779,179 cm / 69 kg,"Penn AC, Philadelphia (USA)",,,,,,
1948 Summer Olympics,Male,John Vincent•McIntyre,John•McIntyre,"3 September 1928 in Philadelphia, Pennsylvania (USA)",5 January 2018,United States,40781,,"Vesper Boat Club, Philadelphia (USA)",,,,,,
1928 Summer Olympics; 1932 Summer Olympics,Male,"William Garfield ""Bill""•Miller",Bill•Miller,"16 March 1905 in Philadelphia, Pennsylvania (USA)","May 1985 in Carlisle, Pennsylvania (USA)",United States,40793,179 cm / 79 kg,"Pennsylvania Barge Club, Philadelphia (USA)",,,,,,
1924 Summer Olympics,Male,"Edward Paul ""Ed""•Mitchell, Jr.",Ed•Mitchell,"23 July 1901 in Philadelphia, Pennsylvania (USA)","25 June 1970 in Philadelphia, Pennsylvania (USA)",United States,40795,,"Pennsylvania Barge Club, Philadelphia (USA)",,,,,,
1992 Summer Olympics,Male,Michael James•Moore,Michael•Moore,"21 August 1970 in Philadelphia, Pennsylvania (USA)",,United States,40803,157 cm / 54 kg,"Temple Owls, Philadelphia (USA)",,,,,,
1972 Summer Olympics; 1976 Summer Olympics,Male,"James Edmond ""Jim""•Moroney, III",Jim•Moroney,"19 March 1953 in Philadelphia, Pennsylvania (USA)",,United States,40806,188 cm / 86 kg,"Vesper Boat Club, Philadelphia (USA)",,,,,,
1928 Summer Olympics; 1932 Summer Olympics,Male,"Kenneth ""Ken""•Myers",Ken•Myers,"26 August 1896 in Norristown, Pennsylvania (USA)",22 September 1972,United States,40814,185 cm / 79 kg,"Bachelors Barge Club, Philadelphia (USA)",,,,,,
1948 Summer Olympics,Male,"Robert Strahan ""Bob""•Perew",Bob•Perew,"5 August 1923 in Philadelphia, Pennsylvania (USA)","14 November 1999 in Denton, Texas (USA)",United States,40826,,"Yale Bulldogs, New Haven (USA)",,,,,,
1996 Summer Olympics,Male,"Michael Neil ""Mike""•Peterson",Mike•Peterson,"4 January 1967 in Gulph Mills, Pennsylvania (USA)",,United States,40829,195 cm / 95 kg,,,,,,,
1932 Summer Olympics,Male,Thomas William•Pierie,Thomas•Pierie,"12 May 1907 in Wyncote, Pennsylvania (USA)","26 January 1978 in Nashua, New Hampshire (USA)",United States,40834,,"Penn AC, Philadelphia (USA)",,,,,,
1932 Summer Olympics,Male,"Joseph Anthony ""Joe""•Schauers",Joe•Schauers,"27 May 1909 in Philadelphia, Pennsylvania (USA)","18 October 1987 in Philadelphia, Pennsylvania (USA)",United States,40862,,"Pennsylvania Barge Club, Philadelphia (USA)",,,,,,
1928 Summer Olympics,Male,John Victor•Schmitt,John•Schmitt,"23 December 1901 in Philadelphia, Pennsylvania (USA)","13 June 1991 in Largo, Florida (USA)",United States,40864,171 cm / 74 kg,"Pennsylvania Barge Club, Philadelphia (USA)",,,,,,
1952 Summer Olympics,Male,"Franklin Bradford ""Frank""•Shakespeare",Frank•Shakespeare,"31 May 1930 in Philadelphia, Pennsylvania (USA)",,United States,40869,,"US Naval Academy, Annapolis (USA)",,,,,,
1936 Summer Olympics,Male,Harry James•Sharkey,Harry•Sharkey,"24 August 1916 in Philadelphia, Pennsylvania (USA)","22 November 2002 in Newton Square, Pennsylvania (USA)",United States,40871,,"Penn AC, Philadelphia (USA)",,,,,,
1984 Summer Olympics; 1988 Summer Olympics,Male,"John Mantz•Strotbeck, III","John•Strotbeck, III","19 June 1957 in Bryn Mawr, Pennsylvania (USA)",,United States,40896,188 cm / 84 kg,,,,,,,
1988 Summer Olympics; 1992 Summer Olympics,Male,"Michael Francis ""Mike""•Teti",Mike•Teti,"20 September 1956 in Upper Darby, Pennsylvania (USA)",,United States,40902,188 cm / 84 kg,"Princeton Tigers, Princeton (USA)",,,,,,
1948 Summer Olympics,Male,Joseph Louis•Toland,Joseph•Toland,"22 December 1928 in Philadelphia, Pennsylvania (USA)","18 July 2002 in Abington, Pennsylvania (USA)",United States,40908,,"Vesper Boat Club, Philadelphia (USA)",,,,,,
1924 Summer Olympics,Male,Henry Reed•Welsford,Henry•Welsford,"14 June 1900 in Pittston, Pennsylvania (USA)","April 1974 in Pittsburgh, Pennsylvania (USA)",United States,40928,179 cm,"Pennsylvania Barge Club, Philadelphia (USA)",,,,,,
1924 Summer Olympics,Male,Harold C.•Wilson,Harold•Wilson,"15 January 1903 in Washington, Pennsylvania (USA)","2 May 1981 in Beach Haven, New Jersey (USA)",United States,40935,183 cm / 79 kg,"Pennsylvania Barge Club, Philadelphia (USA)",,,,,,
1960 Summer Olympics,Male,Robert Bruce•Wilson,Robert•Wilson,"9 October 1939 in Ridley Park, Pennsylvania (USA)",,United States,40936,190 cm / 79 kg,"US Navy, (USA)",,,,,,
1960 Summer Olympics,Male,Howard Thomas•Winfree,Howard•Winfree,"26 June 1938 in Chester, Pennsylvania (USA)",,United States,40937,190 cm / 87 kg,"US Navy, (USA)",,,,,,
1992 Summer Olympics; 1996 Summer Olympics,Female,"Constance Elizabeth ""Connie""•Petracek (Ryder-)",Connie•Petracek,"25 December 1947 in Chambersburg, Pennsylvania (USA)",,United States,44584,165 cm / 56 kg,,,,,,,
1984 Summer Olympics,Female,Mary Anne•Schweitzer (-Lewandowski),Mary Anne•Schweitzer,"15 March 1961 in Lancaster, Pennsylvania (USA)",,United States,44587,178 cm / 55 kg,Lancaster Recreation Rifle,,,,,,
1972 Summer Olympics; 1976 Summer Olympics,Male,"Donald Stanley ""Don""•Haldeman",Don•Haldeman,"29 May 1947 in Sellersville, Pennsylvania (USA)","22 February 2003 in Harleysville, Pennsylvania (USA)",United States,44676,186 cm / 93 kg,"US Army, (USA)",,,,,,
1932 Summer Olympics,Male,Edward David•Shumaker,Edward•Shumaker,"27 January 1896 in Beaver, Pennsylvania (USA)","27 May 1973 in Canton, Ohio (USA)",United States,44759,,,,,,,,
1992 Summer Olympics,Male,Frank•Leskaj,Frank•Leskaj,"16 April 1971 in Philadelphia, Pennsylvania (USA)",,Albania,44898,,"La Salle Explorers, Philadelphia (USA)",,,,,,
1968 Summer Olympics; 1972 Summer Olympics,Female,Jane Louise•Barkman (-Brown),Jane•Barkman,"20 September 1951 in Bryn Mawr, Pennsylvania (USA)",,United States,50958,169 cm / 61 kg,"Vesper Boat Club, Philadelphia (USA)",,,,,,
1924 Summer Olympics; 1928 Summer Olympics,Female,"Elizabeth Anna ""Betty""•Becker-Pinkston (-Campbell)",Betty•Becker-Pinkston,"6 March 1903 in Philadelphia, Pennsylvania (USA)","6 April 1989 in Detroit, Michigan (USA)",United States,50963,155 cm,Ambassador Swim Club,,,,,,
1976 Summer Olympics,Female,Brenda Grace•Borgh (-Bartlett),Brenda•Borgh,"27 October 1960 in Lower Merion, Pennsylvania (USA)",,United States,50969,175 cm / 63 kg,Lower Merion Swim Club,,,,,,
1956 Summer Olympics,Female,"Elizabeth Evadna ""Betty""•Brey (Mullen-)",Betty•Brey,"23 November 1931 in Weissport, Pennsylvania (USA)","21 March 2015 in Orlando, Florida (USA)",United States,50973,165 cm / 59 kg,"Walter Reed SC, Washington (USA)",,,,,,
1992 Summer Olympics; 1996 Summer Olympics,Female,Mary Ellen•Clark,Mary Ellen•Clark,"25 December 1962 in Abington, Pennsylvania (USA)",,United States,50986,155 cm / 54 kg,"The Ohio State Buckeyes, Columbus (USA)",,,,,,
1968 Summer Olympics; 1972 Summer Olympics,Female,"Eleanor Suzanne ""Ellie""•Daniel (-Drye)",Ellie•Daniel,"11 June 1950 in Philadelphia, Pennsylvania (USA)",,United States,51001,173 cm / 65 kg,"Arden Hills Swim Club, Sacramento (USA)",,,,,,
1960 Summer Olympics,Female,Susan Elizabeth•Doerr,Susan•Doerr,"13 January 1945 in Bryn Mawr, Pennsylvania (USA)",,United States,51004,164 cm / 50 kg,"Vesper Boat Club, Philadelphia (USA)",Sue,,,,,
1952 Summer Olympics,Female,Carolyn Virginia•Green (-Lewis),Carolyn•Green,"6 November 1933 in Germantown, Pennsylvania (USA)",,United States,51038,,Ft. Lauderdale Swim Association,,,,,,
1988 Summer Olympics; 1992 Summer Olympics,Female,Erika Marie•Hansen (-Stebbins),Erika•Hansen,"9 March 1970 in Bryn Mawr, Pennsylvania (USA)",,United States,51046,167 cm / 59 kg,"Texas Longhorns, Austin (USA)",,,,,,
1960 Summer Olympics; 1964 Summer Olympics,Female,Nina Adams•Harmar (-Thompson),Nina•Harmar,"11 December 1945 in Philadelphia, Pennsylvania (USA)",,United States,51048,173 cm / 64 kg,"Vesper Boat Club, Philadelphia (USA)",,,,,,
1928 Summer Olympics; 1932 Summer Olympics,Female,"Margaret ""Peg""•Hoffman",Peg•Hoffman,"19 June 1911 in Wilkes-Barre, Pennsylvania (USA)",25 March 1991,United States,51058,,Scranton Swimming Association,,,,,,
1992 Summer Olympics,Female,Karen Marie•LaFace (-Getzin),Karen•LaFace,"29 January 1966 in Pittsburgh, Pennsylvania (USA)",,United States,51092,155 cm / 50 kg,,,,,,,
1928 Summer Olympics,Female,"Susanne E. ""Susan""•Laird (-Scavey)",Susan•Laird,"18 July 1908 in Homestead, Pennsylvania (USA)","7 November 1933 in Pittsburgh, Pennsylvania (USA)",United States,51093,,"Carnegie Library Athletic Club, Homestead (USA)",,,,,,
1928 Summer Olympics; 1932 Summer Olympics,Female,Josephine Eveline•McKim (-Chalmers),Josephine•McKim,"4 January 1910 in Oil City, Pennsylvania (USA)","10 December 1992 in Woodstock, New York (USA)",United States,51116,,"Carnegie Library Athletic Club, Homestead (USA)",,,,,,
1992 Summer Olympics,Female,Nadia Anita Louise•Nall (-Richesson),Anita•Nall,"21 July 1976 in Harrisburg, Pennsylvania (USA)",,United States,51136,165 cm / 56 kg,,,,,,,
1968 Summer Olympics,Female,"Susanne Marie ""Susan""•Shields (-White)",Susan•Shields,"3 February 1952 in Erie, Pennsylvania (USA)",,United States,51189,170 cm / 60 kg,Plantation Swim Club,,,,,,
1988 Summer Olympics; 1992 Summer Olympics,Male,"David Charles ""Dave""•Berkoff",Dave•Berkoff,"30 November 1966 in Abington, Pennsylvania (USA)",,United States,51264,175 cm / 70 kg,,,,,,,
1948 Summer Olympics,Male,"Robert Elmer ""Bob""•Cowell",Bob•Cowell,"12 June 1924 in Uniontown, Pennsylvania (USA)","11 January 1960 in near Athens, Georgia (USA)",United States,51302,,"US Navy, (USA)",,,,,,
1976 Summer Olympics,Male,"Robert Lewis ""Rob""•Cragg, Jr.",Rob•Cragg,"26 September 1953 in Abington, Pennsylvania (USA)",,United States,51304,186 cm / 82 kg,"Penn Quakers, Philadelphia (USA)",,,,,,
1976 Summer Olympics,Male,"William Ronald ""Bill""•Forrester, Jr.",Bill•Forrester,"18 December 1957 in Darby, Pennsylvania (USA)",,United States,51342,180 cm / 79 kg,Randy Reese Swim Club,,,,,,
1968 Summer Olympics,Male,"Richard Walter ""Rick""•Gilbert",Rick•Gilbert,"23 September 1943 in Lancaster, Pennsylvania (USA)",,United States,51358,169 cm / 66 kg,"Bloomington Swim Club, Bloomington (USA)",,,,,,
1924 Summer Olympics,Male,"Henry Jamison ""Jam""•Handy",Jam•Handy,"6 March 1886 in Philadelphia, Pennsylvania (USA)","13 November 1983 in Detroit, Michigan (USA)",United States,51383,,"Michigan Wolverines, Ann Arbor (USA) / Chicago Central YMCA, Chicago (USA)",,,,,,
1948 Summer Olympics,Male,Bruce Ira•Harlan,Bruce•Harlan,"2 January 1926 in Marple Newtown, Pennsylvania (USA)","22 June 1959 in Norwalk, Connecticut (USA)",United States,51386,,"The Ohio State Buckeyes, Columbus (USA)",,,,,,
1996 Summer Olympics,Male,Jeremy Porter•Linn,Jeremy•Linn,"6 January 1975 in Harrisburg, Pennsylvania (USA)",,United States,51466,195 cm / 83 kg,"Tennessee Volunteers, Knoxville (USA)",The Goat,,,,,
1936 Summer Olympics,Male,John Joseph•Macionis,John•Macionis,"27 May 1916 in Philadelphia, Pennsylvania (USA)","16 February 2012 in Charlottesville, Virginia (USA)",United States,51473,,"Yale Bulldogs, New Haven (USA)",,,,,,
1972 Summer Olympics; 1976 Summer Olympics,Male,"Alexander Timothy ""Tim""•McKee",Tim•McKee,"14 March 1953 in Ardmore, Pennsylvania (USA)",,United States,51482,173 cm / 70 kg,"Suburban Seahawks Club, Newtown Square (USA)",,,,,,
1948 Summer Olympics; 1952 Summer Olympics,Male,"James Price ""Jimmy""•McLane, Jr.",Jimmy•McLane,"13 September 1930 in Pittsburgh, Pennsylvania (USA)","13 December 2020 in Ipswich, Massachusetts (USA)",United States,51485,,New Haven Swim Club,,,,,,
1992 Summer Olympics; 1996 Summer Olympics,Male,Eric John•Namesnik,Eric•Namesnik,"7 August 1970 in Butler, Pennsylvania (USA)","11 January 2006 in Ypsilanti, Michigan (USA)",United States,51504,185 cm / 78 kg,Club Wolverine,Snik,,,,,
1996 Summer Olympics; 2000 Summer Olympics,Male,David J.•Pichler,David•Pichler,"3 September 1968 in Butler, Pennsylvania (USA)",,United States,51521,183 cm / 77 kg,,,,,,,
1968 Summer Olympics,Male,"Stephen Karl ""Steve""•Rerych",Steve•Rerych,"14 May 1946 in Philadelphia, Pennsylvania (USA)",,United States,51529,200 cm / 91 kg,"NC State Wolfpack, Raleigh (USA)",,,,,,
1964 Summer Olympics; 1968 Summer Olympics,Male,"Carl Joseph•Robie, III",Carl•Robie,"12 May 1945 in Darby, Pennsylvania (USA)","30 November 2011 in Sarasota, Florida (USA)",United States,51534,178 cm / 73 kg,"Suburban Seahawks Club, Newtown Square (USA)",The Philadelphia Flyer,,,,,
1972 Summer Olympics,Male,"Richard Anthony ""Dick""•Rydze",Dick•Rydze,"15 March 1950 in Pittsburgh, Pennsylvania (USA)",28 November 2023,United States,51545,170 cm / 63 kg,"Michigan Wolverines, Ann Arbor (USA)",,,,,,
1924 Summer Olympics,Male,Adam Wyman•Smith,Adam•Smith,"28 December 1903 in Bradford, Pennsylvania (USA)","8 April 1985 in Wilmington, North Carolina (USA)",United States,51566,165 cm,Erie YMCA (Young Men's Christian Association),,,,,,
1948 Summer Olympics,Male,"Robert Raymond ""Bob""•Sohl",Bob•Sohl,"28 March 1928 in York, Pennsylvania (USA)","8 April 2001 in Highland Beach, Florida (USA)",United States,51570,,"Michigan Wolverines, Ann Arbor (USA)",,,,,,
1968 Summer Olympics,Male,"Andrew Edward ""Andy""•Strenk",Andy•Strenk,"7 July 1949 in Philadelphia, Pennsylvania (USA)",,United States,51580,188 cm / 75 kg,"LAAC, Los Angeles (USA)",,,,,,
1948 Summer Olympics,Male,"Joseph Thomas ""Joe""•Verdeur",Joe•Verdeur,"7 March 1926 in Philadelphia, Pennsylvania (USA)","6 August 1991 in Bryn Mawr, Pennsylvania (USA)",United States,51601,,"La Salle Explorers, Philadelphia (USA)",,,,,,
1988 Summer Olympics; 1992 Summer Olympics,Male,"David Lee ""Dave""•Wharton",Dave•Wharton,"19 May 1969 in Abington, Pennsylvania (USA)",,United States,51612,183 cm / 79 kg,,,,,,,
1956 Summer Olympics,Male,"Albert Marcus•Wiggins, Jr.",Albert•Wiggins,"27 May 1935 in Pittsburgh, Pennsylvania (USA)","1 June 2011 in Pittsburgh, Pennsylvania (USA)",United States,51615,193 cm / 91 kg,"The Ohio State Buckeyes, Columbus (USA)",,,,,,
1924 Summer Olympics; 1928 Summer Olympics,Male,Paul Henry (-Paul Knuth)•Wyatt,Paul•Wyatt,"27 February 1907 in Brier Hill, Pennsylvania (USA)","15 December 1970 in Brownsville, Pennsylvania (USA)",United States,51626,182 cm,Uniontown YMCA (Young Men's Christian Association),,,,,,
1996 Summer Olympics; 2000 Summer Olympics; 2004 Summer Olympics,Male,"Wolfgang Nathaniel ""Wolf""•Wigo",Wolf•Wigo,"8 May 1973 in Abington, Pennsylvania (USA)",,United States,54987,187 cm / 86 kg,"NYAC, New York (USA)",,,,,,
1968 Summer Olympics,Male,"Robert Raymond ""Bart""•Bartholomew",Bart•Bartholomew,"9 February 1936 in Allentown, Pennsylvania (USA)","30 June 2021 in Bethlehem, Pennsylvania (USA)",United States,56953,175 cm / 90 kg,"York Barbell Club, York (USA)",,,,,,
1976 Summer Olympics,Male,Samuel Leo•Bigler,Samuel•Bigler,"20 January 1947 in Columbia, Pennsylvania (USA)",,United States,56957,170 cm / 82 kg,"York Barbell Club, York (USA)",,,,,,
1936 Summer Olympics,Male,Walter Leisey•Good,Walter•Good,"27 January 1908 in Reamstown, Pennsylvania (USA)","8 July 2001 in Reading, Pennsylvania (USA)",United States,56978,75 kg,"YOBAC, York (USA)",,,,,,
1932 Summer Olympics; 1936 Summer Olympics,Male,"William L. ""Bill""•Good",Bill•Good,"14 May 1910 in Reamstown, Pennsylvania (USA)","19 April 2007 in Ephrata Manor, Pennsylvania (USA)",United States,56979,82 kg,"YOBAC, York (USA)",,,,,,
1968 Summer Olympics; 1972 Summer Olympics,Male,"Russell Lowell ""Russ""•Knipp",Russ•Knipp,"21 May 1942 in Pittsburgh, Pennsylvania (USA)","9 April 2006 in Santa Ana, California (USA)",United States,56994,158 cm / 74-75 kg,Athletes-in-Action,,,,,,
1964 Summer Olympics,Male,"William Frederick ""Bill""•March",Bill•March,"4 February 1937 in York, Pennsylvania (USA)","9 October 2022 in Wellsville, Pennsylvania (USA)",United States,57001,175 cm / 91 kg,"York Barbell Club, York (USA)",,,,,,
1936 Summer Olympics,Male,"David ""Dave""•Mayor",Dave•Mayor,"21 August 1916 in Philadelphia, Pennsylvania (USA)","27 May 2002 in Philadelphia, Pennsylvania (USA)",United States,57003,107 kg,"YOBAC, York (USA)",,,,,,
1936 Summer Olympics,Male,John Henry•Miller,John•Miller,"8 July 1909 in Parkesburg, Pennsylvania (USA)","April 1983 in Lancaster, Pennsylvania (USA)",United States,57006,82 kg,,,,,,,
1968 Summer Olympics,Male,"George Ernest ""Ernie""•Pickett",Ernie•Pickett,"27 June 1936 in Sykesville, Pennsylvania (USA)","1 July 2009 in ?, Florida (USA)",United States,57012,194 cm / 141 kg,"York Barbell Club, York (USA)",,,,,,
1948 Summer Olympics,Male,Frank Isaac•Spellman,Frank•Spellman,"17 September 1922 in Paoli, Pennsylvania (USA)","12 January 2017 in Gulf Breeze, Florida (USA)",United States,57022,73 kg,"York Barbell Club, York (USA)",,,,,,
1936 Summer Olympics; 1948 Summer Olympics,Male,John Basil•Terpak,John•Terpak,"4 July 1912 in Mayfield, Pennsylvania (USA)","1 June 1993 in Springettsbury Township, Pennsylvania (USA)",United States,57028,67 kg,"York Barbell Club, York (USA)",,,,,,
1936 Summer Olympics,Male,John Franklin•Terry,John•Terry,"20 December 1911 in Pittsburgh, Pennsylvania (USA)","3 September 1980 in Pittsburgh, Pennsylvania (USA)",United States,57029,60 kg,Titan Weightlifting Club,,,,,,
1996 Summer Olympics,Male,Kurt Steven•Angle,Kurt•Angle,"9 December 1968 in Pittsburgh, Pennsylvania (USA)",,United States,60563,178 cm / 100 kg,"Dave Schultz Wrestling Club, Palo Alto (USA)",,,,,,
1972 Summer Olympics,Male,"James Emmett ""Jimmy""•Carr",Jimmy•Carr,"28 January 1955 in Erie, Pennsylvania (USA)","15 August 2013 in Erie, Pennsylvania (USA)",United States,60591,165 cm / 51 kg,,,,,,,
1988 Summer Olympics,Male,"Nathaniel ""Nate""•Carr",Nate•Carr,"24 June 1960 in Erie, Pennsylvania (USA)",,United States,60592,165 cm / 68 kg,"Sunkist Kids Wrestling Club, Scottsdale (USA)",,,,,,
1960 Summer Olympics,Male,"Edward James ""Ed""•DeWitt",Ed•DeWitt,"9 June 1934 in Meadowlands, Pennsylvania (USA)",,United States,60610,178 cm / 79 kg,"US Army, (USA)",,,,,,
1976 Summer Olympics,Male,"Stanley Joseph ""Stan""•Dziedzic, Jr.",Stan•Dziedzic,"5 April 1949 in Allentown, Pennsylvania (USA)",,United States,60616,178 cm / 74 kg,"NYAC, New York (USA)",,,,,,
1960 Summer Olympics,Male,"Lawrence Eugene ""Larry""•Lauchle",Larry•Lauchle,"17 September 1939 in Muncy, Pennsylvania (USA)",,United States,60685,162 cm / 57 kg,"Pittsburgh Panthers, Pittsburgh (USA)",,,,,,
1964 Summer Olympics,Male,Gregory Koch•Ruth,Gregory•Ruth,"9 August 1939 in Bethlehem, Pennsylvania (USA)",,United States,60749,173 cm / 70 kg,"NYAC, New York (USA)",,,,,,
1956 Summer Olympics; 1960 Summer Olympics; 1964 Summer Olympics,Male,"John Richard ""Dick""•Wilson",Dick•Wilson,"19 November 1933 in Washington, Pennsylvania (USA)","31 December 2008 in Franklin, Tennessee (USA)",United States,60798,165 cm / 52 kg,"Toledo Rockets, Toledo (USA)",,,,,,
1956 Summer Olympics,Male,John Kent•Bryant,John•Bryant,"19 August 1930 in Philadelphia, Pennsylvania (USA)",,United States,61475,183 cm / 95 kg,"Mantoloking Yacht Club, Mantoloking (USA)",,,,,,
1952 Summer Olympics,Male,"Britton•Chance, Sr.",Britton•Chance,"24 July 1913 in Wilkes-Barre, Pennsylvania (USA)","16 November 2010 in Philadelphia, Pennsylvania (USA)",United States,61581,,,,,,,,
1972 Summer Olympics,Male,Charles John•Horter,Charles•Horter,"27 April 1948 in Philadelphia, Pennsylvania (USA)",,United States,62384,186 cm / 86 kg,Island Heights Yacht Club,,,,,,
1936 Summer Olympics,Male,"William Patrick•Keane, Jr.",William•Keane,"4 January 1899 in Pittsburgh, Pennsylvania (USA)","15 June 1949 in Gardner Canal, British Columbia (CAN)",United States,62571,193 cm / 80 kg,South Coast Corinthian Yacht Club,,,,,,
1988 Summer Olympics,Male,John Paul•Kostecki,John•Kostecki,"7 July 1964 in Pittsburgh, Pennsylvania (USA)",,United States,62649,180 cm / 77 kg,,,,,,,
1928 Summer Olympics,Male,"Frederick Wistar•Morris, III",Frederick•Morris,"11 August 1905 in Wyncote, Pennsylvania (USA)","10 November 1971 in Plymouth Meeting, Pennsylvania (USA)",United States,63063,,,,,,,,
1928 Summer Olympics,Male,Conway Howard•Olmsted,Conway•Olmsted,"28 October 1907 in Harrisburg, Pennsylvania (USA)","20 June 1989 in Lake Forest, Illinois (USA)",United States,63189,,,,,,,,
1936 Summer Olympics,Male,Frederick Williams•Shick,Frederick•Shick,"5 February 1914 in Bethlehem, Pennsylvania (USA)","9 August 1992 in Naples, Florida (USA)",United States,63573,,South Coast Corinthian Yacht Club,,,,,,
1956 Summer Olympics,Male,"Ferdinand Paul ""Andy""•Schoettle, Jr.",Andy•Schoettle,"17 August 1933 in Philadelphia, Pennsylvania (USA)","24 November 2010 in Vero Beach, Florida (USA)",United States,63587,185 cm / 81 kg,"Bay Head YC, Bay Head (USA)",,,,,,
1952 Summer Olympics,Male,Michael Beaver•Schoettle,Michael•Schoettle,"7 September 1936 in Philadelphia, Pennsylvania (USA)",,United States,63588,,,,,,,,
1988 Summer Olympics,Male,Gary M.•Fanelli,Gary•Fanelli,"24 October 1950 in Philadelphia, Pennsylvania (USA)",,American Samoa,64476,188 cm / 74 kg,,,,,,,
1936 Summer Olympics,Female,Alice Jean•Arden (-Hodge),Alice•Arden,"23 July 1914 in Philadelphia, Pennsylvania (USA)","29 February 2012 in Roscoe, New York (USA)",United States,77748,170 cm / 61 kg,St. George's Dragon Club of New York,,,,,,
1952 Summer Olympics,Female,Janet Marie•Dicks,Janet•Dicks,"6 February 1933 in Harrisburg, Pennsylvania (USA)",,United States,77807,168 cm / 65 kg,"Harrisburg AAU, Harrisburg (USA)",,,,,,
1984 Summer Olympics; 1988 Summer Olympics,Female,"Kimberly Ann ""Kim""•Gallagher",Kim•Gallagher,"11 June 1964 in Philadelphia, Pennsylvania (USA)","18 November 2002 in Oreland, Pennsylvania (USA)",United States,77838,165 cm / 47 kg,Puma and Energizer Track Club/Los Angeles Track Club,,,,,,
1968 Summer Olympics,Female,"Catherine Louise ""Cathy""•Hamblin",Cathy•Hamblin,"6 January 1953 in Pittsburgh, Pennsylvania (USA)",,United States,77853,164 cm / 51 kg,Jackson High School,,,,,,
1948 Summer Olympics,Female,"Frances Theresa•Kaszubski (Sobczak-, Gorn-)",Frances•Kaszubski,"15 May 1916 in Donora, Pennsylvania (USA)","11 April 2010 in Berea, Ohio (USA)",United States,77885,180 cm / 75 kg,North Olmsted-Westlake Athletic Club,,,,,,
1988 Summer Olympics; 1992 Summer Olympics,Female,Donna Lee•Mayhew,Donna•Mayhew,"20 June 1960 in Dupont, Pennsylvania (USA)",,United States,77909,160 cm / 70 kg,"South Bay Track Club, Torrance (USA) / Nike Coast Track Club, (USA)",,,,,,
1996 Summer Olympics; 2000 Summer Olympics,Female,Amy Lynn•Rudolph (-Carroll),Amy•Rudolph,"18 September 1973 in Ridgway, Pennsylvania (USA)",,United States,77957,176 cm / 55 kg,Reebok,,,,,,
1928 Summer Olympics; 1932 Summer Olympics,Female,Jean Marie•Shiley (-Newhouse),Jean•Shiley,"20 November 1911 in Harrisburg, Pennsylvania (USA)","11 March 1998 in Los Angeles, California (USA)",United States,77967,172 cm / 61 kg,"Haverford HS, Haverford (USA) / Meadowbrook Club, Philadelphia (USA)",,,,,,
1992 Summer Olympics,Female,"Anne Rochelle ""Shelly""•Steely (-Ramirez)",Shelly•Steely,"23 October 1962 in Reading, Pennsylvania (USA)",,United States,77975,170 cm / 55 kg,"Mizuno Track Club, Osaka (JPN)",,,,,,
1952 Summer Olympics; 1956 Summer Olympics,Male,"Horace•Ashenfelter, III",Horace•Ashenfelter,"23 January 1923 in Phoenixville, Pennsylvania (USA)","6 January 2018 in West Orange, New Jersey (USA)",United States,78050,178 cm / 66 kg,"NYAC, New York (USA)",Nip,,,,,
1952 Summer Olympics,Male,"William Nyman ""Bill""•Ashenfelter",Bill•Ashenfelter,"16 October 1924 in Collegeville, Pennsylvania (USA)","4 June 2010 in West Chester, Pennsylvania (USA)",United States,78051,185 cm / 68 kg,"NYAC, New York (USA)",,,,,,
1928 Summer Olympics,Male,"Alfred Hilborn ""Al""•Bates",Al•Bates,"24 April 1905 in Philadelphia, Pennsylvania (USA)","9 June 1999 in Philadelphia, Pennsylvania (USA)",United States,78087,183 cm / 70 kg,"Penn State Nittany Lions, State College (USA)",,,,,,
1928 Summer Olympics,Male,"Bernard Ernst ""Barney""•Berlinger",Barney•Berlinger,"13 March 1908 in Philadelphia, Pennsylvania (USA)","2 December 2002 in Carversville, Pennsylvania (USA)",United States,78106,186 cm / 91 kg,"Penn Quakers, Philadelphia (USA)",,,,,,
1992 Summer Olympics,Male,Leroy Russell•Burrell,Leroy•Burrell,"21 February 1967 in Philadelphia, Pennsylvania (USA)",,United States,78178,183 cm / 82 kg,"Santa Monica Track Club, Santa Monica (USA)",,,,,,
1960 Summer Olympics,Male,"Albert Anthony ""Al""•Cantello",Al•Cantello,"9 June 1931 in Norristown, Pennsylvania (USA)",,United States,78195,171 cm / 74 kg,"US Marine Corps, (USA)",,,,,,
1956 Summer Olympics,Male,"Nicholas ""Nick""•Costes",Nick•Costes,"3 August 1926 in Farrell, Pennsylvania (USA)","24 March 2003 in Lexington, Kentucky (USA)",United States,78267,167 cm / 55 kg,,,,,,,
1956 Summer Olympics,Male,"Joshua ""Josh""•Culbreath",Josh•Culbreath,"14 September 1932 in Norristown, Pennsylvania (USA)","1 July 2021 in Cincinnati, Ohio (USA)",United States,78284,170 cm / 62 kg,"US Marine Corps, (USA)",,,,,,
1956 Summer Olympics; 1960 Summer Olympics; 1964 Summer Olympics,Male,Ira Sylvester•Davis,Ira•Davis,"25 September 1936 in Philadelphia, Pennsylvania (USA)",,United States,78298,183 cm / 72 kg,"Philadelphia Pioneer Club, Philadelphia (USA)",,,,,,
1932 Summer Olympics,Male,"Daniel Ely ""Dan""•Dean",Dan•Dean,"3 January 1909 in Williamsport, Pennsylvania (USA)","13 September 2004 in Naples, Florida (USA)",United States,78310,179 cm / 66 kg,"Penn Quakers, Philadelphia (USA)",,,,,,
1948 Summer Olympics; 1952 Summer Olympics,Male,John Michael•Deni,John•Deni,"8 May 1903 in Philadelphia, Pennsylvania (USA)","4 February 1978 in Pittsburgh, Pennsylvania (USA)",United States,78318,178 cm / 77 kg,Pittsburgh Boys Club,,,,,,
1948 Summer Olympics,Male,"Herbert Paul ""Herb""•Douglas, Jr.",Herb•Douglas,"9 March 1922 in Pittsburgh, Pennsylvania (USA)","22 April 2023 in Pittsburgh, Pennsylvania (USA)",United States,78334,175 cm / 67 kg,"Pittsburgh Panthers, Pittsburgh (USA)",,,,,,
1996 Summer Olympics; 2000 Summer Olympics,Male,"Jonathan A. ""Jon""•Drummond",Jon•Drummond,"9 September 1968 in Philadelphia, Pennsylvania (USA)",,United States,78344,175 cm / 75 kg,Nike / HSI,,,,,,
1924 Summer Olympics,Male,"Schuyler Colfax ""Sky""•Enck",Sky•Enck,"25 January 1900 in Columbia, Pennsylvania (USA)","1 November 1970 in Harrisburg, Pennsylvania (USA)",United States,78372,178 cm / 73 kg,"Penn State Nittany Lions, State College (USA)",,,,,,
1948 Summer Olympics,Male,"Henry Norwood ""Barney""•Ewell",Barney•Ewell,"25 February 1918 in Harrisburg, Pennsylvania (USA)","4 April 1996 in Lancaster, Pennsylvania (USA)",United States,78384,180 cm / 71 kg,,,,,,,
1948 Summer Olympics,Male,"Victor Henry ""Vic""•Frank, Jr.",Vic•Frank,"4 April 1927 in Philadelphia, Pennsylvania (USA)","6 April 2010 in Englewood, New Jersey (USA)",United States,78416,183 cm / 90 kg,"Yale Bulldogs, New Haven (USA)",,,,,,
1976 Summer Olympics,Male,Herman Ronald•Frazier,Herman•Frazier,"29 October 1954 in Philadelphia, Pennsylvania (USA)",,United States,78417,184 cm / 73 kg,"Philadelphia Pioneer Club, Philadelphia (USA)",,,,,,
1924 Summer Olympics,Male,John Joseph•Gray,John•Gray,"24 December 1894 in Manayunk, Philadelphia, Pennsylvania (USA)","12 June 1942 in Philadelphia, Pennsylvania (USA)",United States,78473,170 cm / 57 kg,"Enterprise C. Y. M. A. U., Philadelphia (USA)",,,,,,
1948 Summer Olympics,Male,George James•Guida,George•Guida,"29 August 1924 in Philadelphia, Pennsylvania (USA)","7 September 2015 in San Francisco, California (USA)",United States,78486,175 cm / 73 kg,"Villanova Wildcats, Villanova (USA)",,,,,,
1976 Summer Olympics,Male,"Anthony ""Tony""•Hall",Tony•Hall,"17 March 1950 in Philadelphia, Pennsylvania (USA)",,United States,78498,190 cm / 102 kg,Bruce Track Club,,,,,,
1968 Summer Olympics,Male,"Ervin Henry ""Erv""•Hall",Erv•Hall,"2 July 1947 in Philadelphia, Pennsylvania (USA)",,United States,78502,183 cm / 75 kg,"Philadelphia Pioneer Club, Philadelphia (USA)",,,,,,
1956 Summer Olympics,Male,"Richard Lewis ""Dick""•Hart",Dick•Hart,"19 March 1927 in West Grove, Pennsylvania (USA)","15 February 1991 in ?, California (USA)",United States,78522,188 cm / 72 kg,Collegiate Track & Field Club,,,,,,
1924 Summer Olympics,Male,George Leroy•Hill,George•Hill,"17 April 1901 in Lansford, Pennsylvania (USA)","18 January 1992 in Mannington township, New Jersey (USA)",United States,78552,180 cm / 64 kg,"Penn Quakers, Philadelphia (USA)",,,,,,
1948 Summer Olympics,Male,"Jeffrey L. ""Jeff""•Kirk",Jeff•Kirk,"25 October 1923 in Philadelphia, Pennsylvania (USA)","20 February 1976 in Garden City, New York (USA)",United States,78657,185 cm / 78 kg,"Penn Quakers, Philadelphia (USA)",,,,,,
1960 Summer Olympics,Male,"Robert Franklin ""Bob""•Mimm",Bob•Mimm,"18 October 1924 in Lancaster, Pennsylvania (USA)","7 May 2017 in Willingboro, New Jersey (USA)",United States,78796,180 cm / 68 kg,Penn Athletic Club,Fats,,,,,
1928 Summer Olympics,Male,Jesse Langford•Montgomery,Jesse•Montgomery,"29 July 1904 in Lansford, Pennsylvania (USA)","15 November 1976 in Port Richey, Florida (USA)",United States,78804,187 cm / 75 kg,"Penn Quakers, Philadelphia (USA)",,,,,,
1952 Summer Olympics,Male,"Charles Hewes ""Charlie""•Moore, Jr.",Charlie•Moore,"12 August 1929 in Coatesville, Pennsylvania (USA)","8 October 2020 in Laporte, Pennsylvania (USA)",United States,78806,185 cm / 77 kg,"NYAC, New York (USA)",,,,,,
1988 Summer Olympics; 1992 Summer Olympics; 1996 Summer Olympics,Male,"Michael Anthony ""Mike""•Powell",Mike•Powell,"10 November 1963 in Philadelphia, Pennsylvania (USA)",,United States,78914,188 cm / 77 kg,"Foot Locker Athletic Club, New York (USA)",,,,,,
1924 Summer Olympics; 1928 Summer Olympics,Male,John Luther•Romig,John•Romig,"6 October 1898 in Beaver Springs, Pennsylvania (USA)","16 March 1984 in Kennett Square, Pennsylvania (USA)",United States,78975,176 cm / 62 kg,"Meadowbrook Club, Philadelphia (USA)",Blondy,,,,,
1972 Summer Olympics,Male,"William David ""Bill""•Schmidt",Bill•Schmidt,"29 December 1947 in Muse, Pennsylvania (USA)",,United States,78999,183 cm / 100 kg,"US Army, (USA)",,,,,,
1956 Summer Olympics; 1960 Summer Olympics; 1964 Summer Olympics,Male,"William John ""Bill""•Sharpe",Bill•Sharpe,"23 January 1932 in Philadelphia, Pennsylvania (USA)","28 December 1995 in ?, Pennsylvania (USA)",United States,79023,182 cm / 76 kg,"Philadelphia Pioneer Club, Philadelphia (USA)",,,,,,
1976 Summer Olympics,Male,"Michael Lyle ""Mike""•Shine",Mike•Shine,"19 September 1953 in Warren, Pennsylvania (USA)",,United States,79036,183 cm / 75 kg,"Philadelphia Pioneer Club, Philadelphia (USA)",,,,,,
1996 Summer Olympics,Male,LaMont•Smith,LaMont•Smith,"11 December 1972 in Philadelphia, Pennsylvania (USA)",,United States,79060,188 cm / 73 kg,"Santa Monica Track Club, Santa Monica (USA)",,,,,,
1976 Summer Olympics; 1984 Summer Olympics,Male,"Willie James•Smith, III",Willie•Smith,"28 February 1956 in Rochester, Pennsylvania (USA)","7 November 2020 in Sylacauga, Alabama (USA)",United States,79067,173 cm / 73 kg,Kappa Sports Club,,,,,,
1956 Summer Olympics,Male,"Arnold M. ""Arnie""•Sowell",Arnie•Sowell,"6 April 1935 in Pittsburgh, Pennsylvania (USA)",,United States,79074,180 cm / 61 kg,"Pittsburgh Panthers, Pittsburgh (USA)",,,,,,
1992 Summer Olympics,Male,"Steven Anthony ""Steve""•Spence",Steve•Spence,"9 May 1962 in Harrisburg, Pennsylvania (USA)",,United States,79076,175 cm / 62 kg,New Balance Track Club,,,,,,
1948 Summer Olympics; 1952 Summer Olympics; 1956 Summer Olympics,Male,"Curtis Charles ""Curt""•Stone",Curt•Stone,"19 November 1922 in Brooklyn, Pennsylvania (USA)","30 July 2021 in Kent, Ohio (USA)",United States,79099,175 cm / 61 kg,"NYAC, New York (USA)",,,,,,
1924 Summer Olympics,Male,"Arthur Addison ""Art""•Studenroth",Art•Studenroth,"9 October 1899 in Columbia, Pennsylvania (USA)","14 March 1992 in Albany, New York (USA)",United States,79102,,"Meadowbrook Club, Philadelphia (USA)",,,,,,
1968 Summer Olympics,Male,"William Anthony ""Bill""•Toomey",Bill•Toomey,"10 January 1939 in Philadelphia, Pennsylvania (USA)",,United States,79133,187 cm / 87 kg,"Southern California Striders, Anaheim (USA)",,,,,,
1972 Summer Olympics,Male,William Franklin•Weigle,William•Weigle,"25 May 1940 in Carlisle, Pennsylvania (USA)",,United States,79174,183 cm / 73 kg,University of Michigan,,,,,,
1936 Summer Olympics,Male,John Youie•Woodruff,John•Woodruff,"5 July 1915 in Connellsville, Pennsylvania (USA)","30 October 2007 in Fountain Hills, Arizona (USA)",United States,79213,189 cm / 75 kg,"Pittsburgh Panthers, Pittsburgh (USA)",Long John,,,,,
1936 Summer Olympics,Male,Stanley Joseph•Wudyka,Stanley•Wudyka,"13 March 1910 in Philadelphia, Pennsylvania (USA)","25 January 2003 in Atlantic City, New Jersey (USA)",United States,79220,179 cm / 67 kg,"Meadowbrook Club, Philadelphia (USA)",,,,,,
1952 Summer Olympics,Male,Dewey Lee•Yoder,Lee•Yoder,"18 July 1930 in Philadelphia, Pennsylvania (USA)","17 May 2023 in Green Cove Springs, Florida (USA)",United States,79223,187 cm / 75 kg,"Arkansas Razorbacks, Fayetteville (USA)",,,,,,
1932 Summer Olympics,Male,"Peter Timothy ""Pete""•Zaremba",Pete•Zaremba,"7 April 1908 in Aliquippa, Pennsylvania (USA)","17 September 1994 in Kingwood, Texas (USA)",United States,79234,195 cm / 92 kg,"NYAC, New York (USA)",,,,,,
2000 Summer Olympics,Female,Dawn C.•Burrell,Dawn•Burrell,"1 November 1973 in Philadelphia, Pennsylvania (USA)",,United States,89102,176 cm / 58 kg,"US Army, (USA)",,,,,,
2000 Summer Olympics; 2004 Summer Olympics,Female,Shayne•Culpepper (Wille-),Shayne•Culpepper,"3 December 1973 in Haverford, Pennsylvania (USA)",,United States,89115,165 cm / 51 kg,"adidas, Herzogenaurach (GER)",,,,,,
2000 Summer Olympics,Male,"Bradley ""Brad""•Hauser",Brad•Hauser,"28 March 1977 in Danville, Pennsylvania (USA)",,United States,89133,190 cm / 68 kg,"Nike, Beaverton (USA)",,,,,,
2000 Summer Olympics,Male,Rick Michael•Krivda,Rick•Krivda,"19 January 1970 in McKeesport, Pennsylvania (USA)",,United States,89742,185 cm / 84 kg,"Rochester Red Wings, Rochester (USA)",,,,,,
2000 Summer Olympics,Female,Tanya A.•Lindenmuth,Tanya•Lindenmuth,"25 May 1979 in Allentown, Pennsylvania (USA)",,United States,90537,155 cm / 59 kg,,,,,,,
2000 Summer Olympics,Male,"Christopher John ""Chris""•Albright",Chris•Albright,"14 January 1979 in Philadelphia, Pennsylvania (USA)",,United States,91199,185 cm / 81 kg,"D.C. United, Washington (USA)",,,,,,
2000 Summer Olympics,Male,"Benjamin Robert ""Ben""•Olsen",Ben•Olsen,"3 May 1977 in Harrisburg, Pennsylvania (USA)",,United States,91208,170 cm / 68 kg,"D.C. United, Washington (USA)",,,,,,
2000 Summer Olympics,Male,Garrett A.•Miller,Garrett•Miller,"7 June 1977 in Philadelphia, Pennsylvania (USA)",,United States,92724,193 cm / 98 kg,La Salle College HS,,,,,,
2000 Summer Olympics; 2004 Summer Olympics; 2008 Summer Olympics,Male,Paul•Teti,Paul•Teti,"5 February 1977 in Upper Darby, Pennsylvania (USA)",,United States,92736,183 cm / 82 kg,Princeton University/USRowing Training Center/New York Athletic Club,,,,,,
2000 Summer Olympics,Male,Thomas R.•Welsh,Thomas•Welsh,"6 May 1977 in Philadelphia, Pennsylvania (USA)",,United States,92739,196 cm / 91 kg,,,,,,,
2000 Summer Olympics; 2004 Summer Olympics,Male,"Michael J. ""Mike""•Wherley",Mike•Wherley,"15 March 1972 in Southampton, Pennsylvania (USA)",,United States,92741,200 cm / 97 kg,Princeton Training Centre,,,,,,
2000 Summer Olympics,Male,Mark Kyle•Salyards,Kyle•Salyards,"17 December 1980 in Lancaster, Pennsylvania (USA)",,United States,93862,180 cm / 77 kg,,,,,,,
2000 Summer Olympics,Female,"Madeleine Marie ""Maddy""•Crippen",Maddy•Crippen,"10 July 1980 in Conshohocken, Pennsylvania (USA)",,United States,93872,170 cm / 64 kg,Germantown Academy Aquatic Club,,,,,,
2000 Summer Olympics,Female,"Kristina Ann ""Kristy""•Kowal",Kristy•Kowal,"9 October 1978 in Reading, Pennsylvania (USA)",,United States,93874,182 cm / 66 kg,"Athens Bulldog Swim Club, Hull, Georgia (USA)",,,,,,
2000 Summer Olympics,Male,"Shigetaru Tomasu ""Thomas""•Shimada",Thomas•Shimada,"10 February 1975 in Philadelphia, Pennsylvania (USA)",,Japan,94244,178 cm / 77 kg,,,,,,"嶋田•重太郎 ""トーマス""",
2000 Summer Olympics,Male,Cary Joseph•Kolat,Cary•Kolat,"19 May 1973 in Rices Landing, Pennsylvania (USA)",,United States,95173,162 cm / 63 kg,Dave Schultz Wrestling Club,,,,,,
1932 Summer Olympics,Male,"John Hobart Warren•Ingersoll, III",Warren•Ingersoll,"22 March 1908 in Philadelphia, Pennsylvania (USA)","6 September 1995 in Spring House, Pennsylvania (USA)",United States,100853,,,,,,,,
1932 Summer Olympics,Male,Roy Riddell•Coffin,Roy•Coffin,"10 May 1898 in Philadelphia, Pennsylvania (USA)","10 November 1982 in Lower Merion, Pennsylvania (USA)",United States,100854,,"Germantown Cricket Club, Philadelphia",,,,,,
2004 Summer Olympics; 2012 Summer Olympics,Female,"Swintayla Marie ""Swin""•Cash (-Canal)",Swin•Cash,"22 September 1979 in McKeesport, Pennsylvania (USA)",,United States,103098,185 cm / 74 kg,"Detroit Shock, Detroit (USA) / Chicago Sky, Chicago (USA)",,,,,,
2004 Summer Olympics; 2008 Summer Olympics; 2012 Summer Olympics,Male,Brendan Joseph•Hansen,Brendan•Hansen,"15 August 1981 in Havertown, Pennsylvania (USA)",,United States,103223,183 cm / 85 kg,"Circle Club, Austin/Longhorn Aquatics",,,,,,
2004 Summer Olympics,Male,Peter•Wells,Peter•Wells,"28 August 1974 in Paoli, Pennsylvania (USA)",,United States,104020,175 cm / 68 kg,Santa Monica and Newport Harbour Yacht Clubs,,,,,,
2004 Summer Olympics,Male,Pete•Spaulding,Pete•Spaulding,"28 November 1975 in Newtown, Pennsylvania (USA)",,United States,104078,182 cm / 72 kg,Wild Harbor Yacht Club,,,,,,
2004 Summer Olympics; 2008 Summer Olympics; 2012 Summer Olympics,Female,Lauryn Chenet•Williams,Lauryn•Williams,"11 September 1983 in Pittsburgh, Pennsylvania (USA)",,United States,104900,160 cm / 67 kg,"Nike, Beaverton (USA)",Wildebeest,,,,,
2004 Summer Olympics,Female,Joanna Dove•Hayes,Joanna•Hayes,"23 December 1976 in Williamsport, Pennsylvania (USA)",,United States,105315,167 cm / 58 kg,"Nike, Beaverton (USA)",,,,,,
2004 Summer Olympics,Male,Sultan•Tucker,Sultan•Tucker,"24 October 1978 in Philadelphia, Pennsylvania (USA)",,Liberia,105833,183 cm / 88 kg,,,,,,,
2004 Summer Olympics,Male,Rock•Allen,Rock•Allen,"5 September 1981 in Philadelphia, Pennsylvania (USA)",,United States,106257,170 cm / 63 kg,Concrete Jungle Boxing Club,,,,,,
2004 Summer Olympics,Male,"Andrew Robert ""Andy""•Potts",Andy•Potts,"28 December 1976 in Hershey, Pennsylvania (USA)",,United States,106525,187 cm / 78 kg,,,,,,,
2004 Summer Olympics; 2008 Summer Olympics,Male,Giddeon•Massie,Giddeon•Massie,"27 August 1981 in Bethlehem, Pennsylvania (USA)",,United States,106916,188 cm / 95 kg,SPiKE Professional Track Cycling Team,,,,,,
2004 Summer Olympics,Female,Mohini•Bhardwaj (-Barry),Mohini•Bhardwaj,"29 September 1978 in Philadelphia, Pennsylvania (USA)",,United States,107145,147 cm / 43 kg,Brown's Gymnastics,Mo,,मोहिनी भारद्वाज,,,
2004 Summer Olympics,Male,Guard Wayne•Young,Guard•Young,"3 June 1977 in State College, Pennsylvania (USA)",,United States,107230,160 cm / 55 kg,Team Chevron Oklahoma,,,,,,
2004 Summer Olympics; 2012 Summer Olympics,Female,Lisa•Raymond,Lisa•Raymond,"10 August 1973 in Norristown, Pennsylvania (USA)",,United States,107306,165 cm / 55 kg,,,,,,,
2004 Summer Olympics,Male,Peter•Nyari,Peter•Nyari,"4 September 1971 in Erie, Pennsylvania (USA)",,Italy,108359,180 cm / 82 kg,"San Marino Baseball Club, San Marino (SMR)",,,,,,
2008 Summer Olympics,Male,"Marvell•Wynne, II",Marvell•Wynne,"6 May 1986 in Pittsburgh, Pennsylvania (USA)",,United States,111296,175 cm / 82 kg,"Toronto FC, Toronto (CAN)",,,,,,
2008 Summer Olympics; 2012 Summer Olympics,Female,Jamie Lynn•Beyerle-Gray (-Corkish),Jamie•Beyerle-Gray,"26 May 1984 in Lebanon, Pennsylvania (USA)",,United States,111713,157 cm / 55 kg,Palmyra Sportsman Club,,,,,,
2008 Summer Olympics,Male,"Michael ""Mike""•Friedman",Mike•Friedman,"19 September 1982 in Pittsburgh, Pennsylvania (USA)",,United States,113229,175 cm / 77 kg,Slipstream - Chipotle Presented by H30,Meatball,,,,,
2008 Summer Olympics,Male,"Michael Paul ""Mike""•Koplove",Mike•Koplove,"30 August 1976 in Philadelphia, Pennsylvania (USA)",,United States,113437,178 cm / 77 kg,"Las Vegas 51s, Las Vegas (USA)",,,,,,
2008 Summer Olympics,Male,"Jon-Robert ""J. R.""•Holden",J. R.•Holden,"10 August 1976 in Pittsburgh, Pennsylvania (USA)",,Russian Federation,113612,180 cm / 82 kg,"CSKA Moskva, Moskva (RUS)",J. R.,,,,"Джон Роберт ""Джей Ар""•Холден",
2008 Summer Olympics; 2012 Summer Olympics,Male,Kobe Bean•Bryant,Kobe•Bryant,"23 August 1978 in Philadelphia, Pennsylvania (USA)","26 January 2020 in Calabasas, California (USA)",United States,113621,198 cm / 100 kg,"Los Angeles Lakers, Los Angeles (USA)",The Black Mamba,,,,,
2008 Summer Olympics,Female,"Angela ""Angie""•Loy",Angie•Loy,"23 April 1982 in Harrisburg, Pennsylvania (USA)",,United States,114050,175 cm / 66 kg,,,,,,,
2008 Summer Olympics; 2012 Summer Olympics,Female,Keli•Smith-Puzo,Keli•Smith-Puzo,"25 January 1979 in Lewisburg, Pennsylvania (USA)",,United States,114053,165 cm / 66 kg,,,,,,,
2008 Summer Olympics; 2012 Summer Olympics; 2016 Summer Olympics,Female,Lauren•Crandall,Lauren•Crandall,"17 March 1985 in Pittsburgh, Pennsylvania (USA)",,United States,114055,161 cm / 58 kg,,,,,,,
2008 Summer Olympics,Female,Dana•Sensenig,Dana•Sensenig,"30 November 1984 in Lancaster, Pennsylvania (USA)",,United States,114056,165 cm / 64 kg,,,,,,,
2008 Summer Olympics,Female,Jesse Ellen•Gey,Jesse•Gey,"1 July 1985 in Norristown, Pennsylvania (USA)",,United States,114060,163 cm / 61 kg,"North Carolina Tar Heels, Chapel Hill (USA)",,,,,,
2008 Summer Olympics; 2012 Summer Olympics,Female,Amy•Tran-Swensen,Amy•Tran-Swensen,"2 October 1980 in Harrisburg, Pennsylvania (USA)",,United States,114061,160 cm / 64 kg,,,,,,,
2008 Summer Olympics,Female,Kate•Barber,Kate•Barber,"22 November 1976 in West Chester, Pennsylvania (USA)",,United States,114062,160 cm / 55 kg,,Tiki,,,,,
2008 Summer Olympics,Female,Erin Leigh•Donohue,Erin•Donohue,"8 May 1983 in Philadelphia, Pennsylvania (USA)",,United States,115229,173 cm / 66 kg,"Nike, Beaverton (USA)",,,,,,
2008 Summer Olympics,Male,Brian E.•Sell,Brian•Sell,"11 April 1979 in Altoona, Pennsylvania (USA)",,United States,115469,178 cm / 64 kg,Hansons-Brooks Distance Project,,,,,,
2008 Summer Olympics; 2012 Summer Olympics; 2016 Summer Olympics; 2020 Summer Olympics,Female,Allison Rodgers•Schmitt,Allison•Schmitt,"7 June 1990 in Pittsburgh, Pennsylvania (USA)",,United States,115730,185 cm / 75 kg,Club Wolverine,,,,,,
2008 Summer Olympics,Male,"Richard ""Rick""•Powell",Rick•Powell,"22 March 1989 in West Chester, Pennsylvania (USA)",,United States,116490,183 cm / 73 kg,"BCE, Potomac, Maryland (USA)",,,,,,
2008 Summer Olympics; 2012 Summer Olympics; 2016 Summer Olympics; 2024 Summer Olympics,Male,Casey•Eichfeld,Casey•Eichfeld,"15 November 1989 in Harrisburg, Pennsylvania (USA)",,United States,116491,178 cm / 77 kg,"BCE, Potomac, Maryland (USA)",,,,,,
2008 Summer Olympics,Female,Renee•Hykel,Renee•Hykel,"31 May 1979 in Darby, Pennsylvania (USA)",,United States,117965,175 cm / 58 kg,"Undine Barge Club, Philadelphia (USA)",,,,,,
2008 Summer Olympics,Male,Marcus•McElhenney,Marcus•McElhenney,"27 July 1981 in Drexel Hill, Pennsylvania (USA)",,United States,118139,163 cm / 55 kg,Princeton TC,,,,,,
1996 Summer Olympics,Female,Cheryl•Abplanalp (-Thompson),Cheryl•Abplanalp,"1 June 1972 in Bryn Mawr, Pennsylvania (USA)",,United States,120014,174 cm / 68 kg,,,,,,,
2012 Summer Olympics,Male,Andrew Mark•Rutherfurd Aliaga,Andrew•Rutherfurd,"21 December 1988 in California, Pennsylvania (USA)",,Bolivia,121743,178 cm / 80 kg,"BYU Cougars, Provo (USA)",,,,,,
2012 Summer Olympics,Male,Ryan Keith•Whiting,Ryan•Whiting,"24 November 1986 in Harrisburg, Pennsylvania (USA)",,United States,126096,191 cm / 136 kg,,,,,,,
2012 Summer Olympics,Female,Julie•Culley,Julie•Culley,"10 September 1981 in Harrisburg, Pennsylvania (USA)",,United States,126525,173 cm / 58 kg,"NYAC, New York (USA)",,,,,,
2012 Summer Olympics; 2016 Summer Olympics,Female,"Kathleen ""Katie""•O'Donnell-Bam",Katie•O'Donnell-Bam,"6 December 1988 in Montgomery, Pennsylvania (USA)",,United States,126593,155 cm / 54 kg,,,,,,,
2012 Summer Olympics; 2016 Summer Olympics,Male,Glenn•Ochal,Glenn•Ochal,"1 March 1986 in Philadelphia, Pennsylvania (USA)",,United States,126595,194 cm / 95 kg,"Crescent Boat Club, Philadelphia (USA)",,,,,,
2012 Summer Olympics,Female,Cassidy•Krug,Cassidy•Krug,"12 July 1985 in Pittsburgh, Pennsylvania (USA)",,United States,126643,163 cm / 61 kg,,,,,,,
2012 Summer Olympics,Male,Trevor•Barron,Trevor•Barron,"30 September 1992 in Pittsburgh, Pennsylvania (USA)",,United States,126700,191 cm / 73 kg,"NYAC, New York (USA)",,,,,,
2012 Summer Olympics; 2016 Summer Olympics,Female,"Katherine ""Katie""•Reinprecht",Katie•Reinprecht,"1 November 1989 in Philadelphia, Pennsylvania (USA)",,United States,126723,163 cm / 57 kg,"Princeton Tigers, Princeton (USA)",,,,,,
2012 Summer Olympics; 2016 Summer Olympics,Female,Julia•Reinprecht,Julia•Reinprecht,"12 July 1991 in Philadelphia, Pennsylvania (USA)",,United States,126724,161 cm / 55 kg,,,,,,,
2012 Summer Olympics; 2016 Summer Olympics,Male,Joshua•Richmond,Joshua•Richmond,"19 December 1985 in Sayre, Pennsylvania (USA)",,United States,126726,188 cm / 91 kg,"US Army Marksmanship Unit, Fort Benning, Georgia (USA)",,,,,,
2012 Summer Olympics,Female,Paige•Selenski,Paige•Selenski,"30 June 1990 in Kingston, Pennsylvania (USA)",,United States,126735,170 cm / 64 kg,,,,,,,
2012 Summer Olympics,Female,Lauren•Tamayo (Franges-),Lauren•Tamayo,"25 October 1983 in Bethlehem, Pennsylvania (USA)",,United States,126744,175 cm / 65 kg,"Team TIBCO, Palo Alto (USA)",La Diabla,,,,,
2012 Summer Olympics; 2016 Summer Olympics,Female,Christa Deanne•Harmotto-Dietzen,Christa•Harmotto-Dietzen,"12 October 1986 in Sewickley, Pennsylvania (USA)",,United States,126769,188 cm / 79 kg,"Universal Volley Modena, Modena (ITA)",,,,,,
2012 Summer Olympics,Male,Jake•Herbert,Jake•Herbert,"6 March 1985 in Pittsburgh, Pennsylvania (USA)",,United States,126774,183 cm / 84 kg,,,,,,,
2012 Summer Olympics,Male,Coleman Lewis•Scott,Coleman•Scott,"19 April 1986 in Waynesburg, Pennsylvania (USA)",,United States,126783,173 cm / 60 kg,"Gator Wrestling Club, Chico (USA)",,,,,,
2012 Summer Olympics; 2016 Summer Olympics,Female,Michelle•Vittese,Michelle•Vittese,"6 December 1989 in Philadelphia, Pennsylvania (USA)",,United States,126794,161 cm / 57 kg,"Virginia Cavaliers, Charlottesville (USA)",,,,,,
2016 Summer Olympics,Female,Fiona•Albert,Fiona•Albert,"12 December 1990 in Pittsburgh, Pennsylvania (USA)",,Australia,129039,174 cm / 70 kg,"Mercantile Rowing Club, Melbourne (AUS)",,,,,,
2016 Summer Olympics,Female,Chierika•Ukogu,Chierika•Ukogu,"2 October 1992 in Philadelphia, Pennsylvania (USA)",,Nigeria,131232,180 cm / 67 kg,"Vesper Boat Club, Philadelphia (USA)",,,,,,
2016 Summer Olympics,Female,Celiangelí•Morales Meléndez,Celiangelí•Morales,"2 November 1985 in York, Pennsylvania (USA)",,Puerto Rico,131452,165 cm / 63 kg,,,,,,,
2016 Summer Olympics; 2020 Summer Olympics,Female,Ajeé Leneé•Wilson,Ajeé•Wilson,"8 May 1994 in Philadelphia, Pennsylvania (USA)",,United States,132012,173 cm / 61 kg,Juventus Track Club,,,,,,
2016 Summer Olympics; 2020 Summer Olympics,Female,English•Gardner,English•Gardner,"22 April 1992 in Philadelphia, Pennsylvania (USA)",,United States,132029,168 cm / 55 kg,"Nike, Beaverton (USA)","Eazy, Mighty Might",,,,,
2016 Summer Olympics,Female,Marielle•Hall,Marielle•Hall,"28 January 1992 in Philadelphia, Pennsylvania (USA)",,United States,132041,160 cm / 51 kg,"Nike, Beaverton (USA)",,,,,,
2016 Summer Olympics,Female,Nia Sifaatihii•Ali,Nia•Ali,"23 October 1988 in Philadelphia, Pennsylvania (USA)",,United States,132044,170 cm / 65 kg,"Nike, Beaverton (USA)",,,,,,
2016 Summer Olympics,Female,Taylor•Ellis-Watson (-Washington),Taylor•Ellis-Watson,"6 May 1993 in Philadelphia, Pennsylvania (USA)",,United States,132051,183 cm / 65 kg,"adidas, Herzogenaurach (GER)",,,,,,
2016 Summer Olympics,Female,"Margaret ""Maggie""•Hogan",Maggie•Hogan,"1 January 1979 in Philadelphia, Pennsylvania (USA)",,United States,132065,170 cm / 61 kg,"OKC Riversport, Oklahoma City (USA)",,,,,,
2012 Summer Olympics; 2016 Summer Olympics,Female,Meghan Elizabeth•Klingenberg,Meghan•Klingenberg,"2 August 1988 in Pittsburgh, Pennsylvania (USA)",,United States,132092,157 cm / 55 kg,"Western NY Flash, Buffalo (USA) / Portland Thorns FC, Portland (USA)",,,,,,
2016 Summer Olympics,Female,Alyssa•Manley,Alyssa•Manley,"27 May 1994 in Lancaster, Pennsylvania (USA)",,United States,132108,158 cm / 53 kg,Syracuse University [United States of America],,,,,,
2012 Summer Olympics; 2016 Summer Olympics,Female,"Jaclyn Elisabeth ""Jackie""•Kintzer-Briggs",Jackie•Kintzer-Briggs,"23 May 1988 in Reading, Pennsylvania (USA)",,United States,132110,168 cm / 61 kg,,,,,,,
2016 Summer Olympics,Female,Jill•Witmer,Jill•Witmer,"1 October 1991 in Lancaster, Pennsylvania (USA)",,United States,132111,158 cm / 52 kg,,,,,,,
2016 Summer Olympics,Female,Kathleen•Sharkey,Kathleen•Sharkey,"30 April 1990 in Kingston, Pennsylvania (USA)",,United States,132112,163 cm / 58 kg,,,,,,,
2016 Summer Olympics,Female,Kelsey•Kolojejchick,Kelsey•Kolojejchick,"2 October 1991 in Kingston, Pennsylvania (USA)",,United States,132113,161 cm / 61 kg,,,,,,,
2016 Summer Olympics,Female,Amanda•Polk,Amanda•Polk,"2 August 1986 in Pittsburgh, Pennsylvania (USA)",,United States,132130,180 cm / 84 kg,US Rowing Training Center - Princeton [United States of America],,,,,,
2016 Summer Olympics,Female,Morgan•Craft,Morgan•Craft,"11 May 1993 in Williamsport, Pennsylvania (USA)",,United States,132150,160 cm / 64 kg,,,,,,,
2016 Summer Olympics; 2020 Summer Olympics,Female,Hali Alise•Flickinger,Hali•Flickinger,"7 July 1994 in York, Pennsylvania (USA)",,United States,132153,168 cm / 52 kg,"Athens Bulldog Swim Club, Hull, Georgia (USA)",,,,,,
2016 Summer Olympics,Female,Leah Grace•Smith,Leah•Smith,"19 April 1995 in Pittsburgh, Pennsylvania (USA)",,United States,132157,178 cm / 67 kg,"Virginia Cavaliers, Charlottesville (USA)",,,,,,
2016 Summer Olympics; 2020 Summer Olympics,Male,Shane•Ryan,Shane•Ryan,"27 January 1994 in Drexel Hill, Pennsylvania (USA)",,Ireland,134539,198 cm / 89 kg,"Swim Ireland NAC Performance Centre (Dublin, IRL)",,,,,,
2016 Summer Olympics; 2020 Summer Olympics,Male,Matthew Duncan•Abeysinghe,Matthew•Abeysinghe,"19 March 1996 in Hazleton, Pennsylvania (USA)",,Sri Lanka,135916,180 cm / 74 kg,"Killer Whale Aquatics (Colombo, SRI)",,,,,,
2016 Summer Olympics,Male,Darrell•Hill,Darrell•Hill,"17 August 1993 in Darby, Pennsylvania (USA)",,United States,136241,191 cm / 145 kg,,The Governor,,,,,
2016 Summer Olympics; 2020 Summer Olympics; 2024 Summer Olympics,Male,"Joseph Mathias ""Joe""•Kovacs",Joe•Kovacs,"28 June 1989 in Bethlehem, Pennsylvania (USA)",,United States,136251,183 cm / 134 kg,"Nike, Beaverton (USA)",,,,,,
2016 Summer Olympics,Male,Kyle•Lowry,Kyle•Lowry,"25 March 1986 in Philadelphia, Pennsylvania (USA)",,United States,136278,183 cm / 93 kg,Toronto Raptors [Canada],,,,,,
2016 Summer Olympics,Male,"Matthew ""Matt""•Baranoski",Matt•Baranoski,"27 July 1993 in Perkasie, Pennsylvania (USA)",,United States,136297,183 cm / 96 kg,,,,,,,
2016 Summer Olympics,Male,Tyler•Nase,Tyler•Nase,"30 August 1990 in Phoenixville, Pennsylvania (USA)",,United States,136340,183 cm / 71 kg,,,,,,,
2016 Summer Olympics,Female,Cierra•Runge (-Burnell),Cierra•Runge,"7 March 1996 in West Chester, Pennsylvania (USA)",,United States,136355,193 cm / 85 kg,"NBAC, Baltimore (USA)",,,,,,
2020 Summer Olympics,Female,"Jacqueline Mary Hope ""Jackie""•Benítez",Jackie•Benítez,"6 June 1997 in Tobyhanna, Pennsylvania (USA)",,Puerto Rico,146066,,,,,,,,
2020 Summer Olympics,Female,"Abigail Lynn ""Abby""•Dahlkemper",Abby•Dahlkemper,"13 May 1993 in Lancaster, Pennsylvania (USA)",,United States,147182,170 cm,"Manchester City, Manchester (GBR)",,,,,,
2020 Summer Olympics; 2024 Summer Olympics,Female,Ariana Gabrielle•Ramsey,Ariana•Ramsey,"25 March 2000 in Philadelphia, Pennsylvania (USA)",,United States,147200,160 cm / 64 kg,,,,,,,
2020 Summer Olympics,Female,"Kristen ""Kris""•Thomas",Kris•Thomas,"1 July 1993 in Philadelphia, Pennsylvania (USA)",,United States,147205,173 cm / 71 kg,,,,,,,
2020 Summer Olympics,Female,Alison•Riske (-Amritraj),Alison•Riske,"3 July 1990 in Pittsburgh, Pennsylvania (USA)",,United States,147284,173 cm,,,,,,,
2020 Summer Olympics,Female,Jennifer Elizabeth•Brady,Jennifer•Brady,"12 April 1995 in Harrisburg, Pennsylvania (USA)",,United States,147286,178 cm,,,,,,,
2020 Summer Olympics,Male,Scott Thomas•McGough,Scott•McGough,"31 October 1989 in Monroeville, Pennsylvania (USA)",,United States,147393,180 cm,"Tokyo Yakult Swallows, Tokyo (JPN)",,,,,,
2020 Summer Olympics,Male,"Timothy Joseph ""Tim""•Federowicz",Tim•Federowicz,"5 August 1987 in Erie, Pennsylvania (USA)",,United States,147396,178 cm,"Oklahoma City Dodgers, Oklahoma City (USA)",,,,,,
2020 Summer Olympics; 2024 Summer Olympics,Male,Michael•Grady,Michael•Grady,"22 October 1996 in Pittsburgh, Pennsylvania (USA)",,United States,147444,196 cm / 91 kg,,,,,,,
2020 Summer Olympics; 2024 Summer Olympics,Male,"Nicholas ""Nick""•Mead",Nick•Mead,"12 March 1995 in Strafford, Pennsylvania (USA)",,United States,147445,198 cm / 97 kg,,,,,,,
2024 Summer Olympics,Male,Russell•Robinson,Russell•Robinson,"27 June 2001 in Philadelphia, Pennsylvania (USA)",,United States,150678,,,,,,,,
2024 Summer Olympics,Female,Bridget Antionette•Williams (Guy-),Bridget•Williams,"18 March 1996 in Greensburg, Pennsylvania (USA)",,United States,150607,,University of Virginia,,,,,,
2024 Summer Olympics,Female,Kahleah•Copper,Kahleah•Copper,"28 August 1994 in Philadelphia, Pennsylvania (USA)",,United States,150896,,"Phoenix Mercury, Phoenix (USA)",,,,,,
2024 Summer Olympics,Female,Alyssa•Thomas,Alyssa•Thomas,"12 April 1992 in Harrisburg, Pennsylvania (USA)",,United States,150892,,"Connecticut Sun, Uncasville (USA)",,,,,,
2024 Summer Olympics,Female,Caroline•Pamukcu (Martin-),Caroline•Pamukcu,"8 December 1994 in Springtown, Pennsylvania (USA)",,United States,151861,,,,,,,,
2024 Summer Olympics,Female,Maia Mei•Weintraub,Maia•Weintraub,"24 October 2002 in Philadelphia, Pennsylvania (USA)",,United States,151980,,,,,,,,
2024 Summer Olympics,Female,Meredith•Sholder,Meredith•Sholder,"27 February 1999 in Fleetwood, Pennsylvania (USA)",,United States,153183,,University of North Carolina,,,,,,
2024 Summer Olympics,Female,Ashley Nicole•Sessa,Ashley•Sessa,"23 June 2004 in Schwenksville, Pennsylvania (USA)",,United States,153171,,,,,,,,
2024 Summer Olympics,Female,Brooke•DeBerdine,Brooke•DeBerdine,"19 May 1999 in Millersville, Pennsylvania (USA)",,United States,153173,,University of Maryland,,,,,,
2024 Summer Olympics,Female,"Madeleine ""Maddie""•Zimmer",Maddie•Zimmer,"28 September 2001 in Hershey, Pennsylvania (USA)",,United States,153181,,Northwestern University,,,,,,
2024 Summer Olympics,Female,Ashley Joy•Hoffman,Ashley•Hoffman,"8 November 1996 in Mohnton, Pennsylvania (USA)",,United States,153170,,University of North Carolina,,,,,,
2024 Summer Olympics,Female,"Sophia Elizabeth ""Phia""•Gladieux",Phia•Gladieux,"14 June 2002 in Oley Township, Pennsylvania (USA)",,United States,153184,,Penn State University,,,,,,
2024 Summer Olympics,Female,Kelee•Lepage,Kelee•Lepage,"4 October 1997 in Honey Brook, Pennsylvania (USA)",,United States,153178,,University of Maryland,,,,,,
2024 Summer Olympics,Female,Karlie•Kisha,Karlie•Kisha,"25 September 1995 in Hamburg, Pennsylvania (USA)",,United States,153177,,University of Connecticut,,,,,,
2024 Summer Olympics,Female,Emma•DeBerdine,Emma•DeBerdine,"14 June 2001 in Millersville, Pennsylvania (USA)",,United States,153175,,University of Maryland,,,,,,
2024 Summer Olympics,Male,Ivan•Puskovitch,Ivan•Puskovitch,"28 February 2001 in West Chester, Pennsylvania (USA)",,United States,154793,,West Virginia University,,,,,,
2024 Summer Olympics,Male,Chris•Guiliano,Chris•Guiliano,"25 June 2003 in Douglassville, Pennsylvania (USA)",,United States,154791,,,,,,,,
2024 Summer Olympics,Male,"Joshua ""Josh""•Matheny",Josh•Matheny,"16 October 2002 in Pittsburgh, Pennsylvania (USA)",,United States,154795,,,,,,,,
2024 Summer Olympics,Female,Jovana•Sekulic,Jovana•Sekulic,"7 November 2002 in Haverford, Pennsylvania (USA)",,United States,155530,,,,,,,,
2024 Summer Olympics,Male,Spencer Richard•Lee,Spencer•Lee,"14 October 1998 in Murrysville, Pennsylvania (USA)",,United States,155760,,University of Iowa,,,,,,
2024 Summer Olympics,Male,Zain Allen•Retherford,Zain•Retherford,"21 May 1995 in Benton, Pennsylvania (USA)",,United States,155761,,Pennsylvania State University,,,,,,
