Games,Sex,Full name,Used name,Born,Died,NOC,athlete_id,Measurements,Affiliations,Nick/petnames,Title(s),Other names,Nationality,Original name,Name order
1972 Summer Olympics,Male,"Edwin Murry ""Ed""•Eliason",Ed•Eliason,"1 May 1938 in Port Gamble, Washington (USA)",,United States,2231,189 cm / 86 kg,,,,,,,
1992 Summer Olympics; 1996 Summer Olympics,Male,John Houston•Stockton,John•Stockton,"26 March 1962 in Spokane, Washington (USA)",,United States,7175,185 cm / 79 kg,"Utah Jazz, Salt Lake City (USA)",Stock,,,,,
1972 Summer Olympics; 1976 Summer Olympics,Male,"David Lee ""Davey""•Armstrong",Davey•Armstrong,"9 June 1955 in Tacoma, Washington (USA)",8 February 2021,United States,8609,175 cm / 57 kg,,,,,,,
1956 Summer Olympics,Male,"Thomas Peter ""Pete""•Rademacher",Pete•Rademacher,"20 November 1928 in Tieton, Washington (USA)","4 June 2020 in Sandusky, Ohio (USA)",United States,8749,186 cm / 95 kg,"US Army, (USA)",,,,,,
1976 Summer Olympics,Male,"Leonard ""Leo""•Randolph",Leo•Randolph,"27 February 1958 in Tacoma, Washington (USA)",,United States,8751,172 cm / 51 kg,Tacoma Boys' Club,,,,,,
1984 Summer Olympics,Male,Robert Edward•Shannon,Robert•Shannon,"11 November 1962 in Tacoma, Washington (USA)",,United States,8770,167 cm / 54 kg,,,,,,,
1984 Summer Olympics,Male,David•Halpern,David•Halpern,"18 August 1955 in Seattle, Washington (USA)",,United States,11088,178 cm / 79 kg,"Washington Canoe Club, Washington (USA)",,,,,,
1992 Summer Olympics; 1996 Summer Olympics; 2000 Summer Olympics,Male,Scott R.•Shipley,Scott•Shipley,"15 May 1971 in Poulsbo, Washington (USA)",,United States,11150,175 cm / 81 kg,,,,,,,
1992 Summer Olympics,Male,Todd Douglas•Trewin,Todd•Trewin,"20 April 1958 in Seattle, Washington (USA)",,United States,12870,180 cm / 75 kg,,,,,,,
1960 Summer Olympics,Male,Jack Ernest•Hartman,Jack•Hartman,"23 April 1937 in Olympia, Washington (USA)",,United States,14675,183 cm / 77 kg,San Jose Bike Club,,,,,,
1988 Summer Olympics,Male,Scott M.•McKinley,Scott•McKinley,"15 October 1968 in Seattle, Washington (USA)",,United States,15583,183 cm / 75 kg,,,,,,,
1996 Summer Olympics,Male,"Philip David ""Phil""•Sykes",Phil•Sykes,"24 July 1970 in Tacoma, Washington (USA)",,United States,20434,195 cm / 91 kg,"Fresno State Bulldogs, Fresno (USA)",,,,,,
1952 Summer Olympics; 1956 Summer Olympics; 1960 Summer Olympics; 1968 Summer Olympics,Female,Maxine Elizabeth•Mitchell,Maxine•Mitchell,"22 July 1917 in Leroy, Washington (USA)","7 November 1991 in Fontana, California (USA)",United States,21009,175 cm / 70 kg,Los Angeles Fencers Club,,,,,,
1924 Summer Olympics,Male,Philip Whalley•Allison,Philip•Allison,"21 May 1889 in Walla Walla, Washington (USA)","5 July 1982 in Salem, Oregon (USA)",United States,23648,170 cm,,,,,,,
1984 Summer Olympics,Male,"Jeffrey D. ""Jeff""•Durgan",Jeff•Durgan,"29 August 1961 in Tacoma, Washington (USA)",,United States,27735,183 cm / 89 kg,"New York Cosmos, New York (USA)",,,,,,
1996 Summer Olympics,Male,Kasey C.•Keller,Kasey•Keller,"29 November 1969 in Olympia, Washington (USA)",,United States,27770,187 cm / 86 kg,"Millwall FC, London (GBR)",,,,,,
1968 Summer Olympics,Female,Joyce Eileen•Tanac (-Schroeder),Joyce•Tanac,"27 September 1950 in Seattle, Washington (USA)",,United States,29293,156 cm / 49 kg,Seattle YMCA (Young Men's Christian Association),,,,,,
1932 Summer Olympics,Male,"William Harmon ""Bill""•Kuhlemeier",Bill•Kuhlemeier,"14 January 1908 in Seattle, Washington (USA)","8 July 2001 in Carlsbad, California (USA)",United States,31371,,Turnverein Germania,,,,,,
1984 Summer Olympics; 1988 Summer Olympics,Male,"Joseph Bradley ""Joe""•Story",Joe•Story,"3 March 1952 in Seattle, Washington (USA)",,United States,33019,170 cm / 77 kg,,,,,,,
1952 Summer Olympics,Male,Frederick Lockwood•Denman,Frederick•Denman,"23 March 1929 in Tacoma, Washington (USA)",20 April 2022,United States,35145,,"US Army, (USA)",,,,,,
1952 Summer Olympics,Male,William Thad•McArthur,Thad•McArthur,"23 November 1928 in Seattle, Washington (USA)",,United States,35160,,"US Army, (USA)",,,,,,
1972 Summer Olympics,Male,"Charles Leonard ""Chuck""•Richards",Chuck•Richards,"19 March 1945 in Tacoma, Washington (USA)",,United States,35167,180 cm / 77 kg,"US Army, (USA)",,,,,,
1988 Summer Olympics,Female,Sarah Ann•Ogilvie (-Norbury),Sarah Ann•Ogilvie,"10 April 1959 in Seattle, Washington (USA)",,Canada,36047,183 cm / 76 kg,,,,,,,
1932 Summer Olympics,Male,Richard Setsuji•Tanaka,Setsuji•Tanaka,"10 November 1909 in Spokane, Washington (USA)","27 January 2001 in Ogden, Utah (USA)",Japan,38665,178 cm / 64 kg,"Waseda University, Tokyo (JPN)",,,,,田中•節治,
1992 Summer Olympics,Female,Shannon Lee•Day (-Daley),Shannon•Day,"5 January 1970 in Seattle, Washington (USA)",,United States,40447,170 cm / 64 kg,"California Golden Bears, Berkeley (USA)",,,,,,
1984 Summer Olympics,Female,"Janet Christine ""Jan""•Harville",Jan•Harville,"19 February 1952 in Seattle, Washington (USA)",,United States,40465,180 cm / 70 kg,"Lake Washington RC, Seattle (USA)",,,,,,
1992 Summer Olympics; 1996 Summer Olympics; 2000 Summer Olympics,Female,"Elizabeth ""Betsy""•McCagg (-Hills)",Betsy•McCagg,"29 April 1967 in Kirkland, Washington (USA)",,United States,40486,188 cm / 80 kg,Lakeside High School Rowing Club,,,,,,
1992 Summer Olympics; 1996 Summer Olympics,Female,Mary Randolph•McCagg (-Larin),Mary•McCagg,"29 April 1967 in Kirkland, Washington (USA)",,United States,40487,188 cm / 77 kg,,,,,,,
1976 Summer Olympics,Female,"Susan Louise ""Sue""•Morgan (-Hooten)",Sue•Morgan,"27 September 1952 in Port Townsend, Washington (USA)",,United States,40495,175 cm / 73 kg,College Boat Club,,,,,,
1984 Summer Olympics,Female,Kristine Lee•Norelius,Kristine•Norelius,"26 December 1956 in Seattle, Washington (USA)",,United States,40496,185 cm / 76 kg,"Lake Washington RC, Seattle (USA)",,,,,,
1984 Summer Olympics,Female,Shyril•O'Steen,Shyril•O'Steen,"5 October 1960 in Seattle, Washington (USA)",,United States,40498,176 cm / 67 kg,"Lake Washington RC, Seattle (USA)",,,,,,
1936 Summer Olympics,Male,"Gordon Belgum ""Gordy""•Adam",Gordy•Adam,"26 May 1915 in Seattle, Washington (USA)","27 March 1992 in Laguna Hills, California (USA)",United States,40527,,"Washington Huskies, Seattle (USA)",,,,,,
1960 Summer Olympics,Male,"Charles Pfeiffer ""Chuck""•Alm",Chuck•Alm,"27 March 1937 in Seattle, Washington (USA)",,United States,40529,195 cm / 93 kg,"Lake Washington RC, Seattle (USA)",,,,,,
1984 Summer Olympics,Male,John Robinson•Biglow,John•Biglow,"20 December 1957 in Seattle, Washington (USA)",,United States,40556,190 cm / 85 kg,"Yale Bulldogs, New Haven (USA)",Biggy,,,,,
1936 Summer Olympics,Male,"Charles Ward ""Chuck""•Day",Chuck•Day,"19 October 1914 in Colville, Washington (USA)","26 May 1962 in Seattle, Washington (USA)",United States,40609,,"Washington Huskies, Seattle (USA)",,,,,,
1984 Summer Olympics,Male,Paul N.•Enquist,Paul•Enquist,"13 December 1955 in Seattle, Washington (USA)",,United States,40634,198 cm / 93 kg,"Lake Washington RC, Seattle (USA)",,,,,,
1964 Summer Olympics,Male,"Edward Payson ""Ed""•Ferry",Ed•Ferry,"18 June 1941 in Seattle, Washington (USA)",18 September 2023,United States,40646,193 cm / 89 kg,"US Navy, (USA)",,,,,,
1952 Summer Olympics; 1956 Summer Olympics,Male,"James Thomas ""Jim""•Fifer",Jim•Fifer,"14 July 1930 in Tacoma, Washington (USA)","7 June 1986 in Seattle, Washington (USA)",United States,40649,186 cm / 84 kg,"US Navy, (USA)",,,,,,
1964 Summer Olympics,Male,Hugh Miller•Foley,Hugh•Foley,"3 March 1944 in Seattle, Washington (USA)","9 November 2016 in Eugene, Oregon (USA)",United States,40655,191 cm / 86 kg,"Vesper Boat Club, Philadelphia (USA)",,,,,,
1960 Summer Olympics,Male,"Theodore Strathy ""Ted""•Frost",Ted•Frost,"6 April 1932 in Seattle, Washington (USA)",6 November 2018,United States,40662,194 cm / 93 kg,"Lake Washington RC, Seattle (USA)",,,,,,
1948 Summer Olympics,Male,"Gordon Stephen ""Gordy""•Giovanelli",Gordy•Giovanelli,"11 April 1925 in Everett, Washington (USA)","21 December 2022 in Escondido, California (USA)",United States,40673,196 cm,"Washington Huskies, Seattle (USA)",Gus,,,,,
1964 Summer Olympics,Male,Paul Einar•Gunderson,Paul•Gunderson,"21 May 1943 in Odessa, Washington (USA)",,United States,40683,193 cm / 86 kg,"Harvard Crimson, Cambridge (USA)",Gundy,,,,,
1936 Summer Olympics,Male,"Donald Bruce ""Don""•Hume",Don•Hume,"27 July 1915 in Olympia, Washington (USA)","16 September 2001 in Monroe, Washington (USA)",United States,40711,71 kg,"Washington Huskies, Seattle (USA)",,,,,,
1936 Summer Olympics,Male,"George Elwood ""Shorty""•Hunt, Jr.",Shorty•Hunt,"1 August 1916 in Puyallup, Washington (USA)","3 September 1999 in Issaquah, Washington (USA)",United States,40712,195 cm,"Washington Huskies, Seattle (USA)",,,,,,
1952 Summer Olympics,Male,"Matthew Fillip ""Matt""•Leanderson",Matt•Leanderson,"11 March 1931 in Seattle, Washington (USA)","2 November 2006 in Kirkland, Washington (USA)",United States,40750,,"Washington Huskies, Seattle (USA)",Fil,,,,,
1948 Summer Olympics,Male,"Robert Doud ""Bob""•Martin",Bob•Martin,"19 June 1925 in Tacoma, Washington (USA)","18 October 2012 in Gig Harbor, Washington (USA)",United States,40772,,"Washington Huskies, Seattle (USA)",,,,,,
1936 Summer Olympics,Male,"James Burge ""Jim""•McMillin",Jim•McMillin,"3 September 1914 in Seattle, Washington (USA)","22 August 2005 in Bremerton, Washington (USA)",United States,40789,,"Washington Huskies, Seattle (USA)",Stub,,,,,
1964 Summer Olympics,Male,"Theodore Peder ""Ted""•Mittet",Ted•Mittet,"23 December 1941 in Seattle, Washington (USA)",,United States,40797,193 cm / 84 kg,"Lake Washington RC, Seattle (USA)",,,,,,
1936 Summer Olympics,Male,"Robert Gaston ""Bob""•Moch",Bob•Moch,"20 June 1914 in Montesano, Washington (USA)","18 January 2005 in Issaquah, Washington (USA)",United States,40798,,"Washington Huskies, Seattle (USA)",,,,,,
1948 Summer Olympics,Male,Allen Jerome•Morgan,Allen•Morgan,"16 July 1925 in Seattle, Washington (USA)","12 September 2011 in Seattle, Washington (USA)",United States,40805,,"Washington Huskies, Seattle (USA)",,,,,,
1936 Summer Olympics,Male,"Herbert Roger ""Herb""•Morris",Herb•Morris,"16 July 1915 in Seattle, Washington (USA)","22 July 2009 in Maple Valley, Washington (USA)",United States,40807,,"Washington Huskies, Seattle (USA)",,,,,,
1976 Summer Olympics,Male,Mark Alyn•Norelius,Mark•Norelius,"10 June 1952 in Seattle, Washington (USA)",,United States,40819,196 cm / 93 kg,"US Air Force, (USA)",,,,,,
1948 Summer Olympics,Male,Ralph Kenneth•Purchase,Ralph•Purchase,"11 July 1916 in Newport, Washington (USA)","11 January 2000 in Sun City West, Arizona (USA)",United States,40841,,"California Golden Bears, Berkeley (USA)",,,,,,
1936 Summer Olympics,Male,"Joseph Harry ""Joe""•Rantz",Joe•Rantz,"31 March 1914 in Spokane, Washington (USA)","10 September 2007 in Redmond, Washington (USA)",United States,40843,,"Washington Huskies, Seattle (USA)",,,,,,
1960 Summer Olympics,Male,Roy John•Rubin,Roy•Rubin,"24 January 1941 in Bellingham, Washington (USA)",,United States,40851,192 cm / 93 kg,"Lake Washington RC, Seattle (USA)",,,,,,
1972 Summer Olympics,Male,"Chadwick Stanley ""Chad""•Rudolph",Chad•Rudolph,"22 January 1948 in Seattle, Washington (USA)",,United States,40852,193 cm / 93 kg,"Lake Washington RC, Seattle (USA)",,,,,,
1972 Summer Olympics,Male,Charles Eric•Ruthford,Charles•Ruthford,"26 September 1950 in Yakima, Washington (USA)",,United States,40854,201 cm / 93 kg,"Lake Washington RC, Seattle (USA)",,,,,,
1960 Summer Olympics,Male,John Anthony•Sayre,John•Sayre,"1 April 1936 in Tacoma, Washington (USA)",9 November 2023,United States,40861,193 cm / 88 kg,"Lake Washington RC, Seattle (USA)",,,,,,
1996 Summer Olympics,Male,Jason A.•Scott,Jason•Scott,"11 February 1970 in Seattle, Washington (USA)",,United States,40866,195 cm / 94 kg,,,,,,,
1948 Summer Olympics,Male,Justus Ketchum•Smith,Justus•Smith,"28 March 1922 in Spokane, Washington (USA)","20 November 2013 in York, Pennsylvania (USA)",United States,40878,,"California Golden Bears, Berkeley (USA)",,,,,,
1984 Summer Olympics,Male,John Stuart•Stillings,John•Stillings,"23 July 1955 in Sedro-Woolley, Washington (USA)",,United States,40891,174 cm / 50 kg,"Vesper Boat Club, Philadelphia (USA)",,,,,,
1960 Summer Olympics,Male,"Alfred Elmont ""Monte""•Stocker, Jr.",Monte•Stocker,"27 December 1931 in Seattle, Washington (USA)","15 July 2008 in Tacoma, Washington (USA)",United States,40892,188 cm / 83 kg,"Lake Washington RC, Seattle (USA)",,,,,,
1952 Summer Olympics,Male,"Alvin Edmund ""Al""•Ulbrickson, Jr.",Al•Ulbrickson,"10 October 1930 in Seattle, Washington (USA)","6 July 2012 in Seattle, Washington (USA)",United States,40913,,"Washington Huskies, Seattle (USA)",,,,,,
1952 Summer Olympics,Male,Richard Wayne•Wahlstrom,Richard•Wahlstrom,"8 November 1931 in Seattle, Washington (USA)","18 December 2003 in Edmonds, Washington (USA)",United States,40920,,"Washington Huskies, Seattle (USA)",,,,,,
1956 Summer Olympics; 1960 Summer Olympics,Male,"Richard Donald ""Rusty""•Wailes",Rusty•Wailes,"21 March 1936 in Seattle, Washington (USA)","11 October 2002 in Seattle, Washington (USA)",United States,40921,197 cm / 88 kg,"Lake Washington RC, Seattle (USA)",,,,,,
1948 Summer Olympics,Male,Warren DeHaven•Westlund,Warren•Westlund,"20 August 1926 in Olympia, Washington (USA)","13 February 1992 in Seattle, Washington (USA)",United States,40930,,"Washington Huskies, Seattle (USA)",,,,,,
1936 Summer Olympics,Male,"John Galbraith ""Johnny""•White",Johnny•White,"16 May 1916 in Seattle, Washington (USA)","16 March 1997 in Bellevue, Washington (USA)",United States,40931,,"Washington Huskies, Seattle (USA)",,,,,,
1948 Summer Olympics,Male,"Robert Ide ""Bob""•Will",Bob•Will,"20 April 1925 in Seattle, Washington (USA)","14 October 2019 in Seattle, Washington (USA)",United States,40933,,"Washington Huskies, Seattle (USA)",,,,,,
1968 Summer Olympics,Male,"Raymond Garfield•Wright, II",Raymond•Wright,"20 May 1947 in Seattle, Washington (USA)",,United States,40939,186 cm / 87 kg,Eastern Development Clinic,,,,,,
1960 Summer Olympics,Male,"Michael Alan ""Mike""•Yonker",Mike•Yonker,"12 November 1940 in Seattle, Washington (USA)",,United States,40941,190 cm / 88 kg,"Lake Washington RC, Seattle (USA)",,,,,,
1988 Summer Olympics; 1992 Summer Olympics,Female,Launi Kay•Meili (-Geddes),Launi•Meili,"4 June 1963 in Spokane, Washington (USA)",,United States,44581,170 cm / 64 kg,,,,,,,
1996 Summer Olympics; 2000 Summer Olympics; 2004 Summer Olympics,Male,Lance Thomas•Bade,Lance•Bade,"6 February 1971 in Vancouver, Washington (USA)",,United States,44607,170 cm / 88 kg,"Olympic Training Center, Colorado Springs",,,,,,
1984 Summer Olympics; 1988 Summer Olympics; 1992 Summer Olympics,Male,"Matthew Alexander ""Matt""•Dryke",Matt•Dryke,"21 August 1958 in Port Angeles, Washington (USA)",,United States,44647,183 cm / 75 kg,,,,,,,
1960 Summer Olympics,Male,Arnold O.•Riegger,Arnold•Riegger,"8 July 1920 in Bothell, Washington (USA)","6 July 1996 in Battle Ground, Washington (USA)",United States,44743,165 cm / 86 kg,,,,,,,
1996 Summer Olympics; 2012 Summer Olympics,Male,Eric Allan•Uptagrafft,Eric•Uptagrafft,"16 February 1966 in Spokane, Washington (USA)",,United States,44784,183 cm / 95 kg,"US Army, (USA)",,,,,,
1992 Summer Olympics,Male,Jay H.•Waldron,Jay•Waldron,"4 March 1966 in Olympia, Washington (USA)",,United States,44787,188 cm / 96 kg,,,,,,,
1972 Summer Olympics,Female,Lynn Ann•Colella (-Bell),Lynn•Colella,"13 June 1950 in Seattle, Washington (USA)",,United States,50990,170 cm / 61 kg,Cascade Swim Club,,,,,,
1984 Summer Olympics,Female,"Candace ""Candy""•Costie (-Burke, -Merrill)",Candy•Costie,"12 March 1963 in Seattle, Washington (USA)",,United States,50998,162 cm / 50 kg,"Arizona Wildcats, Tucson (USA)",,,,,,
1968 Summer Olympics,Female,Kaye Marie•Hall (-Greff),Kaye•Hall,"15 May 1951 in Tacoma, Washington (USA)",,United States,51043,171 cm / 65 kg,Tacoma Swim Club,,,,,,
1936 Summer Olympics,Female,Mary Olive•McKean (-Mucha),Olive•McKean,"10 August 1915 in Chehalis, Washington (USA)","31 March 2006 in Troutdale, Oregon (USA)",United States,51115,,"WAC, Seattle (USA)",,,,,,
1972 Summer Olympics,Female,Barbara Anne•Mitchell,Barbara•Mitchell,"4 June 1956 in Seattle, Washington (USA)",,United States,51125,173 cm / 57 kg,Tacoma Swim Club,,,,,,
1936 Summer Olympics,Female,Mary Lou•Petty (-Skok),Mary Lou•Petty,"5 April 1915 in Spokane, Washington (USA)","2 April 2014 in Tempe, Arizona (USA)",United States,51153,,"WAC, Seattle (USA)",,,,,,
1956 Summer Olympics,Female,Nancy Jane•Ramey (-Lethcoe),Nancy•Ramey,"29 June 1940 in Seattle, Washington (USA)",,United States,51161,160 cm / 51 kg,"WAC, Seattle (USA)",,,,,,
1984 Summer Olympics; 1988 Summer Olympics,Female,Mary Alice•Wayte (-Bradburne),Mary•Wayte,"25 March 1965 in Mercer Island, Washington (USA)",,United States,51232,174 cm / 58 kg,"Florida Gators, Gainesville (USA)",,,,,,
1928 Summer Olympics,Male,"Thomas Jean William ""Tom""•Blankenburg (-Von Blankenburg)",Tom•Blankenburg,"2 September 1909 in Spokane, Washington (USA)","29 March 1979 in Los Angeles, California (USA)",United States,51267,,"Athens Athletic Club, Oakland (USA)",,,,,,
1972 Summer Olympics; 1976 Summer Olympics,Male,"Richard Phillip ""Rick""•Colella, Jr.",Rick•Colella,"14 December 1951 in Seattle, Washington (USA)",,United States,51298,186 cm / 82 kg,Totem Lake Swim Club,,,,,,
1972 Summer Olympics,Male,"Thomas Sean ""Tom""•McBreen",Tom•McBreen,"31 August 1952 in Spokane, Washington (USA)",,United States,51477,183 cm / 70 kg,Golden Gate Aquatic Club,,,,,,
1936 Summer Olympics,Male,Jack Chapman•Medica,Jack•Medica,"5 October 1914 in Seattle, Washington (USA)","15 April 1985 in Carson City, Nevada (USA)",United States,51486,,"WAC, Seattle (USA)",,,,,,
1956 Summer Olympics,Male,"David Allison ""Dave""•Radcliff",Dave•Radcliff,"1 May 1934 in Spokane, Washington (USA)",,United States,51527,171 cm / 69 kg,"US Army, (USA)",,,,,,
1984 Summer Olympics; 1988 Summer Olympics,Male,"David Patrick ""Dave""•Saunders",Dave•Saunders,"19 October 1960 in Seattle, Washington (USA)",,United States,53317,190 cm / 88 kg,,,,,,,
1996 Summer Olympics,Male,Craig Andre•Roberts,Craig•Roberts,"6 June 1968 in Everett, Washington (USA)",12 September 2006,Canada,57562,175 cm / 68 kg,"BMWC, Burnaby (CAN)",,,,,,
1968 Summer Olympics,Male,"Donald Ray ""Don""•Behm",Don•Behm,"13 February 1945 in Vancouver, Washington (USA)",,United States,60573,163 cm / 57 kg,"Mayor Daley Youth Foundation, Chicago (USA)",,,,,,
1964 Summer Olympics,Male,"Gerald Guy ""Jerry""•Conine",Jerry•Conine,"2 December 1939 in Tacoma, Washington (USA)",,United States,60601,180 cm / 97 kg,Tacoma Tyees,,,,,,
1960 Summer Olympics,Male,"Benjamin Alfred ""Ben""•Northrup",Ben•Northrup,"18 February 1935 in Pullman, Washington (USA)",,United States,60726,175 cm / 69 kg,"Olympic Club, San Francisco (USA)",,,,,,
1984 Summer Olympics,Male,William Carl•Buchan,William Carl•Buchan,"23 December 1956 in Seattle, Washington (USA)",,United States,61482,195 cm / 89 kg,"Seattle Yacht Club, Seattle (USA)",,,,,,
1984 Summer Olympics,Male,"William Earl•Buchan, Sr.",William Earl•Buchan,"9 May 1935 in Seattle, Washington (USA)",,United States,61483,190 cm / 95 kg,Corinthian Yacht Club,,,,,,
1972 Summer Olympics,Male,Alan Christian•Holt,Alan•Holt,"29 June 1939 in Seattle, Washington (USA)",,United States,62373,178 cm / 73 kg,Corinthian Yacht Club,,,,,,
1988 Summer Olympics; 2000 Summer Olympics,Male,"Charles ""Charlie""•McKee",Charlie•McKee,"14 March 1962 in Seattle, Washington (USA)",,United States,62961,179 cm / 79 kg,"Seattle Yacht Club, Seattle (USA)",,,,,,
1984 Summer Olympics; 2000 Summer Olympics,Male,Jonathan Dunn•McKee,Jonathan•McKee,"19 December 1959 in Seattle, Washington (USA)",,United States,62962,177 cm / 73 kg,"Seattle Yacht Club, Seattle (USA)",,,,,,
1976 Summer Olympics,Male,"David Thomas ""Tom""•Whitehurst",Tom•Whitehurst,"8 September 1957 in Seattle, Washington (USA)",,United States,64151,170 cm / 64 kg,Pensacola Yacht Club,,,,,,
1976 Summer Olympics,Male,Robert Michael•Whitehurst,Robert•Whitehurst,"16 August 1956 in Seattle, Washington (USA)",,United States,64152,168 cm / 55 kg,,,,,,,
1996 Summer Olympics,Female,Kelly L.•Blair (-LaBounty),Kelly•Blair,"24 November 1970 in Prosser, Washington (USA)",,United States,77759,181 cm / 61 kg,"Nike, Beaverton (USA)",,,,,,
1972 Summer Olympics,Female,Roberta Joanne•Brown,Roberta•Brown,"12 April 1947 in Seattle, Washington (USA)","4 August 1981 in Dillingham, Alaska (USA)",United States,77771,175 cm / 69 kg,"San Diego State Aztecs, San Diego (USA)",,,,,,
1968 Summer Olympics; 1972 Summer Olympics,Female,"Doris Elaine•Brown (Severtson-, -Heritage)",Doris•Brown,"17 September 1942 in Gig Harbor, Washington (USA)",,United States,77776,163 cm / 51 kg,"Falcon TC, Seattle (USA)",,,,,,
1988 Summer Olympics; 1992 Summer Olympics; 1996 Summer Olympics; 2000 Summer Olympics; 2004 Summer Olympics,Female,Yolanda Gail L.•Devers (-Roberts),Gail•Devers,"19 November 1966 in Seattle, Washington (USA)",,United States,77805,160 cm / 55 kg,Nike/Foot Locker,,,,,,
1996 Summer Olympics; 2004 Summer Olympics; 2008 Summer Olympics; 2012 Summer Olympics,Female,Aretha Dawn•Hill-Thurmond,Aretha•Hill-Thurmond,"14 August 1976 in Seattle, Washington (USA)",,United States,77861,181 cm / 95 kg,"Nike, Beaverton (USA) / Washington Huskies, Seattle (USA)",,,,,,
1976 Summer Olympics; 1984 Summer Olympics,Female,"Pamela Ann ""Pam""•Spencer (-Marquez)",Pam•Spencer,"8 October 1957 in Moses Lake, Washington (USA)",,United States,77974,184 cm / 68 kg,"Puma and Energizer Track Club, Santa Monica (USA)",,,,,,
1936 Summer Olympics,Female,Johanna Freda Gertrude•Wilhelmsen (Stelling-),Gertrude•Wilhelmsen,"16 January 1913 in Puyallup, Washington (USA)","19 March 2005 in Puyallup, Washington (USA)",United States,78012,181 cm / 74 kg,"WAC, Seattle (USA)",,,,,,
1984 Summer Olympics,Male,Duncan Fuller MacTavish•Atwood,Duncan•Atwood,"11 October 1955 in Seattle, Washington (USA)",,United States,78055,186 cm / 98 kg,"Athletics West, Eugene (USA)",,,,,,
1952 Summer Olympics,Male,"Arthur ""Art""•Barnard",Art•Barnard,"10 March 1929 in Seattle, Washington (USA)","1 May 2018 in La Jolla, California (USA)",United States,78075,180 cm / 77 kg,"LAAC, Los Angeles (USA) / US Navy, (USA)",,,,,,
1928 Summer Olympics,Male,Herman Harold•Brix,Herman•Brix,"19 May 1906 in Tacoma, Washington (USA)","24 February 2007 in Los Angeles, California (USA)",United States,78150,190 cm / 100 kg,"Washington Huskies, Seattle (USA)",,,Bruce Bennett,,,
1968 Summer Olympics,Male,Casey D.•Carrigan,Casey•Carrigan,"4 February 1951 in Puyallup, Washington (USA)",,United States,78206,183 cm / 77 kg,Orting High School,,,,,,
1932 Summer Olympics,Male,"Edwin Bernard ""Eddie""•Genung",Eddie•Genung,"15 February 1908 in Seattle, Washington (USA)","2 May 1986 in Riverside, California (USA)",United States,78446,186 cm / 70 kg,"WAC, Seattle (USA)",,,,,,
1948 Summer Olympics; 1952 Summer Olympics; 1956 Summer Olympics,Male,Fortune Everett•Gordien,Fortune•Gordien,"9 September 1922 in Spokane, Washington (USA)","10 April 1990 in Fontana, California (USA)",United States,78462,184 cm / 104 kg,"Southern California Striders, Anaheim (USA)",,,,,,
1932 Summer Olympics,Male,Paul Boulet•Jessup,Paul•Jessup,"23 September 1908 in Bellingham, Washington (USA)","27 October 1992 in Palm Beach, Florida (USA)",United States,78606,198 cm / 97 kg,"WAC, Seattle (USA)",,,,,,
1976 Summer Olympics,Male,"Donald Franklin ""Don""•Kardong",Don•Kardong,"22 December 1948 in Kirkland, Washington (USA)",,United States,78637,190 cm / 68 kg,Club Northwest,,,,,,
1964 Summer Olympics,Male,"Gerald Paul ""Gerry""•Lindgren",Gerry•Lindgren,"9 March 1946 in Spokane, Washington (USA)",,United States,78703,167 cm / 54 kg,John Rogers High School,,,,,,
1972 Summer Olympics,Male,"Frederick Allen ""Fred""•Luke",Fred•Luke,"12 November 1946 in Bellingham, Washington (USA)",,United States,78718,191 cm / 93 kg,Husky Spike Club,,,,,,
1992 Summer Olympics; 1996 Summer Olympics,Male,"Herman Gordon ""Herm""•Nelson",Herm•Nelson,"20 September 1961 in Renton, Washington (USA)",,United States,78838,183 cm / 77 kg,Club Northwest,The Bear,,,,,
1924 Summer Olympics,Male,"Augustus Russell ""Gus""•Pope",Gus•Pope,"29 November 1898 in Seattle, Washington (USA)",1953,United States,78906,185 cm / 95 kg,"Illinois AC, Chicago (USA)",,,,,,
1964 Summer Olympics,Male,"Phillip Kent ""Phil""•Shinnick",Phil•Shinnick,"21 April 1943 in Spokane, Washington (USA)",,United States,79037,190 cm / 82 kg,"Washington Huskies, Seattle (USA)",,,,,,
1968 Summer Olympics,Male,Gary Michael•Stenlund,Gary•Stenlund,"7 August 1940 in Longview, Washington (USA)",,United States,79093,186 cm / 84 kg,"Hocking Valley TC, (USA)",,,,,,
1964 Summer Olympics,Male,"Leslie Eugene ""Les""•Tipton",Les•Tipton,"19 March 1942 in Longview, Washington (USA)",,United States,79131,193 cm / 93 kg,"Oregon Track Club, Eugene (USA)",,,,,,
2000 Summer Olympics,Male,"Nicholas ""Nick""•Rogers",Nick•Rogers,"2 May 1975 in Seattle, Washington (USA)",,United States,89162,193 cm / 70 kg,"Nike, Beaverton (USA)",,,,,,
2000 Summer Olympics,Male,David Lovelle•Jackson,David•Jackson,"29 March 1976 in Seattle, Washington (USA)",,United States,90052,173 cm / 60 kg,U.S. Olympic Education Center,Total Action,,,,,
2000 Summer Olympics,Female,Tamara•Jenkins (-Christopherson),Tamara•Jenkins,"20 August 1978 in Seattle, Washington (USA)",,United States,90277,175 cm / 63 kg,,,,,,,
2000 Summer Olympics; 2004 Summer Olympics,Female,Sarah M.•Jones,Sarah•Jones,"26 August 1973 in Olympia, Washington (USA)",,United States,92720,175 cm / 70 kg,Princeton Training Centre,,,,,,
2000 Summer Olympics,Male,Ian Matthew•McGowan,Ian•McGowan,"23 May 1979 in Seattle, Washington (USA)",,United States,92723,193 cm / 93 kg,Augusta Training Center,,,,,,
2000 Summer Olympics; 2008 Summer Olympics,Female,Megan M.•Quann-Jendrick,Megan•Quann-Jendrick,"15 January 1984 in Tacoma, Washington (USA)",,United States,93878,170 cm / 64 kg,Puyallup - Washington/King Aquatic Club,,,,,,
2000 Summer Olympics,Female,Barbara Stephanie•Kunkel,Barbara•Kunkel,"17 September 1969 in Tacoma, Washington (USA)",,United States,94164,168 cm / 63 kg,,,,,,,
2000 Summer Olympics,Female,Nana•Miyagi (-Rogers),Nana•Miyagi,"10 April 1971 in Seattle, Washington (USA)",,Japan,94243,164 cm / 52 kg,,,,Nana Smith,,宮城•ナナ,
2004 Summer Olympics,Female,Tara•Kirk,Tara•Kirk,"12 July 1982 in Bremerton, Washington (USA)",,United States,103352,167 cm / 65 kg,"Stanford Cardinal, Stanford (USA)",,,,,,
2004 Summer Olympics,Male,Nathaniel•O'Brien,Nathaniel•O'Brien,"3 March 1983 in Bellevue, Washington (USA)",,Canada,103453,183 cm / 86 kg,"Pacific Coast Swimming, Victoria (CAN)",,,,,,
2004 Summer Olympics,Female,Dana•Kirk,Dana•Kirk,"23 June 1984 in Bremerton, Washington (USA)",,United States,103508,177 cm / 65 kg,"Stanford Cardinal, Stanford (USA)",,,,,,
2004 Summer Olympics; 2008 Summer Olympics,Female,Anna•Mickelson-Cummins,Anna•Mickelson-Cummins,"21 March 1980 in Seattle, Washington (USA)",,United States,104242,183 cm / 75 kg,"Washington Huskies, Seattle (USA) / Pocock Rowing Center, Seattle (USA)",,,,,,
2004 Summer Olympics,Female,Morgan•Hicks,Morgan•Hicks,"22 March 1982 in Tacoma, Washington (USA)",,United States,104736,170 cm / 70 kg,"Murray State University, Kentucky",,,,,,
2004 Summer Olympics,Female,Sarah Christine•Blakeslee,Sarah•Blakeslee,"16 May 1985 in Vancouver, Washington (USA)",,United States,104739,170 cm / 56 kg,High Desert Eagles,,,,,,
2004 Summer Olympics,Female,Tiombé•Hurd,Tiombé•Hurd,"17 August 1973 in Seattle, Washington (USA)",,United States,105079,172 cm / 64 kg,"Nike / Birchfield Harriers, Birmingham",,,,,,
2004 Summer Olympics,Male,"Nathan ""Nate""•Johnson",Nate•Johnson,"3 October 1976 in Seattle, Washington (USA)",,United States,105263,182 cm / 88 kg,"Greenlake, Seattle",,,,,,
2004 Summer Olympics; 2012 Summer Olympics,Male,"James Earl ""Jamie""•Nieto",Jamie•Nieto,"2 November 1976 in Seattle, Washington (USA)",,United States,105621,195 cm / 83 kg,"Nike, Beaverton (USA)",,,,,,
2004 Summer Olympics; 2012 Summer Olympics,Male,Jarred Daniel•Rome,Jarred•Rome,"21 December 1976 in Seattle, Washington (USA)","21 September 2019 in Tulalip Bay, Washington (USA)",United States,105708,193 cm / 136 kg,Bronco Track Club,,,,,,
2004 Summer Olympics; 2008 Summer Olympics; 2012 Summer Olympics,Female,Jennie Idell•Reed (-Madden),Jennie•Reed,"20 April 1978 in Bellevue, Washington (USA)",,United States,106855,170 cm / 77 kg,,,,,,,
2004 Summer Olympics; 2008 Summer Olympics,Female,Amy•Tryon,Amy•Tryon,"24 February 1970 in Redmond, Washington (USA)","12 April 2012 in Seattle, Washington (USA)",United States,106948,180 cm / 75 kg,,,,,,,
2004 Summer Olympics,Male,Brett•McClure,Brett•McClure,"19 February 1981 in Yakima, Washington (USA)",,United States,107229,167 cm / 67 kg,Team Chevron-Swiss Turners,,,,,,
2004 Summer Olympics,Male,Sean James•Spencer,Sean•Spencer,"29 May 1975 in Seattle, Washington (USA)",,Greece,108322,165 cm / 82 kg,"Bowie Baysox, Bowie (USA)",,,,,,
2004 Summer Olympics; 2008 Summer Olympics; 2012 Summer Olympics; 2016 Summer Olympics,Female,Hope Amelia•Solo (-Stevens),Hope•Solo,"30 July 1981 in Richland, Washington (USA)",,United States,111211,175 cm / 69 kg,"Göteborg FC, Göteborg (SWE) / unattached, (MIX) / Seattle Sounders, Seattle (USA) / OL Reign, Seattle (USA)",,,,,,
2008 Summer Olympics; 2012 Summer Olympics; 2016 Summer Olympics,Male,"Peter ""Pete""•Reed",Pete•Reed,"27 July 1981 in Seattle, Washington (USA)",,Great Britain,112404,197 cm / 100 kg,"Leander Club, Henley-on-Thames (GBR)",Commander Pete,,,,,
2008 Summer Olympics,Female,Portia•McGee (Johnson-),Portia•McGee,"9 March 1979 in Seattle, Washington (USA)",,United States,112442,175 cm / 70 kg,USRowing Training Center,,,,,,
2008 Summer Olympics; 2012 Summer Olympics; 2016 Summer Olympics,Male,Travis•Stevens,Travis•Stevens,"28 February 1986 in Bellevue, Washington (USA)",,United States,112808,181 cm / 80 kg,"NYAC, New York (USA)",,,,,,
2008 Summer Olympics,Female,Jill•Kintner,Jill•Kintner,"24 October 1981 in Seattle, Washington (USA)",,United States,113117,170 cm / 64 kg,GT Bicycles,,,,,,
2008 Summer Olympics,Male,"Matthew Benjamin ""Matt""•Brown",Matt•Brown,"8 August 1982 in Bellevue, Washington (USA)",,United States,113427,182 cm / 93 kg,"Salt Lake Bees, Salt Lake City (USA)",,,,,,
2008 Summer Olympics; 2012 Summer Olympics,Female,Haley Nicole•Nemra,Haley•Nemra,"4 October 1989 in Seattle, Washington (USA)",,Marshall Islands,114400,168 cm / 59 kg,"Marysville-Pilchuck High School, Marysville, Washington (USA)",,,,,,
2008 Summer Olympics; 2012 Summer Olympics; 2016 Summer Olympics; 2020 Summer Olympics,Female,Kara Estelle•Patterson-Winger,Kara•Patterson-Winger,"10 April 1986 in Seattle, Washington (USA)",,United States,115142,183 cm / 83 kg,"Purdue Boilermakers, West Lafayette (USA)",,,,,,
2008 Summer Olympics,Female,"Oluwafunmilayo Kemi ""Funmi""•Jimoh",Funmi•Jimoh,"29 May 1984 in Seattle, Washington (USA)",,United States,115163,173 cm / 59 kg,"Nike, Beaverton (USA)",,,,,,
2008 Summer Olympics; 2012 Summer Olympics,Male,Ryan•Hall,Ryan•Hall,"14 October 1982 in Kirkland, Washington (USA)",,United States,115463,180 cm / 61 kg,Asics,,,,,,
2008 Summer Olympics; 2012 Summer Olympics; 2016 Summer Olympics,Male,Nathan Ghar-Jun•Adrian,Nathan•Adrian,"7 December 1988 in Bremerton, Washington (USA)",,United States,115617,198 cm / 100 kg,"California Golden Bears, Berkeley (USA)",,,,,,
2008 Summer Olympics,Female,"Jillian ""Jill""•Penner",Jill•Penner,"14 November 1987 in Seattle, Washington (USA)",,United States,116159,173 cm / 58 kg,,,,,,,
2008 Summer Olympics,Female,Lindsay•Meyer,Lindsay•Meyer,"23 September 1988 in Seattle, Washington (USA)",,United States,117941,183 cm / 79 kg,Lake Union Crew,,,,,,
2008 Summer Olympics,Female,Emily Ruth•Cross,Emily•Cross,"15 October 1986 in Seattle, Washington (USA)",,United States,118174,165 cm / 57 kg,"Fencers Club, New York (USA)",,,,,,
2012 Summer Olympics,Female,"Kimberley ""Kim""•Butler",Kim•Butler,"7 September 1982 in Tacoma, Washington (USA)",,Great Britain,123010,189 cm / 80 kg,"SK Cēsis, Cēsis (LAT)",,,,,,
2012 Summer Olympics,Female,Amy Elizabeth•LePeilbet,Amy•LePeilbet,"12 March 1982 in Spokane, Washington (USA)",,United States,126538,170 cm / 65 kg,"unattached, (MIX)",,,,,,
2012 Summer Olympics; 2016 Summer Olympics,Female,Courtney Lynn•Thompson,Courtney•Thompson,"4 November 1984 in Bellevue, Washington (USA)",,United States,126616,170 cm / 66 kg,"Lancheras de Cataño, Cataño (PUR)",,,,,,
2012 Summer Olympics,Female,Ariana•Kukors (-Smith),Ariana•Kukors,"1 June 1989 in Federal Way, Washington (USA)",,United States,126644,170 cm / 64 kg,"Fullerton Aquatics Sports Team, Fullerton (USA)",,,,,,
2012 Summer Olympics,Male,Tejay•van Garderen (Vangarderen-),Tejay•van Garderen,"12 August 1988 in Tacoma, Washington (USA)",,United States,126667,185 cm / 70 kg,,,,,,,
2012 Summer Olympics,Male,Tyler•Farrar,Tyler•Farrar,"2 June 1984 in Wenatchee, Washington (USA)",,United States,126676,183 cm / 73 kg,,,,,,,
2012 Summer Olympics,Female,Amanda•Furrer,Amanda•Furrer,"17 January 1991 in Spokane, Washington (USA)",,United States,126680,165 cm / 57 kg,"The Ohio State Buckeyes, Columbus (USA)",,,,,,
2012 Summer Olympics,Female,"Quanita Lee ""Queen""•Underwood",Queen•Underwood,"8 May 1984 in Seattle, Washington (USA)",,United States,126758,165 cm / 60 kg,Tacoma Boxing Club,,,,,,
2012 Summer Olympics; 2020 Summer Olympics; 2024 Summer Olympics,Female,Adrienne•Lyle,Adrienne•Lyle,"2 January 1985 in Coupeville, Washington (USA)",,United States,126761,180 cm / 75 kg,,,,,,,
2012 Summer Olympics; 2016 Summer Olympics,Female,"Martilou ""Marti""•Malloy",Marti•Malloy,"23 June 1986 in Oak Harbor, Washington (USA)",,United States,126762,161 cm / 58 kg,,Martian,,,,,
2016 Summer Olympics; 2020 Summer Olympics,Female,Leilani Seamah•Mitchell,Leilani•Mitchell,"15 June 1985 in Richland, Washington (USA)",,Australia,128962,165 cm / 60 kg,Adelaide Lightning,,,,,,
2016 Summer Olympics,Female,Andrea•Geubelle,Andrea•Geubelle,"26 June 1991 in Lakewood, Washington (USA)",,United States,132014,163 cm / 58 kg,,,,,,,
2016 Summer Olympics; 2020 Summer Olympics,Female,Katrina•Young,Katrina•Young,"10 January 1992 in Shoreline, Washington (USA)",,United States,132076,163 cm / 60 kg,"Tomahawk Diving Club, Tallahassee (USA)",,,,,,
2016 Summer Olympics,Female,Morghan Whitney•King,Morghan•King,"8 October 1985 in Seattle, Washington (USA)",,United States,132191,153 cm / 48 kg,"United States Olympic Training Centre [USOTC] [Colorado Springs, CO, USA]",,,,,,
2016 Summer Olympics; 2020 Summer Olympics,Male,Jordin•Andrade,Jordin•Andrade,"5 May 1992 in Seattle, Washington (USA)",,Cabo Verde,133301,183 cm / 77 kg,"Boise State University, USA",,,,,,
2016 Summer Olympics,Male,Jeremy•Taiwo,Jeremy•Taiwo,"15 January 1990 in Seattle, Washington (USA)",,United States,136250,193 cm / 91 kg,Brooks Beasts Track Club,,,,,,
2016 Summer Olympics,Male,Hans•Struzyna,Hans•Struzyna,"31 March 1989 in Seattle, Washington (USA)",,United States,136331,188 cm / 91 kg,California Rowing Club / US Rowing Training Center - Princeton [United States of America],,,,,,
2016 Summer Olympics,Male,"Robert ""Rob""•Munn",Rob•Munn,"26 July 1990 in Bellevue, Washington (USA)",,United States,136336,193 cm / 98 kg,New York Athletic Club / US Rowing Training Center - Princeton [United States of America],,,,,,
2016 Summer Olympics,Male,"Daniel ""Dan""•Lowe",Dan•Lowe,"18 November 1992 in Federal Way, Washington (USA)",,United States,136347,183 cm / 82 kg,US Army Marksmanship Unit,,,,,,
2016 Summer Olympics,Male,"Gregory ""Greg""•Billington",Greg•Billington,"30 May 1989 in Spokane, Washington (USA)",,United States,136378,175 cm / 66 kg,Triathlon Project 2016,Grillington,,,,,
2020 Summer Olympics,Female,Tatyana Marie•Forbes Fojo,Tatyana•Forbes,"27 June 1997 in Redmond, Washington (USA)",,Mexico,145257,,,,,,,,
2020 Summer Olympics; 2024 Summer Olympics,Female,Nevin•Harrison,Nevin•Harrison,"2 June 2002 in Seattle, Washington (USA)",,United States,147159,175 cm / 73 kg,,,,,,,
2020 Summer Olympics,Male,"Zachary Thomas ""Zach""•LaVine",Zach•LaVine,"10 March 1995 in Renton, Washington (USA)",,United States,147366,196 cm / 91 kg,"Chicago Bulls, Chicago (USA)",,,,,,
2024 Summer Olympics,Female,Hailey Ann•van Lith,Hailey•van Lith,"9 September 2001 in Wenatchee, Washington (USA)",,United States,2506196,175 cm / 70 kg,,,,,,,
2024 Summer Olympics,Female,Keana•Hunter,Keana•Hunter,"4 March 2004 in Seattle, Washington (USA)",,United States,154886,,,,,,,,
2024 Summer Olympics,Male,"Craig James ""CJ""•Allen",CJ•Allen,"14 February 1995 in Pullman, Washington (USA)",,United States,150651,,Life University,,,,,,
2024 Summer Olympics,Male,Kenneth•Rooks,Kenneth•Rooks,"21 October 1999 in College Place, Washington (USA)",,United States,150670,,,,,,,,
2024 Summer Olympics,Female,Marisa•Howard (Vander Malle-),Marisa•Howard,"10 August 1992 in Pasco, Washington (USA)",,United States,150626,,Boise State University,,,,,,
2024 Summer Olympics,Male,Jonas•Ecker,Jonas•Ecker,"26 October 2002 in Bellingham, Washington (USA)",,United States,151321,,University of Washington,,,,,,
2024 Summer Olympics,Male,Aaron•Small,Aaron•Small,"11 July 2001 in Seattle, Washington (USA)",,United States,151320,,University of Washington,,,,,,
2024 Summer Olympics,Male,"Joshua Ryan ""Josh“•Atencio",Josh•Atencio,"31 January 2002 in Bellevue, Washington (USA)",,United States,152449,185 cm / 79 kg,"Seattle Sounders, Seattle (USA)",,,,,,
2024 Summer Olympics,Male,James Jacob•Plihal,Jacob•Plihal,"19 June 1996 in Vashon, Washington (USA)",,United States,153871,,Northeastern University,,,,,,
2024 Summer Olympics,Male,Evan•Olson,Evan•Olson,"26 July 1997 in Seattle, Washington (USA)",,United States,153869,,University of Washington,,,,,,
2024 Summer Olympics,Male,Rielly•Milne,Rielly•Milne,"31 May 1996 in Woodinville, Washington (USA)",,United States,153876,,University of Washington,,,,,,
2024 Summer Olympics,Male,"Matthew Carl ""Matt""•King",Matt•King,"19 February 2002 in Snohomish, Washington (USA)",,United States,154802,,,,,,,,
