Games,Sex,Full name,Used name,Born,Died,NOC,athlete_id,Measurements,Affiliations,Nick/petnames,Title(s),Other names,Nationality,Original name,Name order
1976 Summer Olympics,Male,Leigh Francis•Barczewski,Leigh•Barczewski,"25 December 1955 in Milwaukee, Wisconsin (USA)",,United States,13505,186 cm / 84 kg,AMF Racing Team,The Tree,,,,,
1984 Summer Olympics,Male,Brent Robert•Emery,Brent•Emery,"15 September 1957 in Milwaukee, Wisconsin (USA)",,United States,14251,170 cm / 66 kg,Murray,,,,,,
1928 Summer Olympics,Male,"Alfred Chester•Nelsen, Sr.","Chester•Nelsen, Sr.","2 October 1902 in Waupaca, Wisconsin (USA)","4 October 1987 in Elsberry, Missouri (USA)",United States,15829,,Century Cycling Club,,,,,,
1972 Summer Olympics,Male,"James Lionel ""Jim""•Ochowicz",Jim•Ochowicz,"23 December 1951 in Milwaukee, Wisconsin (USA)",,United States,15921,175 cm / 68 kg,Wolverine Schwinn,,,,,,
1960 Summer Olympics,Male,Robert Matthew•Pfarr,Robert•Pfarr,"24 July 1920 in Kenosha, Wisconsin (USA)","15 October 2006 in Somers, Wisconsin (USA)",United States,16121,179 cm / 72 kg,Kenosha Wheelmen,,,,,,
1972 Summer Olympics,Male,Robert Roy•Schneider,Robert•Schneider,"17 January 1944 in Madison, Wisconsin (USA)",,United States,16500,183 cm / 77 kg,University of Wisconsin,,,,,,
1960 Summer Olympics,Male,"Robert Paul ""Bob""•Tetzlaff",Bob•Tetzlaff,"13 November 1935 in Milwaukee, Wisconsin (USA)","27 September 2012 in Los Gatos, California (USA)",United States,16823,178 cm / 68 kg,"North Hollywood Wheelmen, Los Angeles (USA)",Mr. T,,,,,
1932 Summer Olympics,Male,"Robert ""Bobby""•Thomas",Bobby•Thomas,"7 September 1912 in Kenosha, Wisconsin (USA)","12 November 2008 in Phoenix, Arizona (USA)",United States,16834,,,,,,,,
1992 Summer Olympics,Male,"Michael Joseph ""Mike""•Huwiler",Mike•Huwiler,"4 January 1972 in Milwaukee, Wisconsin (USA)",,United States,27756,178 cm / 75 kg,"Virginia Cavaliers, Charlottesville (USA)",Huey,,,,,
1952 Summer Olympics,Female,Ruth Catherine•Grulkowski (-Hatyina),Ruth•Grulkowski,"9 December 1930 in Waumandee, Wisconsin (USA)","24 June 2012 in Chicago, Illinois (USA)",United States,29246,,Union Chicago Acrobatics,,,,,,
1952 Summer Olympics,Female,"Marie Margaret•Hoesly (Blumer-, -Steinman, -Herbert)",Marie•Hoesly,"5 November 1916 in Perry Township, Wisconsin (USA)","20 September 2003 in Monroe, Wisconsin (USA)",United States,29248,,Madison Turners,,,,,,
1968 Summer Olympics,Female,Colleen Yvonne•Mulvihill,Colleen•Mulvihill,"9 June 1952 in Merrill, Wisconsin (USA)","2 March 2019 in Longmont, Colorado (USA)",United States,29271,160 cm / 46 kg,McKinley YMCA (Young Men's Christian Association),,,,,,
1956 Summer Olympics,Female,"Joyce May•Racek (-Markley, -Budrunas)",Joyce•Racek,"16 August 1938 in West Point, Wisconsin (USA)","4 August 2001 in Littleton, Colorado (USA)",United States,29276,160 cm / 61 kg,Lincoln Turners,,,,,,
1960 Summer Olympics,Female,Sharon Lee•Richardson (-Zuber),Sharon•Richardson,"26 May 1943 in Albion, Wisconsin (USA)",,United States,29278,162 cm / 46 kg,Pond's Palaestrum,,,,,,
1924 Summer Olympics; 1928 Summer Olympics,Male,"John Bartling•Pearson, Jr.",John•Pearson,"30 January 1902 in Waukesha, Wisconsin (USA)","23 April 1984 in Los Angeles, California (USA)",United States,31399,178 cm,"US Navy, (USA)",,,,,,
1968 Summer Olympics,Male,"Frederick Adolph ""Fred""•Roethlisberger",Fred•Roethlisberger,"28 February 1943 in Milwaukee, Wisconsin (USA)",,United States,31412,170 cm / 75 kg,Milwaukee Turners,,,,,,
1992 Summer Olympics; 1996 Summer Olympics; 2000 Summer Olympics,Male,John•Roethlisberger,John•Roethlisberger,"21 June 1970 in Fort Atkinson, Wisconsin (USA)",,United States,31413,171 cm / 73 kg,,,,,,,
1988 Summer Olympics; 1992 Summer Olympics; 1996 Summer Olympics,Female,Laura•Coenen (-Ryan),Laura•Coenen,"16 October 1962 in Neenah, Wisconsin (USA)",,United States,32926,185 cm / 70 kg,,,,,,,
1992 Summer Olympics; 1996 Summer Olympics,Female,Laurie Ann•Fellner,Laurie•Fellner,"15 January 1968 in Muskegon, Wisconsin (USA)",,United States,32933,178 cm / 64 kg,,,,,,,
1984 Summer Olympics,Female,Carol Beth•Lindsey,Carol•Lindsey,"26 March 1955 in Ashland, Wisconsin (USA)",,United States,32944,172 cm / 65 kg,"National Team, (USA)",,,,,,
1992 Summer Olympics; 1996 Summer Olympics,Female,"Patricia ""Pat""•Neder",Pat•Neder,"14 December 1966 in Waukesha, Wisconsin (USA)",,United States,32946,162 cm / 61 kg,,,,,,,
1972 Summer Olympics,Male,Dennis Lee•Berkholtz,Dennis•Berkholtz,"19 January 1945 in Appleton, Wisconsin (USA)",,United States,32959,183 cm / 79 kg,Goodyear Wingfoots,,,,,,
1976 Summer Olympics,Male,"Randolph Hume ""Randy""•Dean",Randy•Dean,"10 June 1955 in Milwaukee, Wisconsin (USA)",,United States,32969,188 cm / 88 kg,"Northwestern Wildcats, Evanston (USA)",,,,,,
1976 Summer Olympics,Male,Robert Klein•Dean,Robert•Dean,"10 June 1955 in Milwaukee, Wisconsin (USA)","19 April 2023 in Indianapolis, Indiana (USA)",United States,32970,188 cm / 88 kg,"Northwestern Wildcats, Evanston (USA)",,,,,,
1988 Summer Olympics,Male,Boyd Michael•Janny,Boyd•Janny,"20 January 1964 in Oconomowoc, Wisconsin (USA)",,United States,32988,198 cm / 102 kg,,,,,,,
1988 Summer Olympics; 1992 Summer Olympics,Female,Lynn Joyce•Roethke,Lynn•Roethke,"22 June 1961 in West Bend, Wisconsin (USA)",,United States,33296,162 cm / 60 kg,,,,,,,
1980 Summer Olympics; 1984 Summer Olympics; 1988 Summer Olympics,Male,Ivar•Sisniega Campbell,Ivar•Sisniega,"29 May 1958 in Kenosha, Wisconsin (USA)",,Mexico,34962,182 cm / 75 kg,,,,,,,
1992 Summer Olympics; 1996 Summer Olympics,Female,Yasmin Suzanne•Farooq (-Waterman),Yasmin•Farooq,"25 November 1965 in Waupun, Wisconsin (USA)",,United States,40454,161 cm / 49 kg,,,,,,,
1988 Summer Olympics; 1992 Summer Olympics,Female,Sarah Jane•Gengler (-Dahl),Sarah•Gengler,"15 February 1963 in Milwaukee, Wisconsin (USA)",,United States,40460,185 cm / 70 kg,,,,,,,
1976 Summer Olympics; 1984 Summer Olympics,Female,"Carolyn Brand ""Carie""•Graves",Carie•Graves,"27 June 1953 in Madison, Wisconsin (USA)",19 December 2021,United States,40462,186 cm / 77 kg,"Boston Rowing Club, Boston (USA)",,,,,,
1992 Summer Olympics,Female,Tracy Rebecca•Rude (-Smith),Tracy•Rude,"25 September 1968 in Appleton, Wisconsin (USA)",,United States,40504,178 cm / 71 kg,,,,,,,
1984 Summer Olympics,Female,"Charlene Lynn ""Chari""•Towne",Chari•Towne,"26 July 1960 in Wild Rose, Wisconsin (USA)",,United States,40519,183 cm / 77 kg,College Boat Club,,,,,,
1976 Summer Olympics,Female,"Jacqueline Jean ""Jackie""•Zoch",Jackie•Zoch,"8 June 1949 in Madison, Wisconsin (USA)",,United States,40525,180 cm / 76 kg,"Wisconsin Badgers, Madison (USA)",,,,,,
1976 Summer Olympics,Male,Neil Carl•Halleen,Neil•Halleen,"25 March 1945 in Sheboygan, Wisconsin (USA)",,United States,40687,191 cm / 84 kg,"Wisconsin Badgers, Madison (USA)",,,,,,
1968 Summer Olympics; 1972 Summer Olympics,Male,"Lawrence Alan ""Larry""•Hough",Larry•Hough,"4 April 1944 in Janesville, Wisconsin (USA)",,United States,40710,188 cm / 86 kg,"Potomac BC, Washington (USA)",,,,,,
1972 Summer Olympics,Male,"Timothy Carl ""Tim""•Mickelson",Tim•Mickelson,"12 November 1948 in Deerfield, Wisconsin (USA)","30 August 2017 in Woodinville, Washington (USA)",United States,40791,191 cm / 85 kg,"US Army, (USA)",,,,,,
1992 Summer Olympics,Male,"Christian D. ""Chris""•Sahs",Chris•Sahs,"9 July 1970 in Madison, Wisconsin (USA)",,United States,40856,195 cm / 93 kg,,,,,,,
1992 Summer Olympics,Male,"Francis E. ""Fritz""•Allen",Fritz•Allen,"26 November 1961 in New London, Wisconsin (USA)",,United States,44597,175 cm / 73 kg,,,,,,,
1924 Summer Olympics,Male,Bernard George•Betke,Bernard•Betke,"12 April 1891 in Milwaukee, Wisconsin (USA)","18 April 1975 in Beaufort, South Carolina (USA)",United States,44617,180 cm,"US Marine Corps, (USA)",,,,,,
1984 Summer Olympics; 1988 Summer Olympics,Female,Annabelle Mary•Cripps,Annabelle•Cripps,"16 February 1968 in Madison, Wisconsin (USA)",,Great Britain,47001,180 cm / 66 kg,"Wigan SC, Wigan (GBR) / Texas Longhorns, Austin (USA)",,,Katherine Starr,,,
1976 Summer Olympics,Male,Gordon Hunter•Downie,Gordon•Downie,"3 March 1955 in ?, Wisconsin (USA)",,Great Britain,47252,,"Warrender Baths Club, Edinburgh (GBR) / Michigan Wolverines, Ann Arbor (USA)",,,,,,
1996 Summer Olympics,Female,Terrie Norlene•Miller,Terrie•Miller,"10 March 1978 in Green Bay, Wisconsin (USA)",,Norway,49537,177 cm / 68 kg,"Karasjok Svømmeklubb, Karasjok (NOR)",,,,,,
1976 Summer Olympics,Female,Wendy Lou Lansbach•Boglioli (-Lansbach),Wendy•Boglioli,"6 March 1955 in Merrill, Wisconsin (USA)",,United States,50968,180 cm / 64 kg,Central Jersey Aquatic Club,,,,,,
1976 Summer Olympics,Female,Jeanne Marie•Haney (-Neville),Jeanne•Haney,"2 September 1958 in North Richmond, Wisconsin (USA)",,United States,51045,163 cm / 55 kg,Aquarius Swim Club,,,,,,
1928 Summer Olympics,Female,"Clarita•Hunsberger (-Neher, -Chapman)",Clarita•Hunsberger,"26 April 1906 in Albion, Wisconsin (USA)","6 December 2001 in Sunnyvale, California (USA)",United States,51063,,Ambassador Swim Club,,,,,,
1932 Summer Olympics,Female,Helene Emma•Madison,Helene•Madison,"19 June 1913 in Madison, Wisconsin (USA)","25 November 1970 in Seattle, Washington (USA)",United States,51105,,"WAC, Seattle (USA)",,,,,,
1972 Summer Olympics; 1976 Summer Olympics,Male,"Steven Charles ""Steve""•Furniss",Steve•Furniss,"21 December 1952 in Madison, Wisconsin (USA)",,United States,51348,193 cm / 80 kg,"Long Beach Swim Club, Long Beach (USA)",,,,,,
1976 Summer Olympics,Male,"James Paul ""Jim""•Montgomery",Jim•Montgomery,"24 January 1955 in Madison, Wisconsin (USA)",,United States,51494,191 cm / 88 kg,"Gatorade Swim Club, Bloomington (USA) / Indiana Hoosiers, Bloomington (USA)",,,,,,
1964 Summer Olympics,Female,"Barbara Jean ""Barbie""•Harwerth (-Navia)",Barbie•Harwerth,"6 March 1941 in La Crosse, Wisconsin (USA)",,United States,53235,175 cm / 66 kg,"St. Cecillia's Club, San Antonio (USA)",,,,,,
1996 Summer Olympics; 2000 Summer Olympics; 2004 Summer Olympics,Male,Jeff Wayne•Nygaard,Jeff•Nygaard,"3 August 1972 in Madison, Wisconsin (USA)",,United States,53307,195 cm / 90 kg,,,,,,,
1996 Summer Olympics,Male,"Thomas Michael ""Tom""•Sorensen",Tom•Sorensen,"6 April 1971 in Racine, Wisconsin (USA)",,United States,53318,198 cm / 86 kg,"Pepperdine Waves, Malibu (USA)",,,,,,
1932 Summer Olympics,Male,Richard Earl•Bachtell,Richard•Bachtell,"27 October 1906 in Cheeseville, Wisconsin (USA)",28 November 1990,United States,56954,,,,,,,,
1948 Summer Olympics; 1952 Summer Olympics,Male,"Stanley Anthony ""Stan""•Stanczyk",Stan•Stanczyk,"10 May 1925 in Armstrong, Wisconsin (USA)","3 July 1997 in Miami, Florida (USA)",United States,57023,"81, 82 kg","York Barbell Club, York (USA)",,,,,,
1976 Summer Olympics,Male,James Allen•Haines,James•Haines,"20 October 1954 in Arcadia, Wisconsin (USA)",,United States,60648,156 cm / 52 kg,"Wisconsin Wrestling Club, Centuria (USA)",,,,,,
1992 Summer Olympics; 1996 Summer Olympics; 2004 Summer Olympics,Male,Dennis William•Hall,Dennis•Hall,"5 February 1971 in Milwaukee, Wisconsin (USA)",,United States,60649,160 cm / 55 kg,"Sunkist Kids Wrestling Club, Scottsdale (USA)",,,,,,
1976 Summer Olympics,Male,"Russell Owen ""Russ""•Hellickson",Russ•Hellickson,"29 May 1948 in Madison, Wisconsin (USA)",,United States,60655,180 cm / 95 kg,"Wisconsin Wrestling Club, Centuria (USA)",,,,,,
1956 Summer Olympics; 1960 Summer Olympics,Male,Dale Folsom•Lewis,Dale•Lewis,"29 August 1933 in Little Black, Wisconsin (USA)","30 August 1997 in Oklahoma City, Oklahoma (USA)",United States,60689,185 cm / 113 kg,"Oklahoma Sooners, Norman (USA) / US Marine Corps, (USA)",The Professor,,,,,
1972 Summer Olympics; 1976 Summer Olympics,Male,"Benjamin Lee ""Ben""•Peterson",Ben•Peterson,"27 June 1950 in Cumberland, Wisconsin (USA)",,United States,60733,187 cm / 90 kg,Iowa State Wrestling Club,,,,,,
1972 Summer Olympics; 1976 Summer Olympics,Male,John Allan•Peterson,John•Peterson,"22 October 1948 in Cumberland, Wisconsin (USA)",,United States,60734,180 cm / 82 kg,Athletes-in-Action,,,,,,
1984 Summer Olympics,Male,Andrew Roland•Rein,Andrew•Rein,"11 March 1958 in Stoughton, Wisconsin (USA)",,United States,60738,172 cm / 68 kg,"Wisconsin Wrestling Club, Centuria (USA)",,,,,,
1960 Summer Olympics; 1964 Summer Olympics; 1968 Summer Olympics,Male,Peter Jones•Barrett,Peter•Barrett,"20 February 1935 in Madison, Wisconsin (USA)","17 December 2000 in Madison, Wisconsin (USA)",United States,61247,184 cm / 88 kg,"Alamitos Bay Yacht Club, Long Beach (USA)",,,,,,
1964 Summer Olympics; 1972 Summer Olympics,Male,"Harry Clemens ""Buddy""•Melges, Jr.","Buddy•Melges, Jr.","26 January 1930 in Elkhorn, Wisconsin (USA)","18 May 2023 in Fontana-on-Geneva-Lake, Wisconsin (USA)",United States,62979,183 cm / 86 kg,"Lake Geneva Yacht Club, Lake Geneva (USA)",,,,,,
1936 Summer Olympics,Male,John Donald•Wallace,John•Wallace,"8 July 1903 in Prescott, Wisconsin (USA)","21 September 1990 in Santa Barbara County, California (USA)",United States,64083,,"Los Angeles YC, Los Angeles (USA)",,,,,,
1984 Summer Olympics,Female,"Cynthia Mae ""Cindy""•Bremser (-Whitmore)",Cindy•Bremser,"5 May 1953 in Milwaukee, Wisconsin (USA)",,United States,77765,162 cm / 51 kg,Wisconsin United,,,,,,
1984 Summer Olympics,Female,"Judith Lynne ""Judi""•Brown (-King, -Clarke)",Judi•Brown,"14 July 1961 in Milwaukee, Wisconsin (USA)",,United States,77774,180 cm / 67 kg,Team Nike,,,,,,
1992 Summer Olympics; 1996 Summer Olympics; 2000 Summer Olympics,Female,"Suzanne Marie ""Suzy""•Favor-Hamilton",Suzy•Favor-Hamilton,"8 August 1968 in Stevens Point, Wisconsin (USA)",,United States,77822,160 cm / 50 kg,Reebok Running Club,,,Kelly Lundy,,,
1988 Summer Olympics; 1992 Summer Olympics,Female,"Catherine ""Cathy""•O'Brien (Schiro-)",Cathy•O'Brien,"19 July 1967 in Janesville, Wisconsin (USA)",,United States,77927,157 cm / 44 kg,Converse Track Club/New Balance,,,,,,
1992 Summer Olympics; 1996 Summer Olympics; 2000 Summer Olympics,Female,Michelle•Rohl (Marter-),Michelle•Rohl,"12 November 1965 in Madison, Wisconsin (USA)",,United States,77956,150 cm / 41 kg,Parkside Track Club,,,,,,
1932 Summer Olympics,Male,"Wilson David ""Buster""•Charles, Jr.",Buster•Charles,"4 April 1908 in De Pere, Wisconsin (USA)","6 June 2006 in Phoenix, Arizona (USA)",United States,78221,180 cm / 78 kg,Haskell Indian Institute,,,,,,
1996 Summer Olympics; 2000 Summer Olympics; 2004 Summer Olympics,Male,Curt Raymond•Clausen,Curt•Clausen,"9 October 1967 in Stevens Point, Wisconsin (USA)",,United States,78234,188 cm / 71 kg,"NYAC, New York (USA)",,,,,,
1948 Summer Olympics,Male,"Donald Arthur ""Don""•Gehrmann",Don•Gehrmann,"16 November 1927 in Milwaukee, Wisconsin (USA)","23 July 2022 in Stoughton, Wisconsin (USA)",United States,78443,178 cm / 60 kg,"Wisconsin Badgers, Madison (USA)",,,,,,
1996 Summer Olympics,Male,"Kerry Lorenzo ""Kenny""•Harrison",Kenny•Harrison,"13 February 1965 in Milwaukee, Wisconsin (USA)",,United States,78520,178 cm / 77 kg,"Nike, Beaverton (USA)",,,,,,
1984 Summer Olympics; 1988 Summer Olympics,Male,"James Anthony ""Jim""•Heiring",Jim•Heiring,"4 November 1955 in Kenosha, Wisconsin (USA)",,United States,78541,187 cm / 67 kg,"Chicago Track Club, Chicago (USA)",,,,,,
1988 Summer Olympics,Male,"Andrew John ""Andy""•Kaestner",Andy•Kaestner,"25 August 1964 in Racine, Wisconsin (USA)",,United States,78635,172 cm / 66 kg,"UW–Parkside Rangers, Kenosha (USA)",,,,,,
1984 Summer Olympics,Male,"Stephen M. ""Steve""•Lacy",Steve•Lacy,"17 January 1956 in Oconomowoc, Wisconsin (USA)",,United States,78672,185 cm / 70 kg,New Balance Track Club,,,,,,
1972 Summer Olympics,Male,"Peter Michael ""Mike""•Manley",Mike•Manley,"14 February 1942 in Wausau, Wisconsin (USA)",,United States,78731,178 cm / 66 kg,"Oregon Track Club, Eugene (USA)",,,,,,
1988 Summer Olympics,Male,André Lamar•Phillips,André•Phillips,"5 September 1959 in Milwaukee, Wisconsin (USA)",,United States,78894,188 cm / 84 kg,World Class Athletic Club,,,,,,
1952 Summer Olympics,Male,"Kenneth George ""Ken""•Wiesner",Ken•Wiesner,"17 February 1925 in Milwaukee, Wisconsin (USA)","20 March 2019 in Minocqua, Wisconsin (USA)",United States,79189,192 cm / 91 kg,"US Navy, (USA)",,,,,,
1984 Summer Olympics,Female,"Helen Constance ""Connie""•Carpenter-Phinney",Connie•Carpenter-Phinney,"26 February 1957 in Madison, Wisconsin (USA)",,United States,80794,178 cm / 59 kg,"California Golden Bears, Berkeley (USA)",,,,,,
2000 Summer Olympics,Female,"Christine Diane ""Chris""•Witty",Chris•Witty,"23 June 1975 in West Allis, Wisconsin (USA)",,United States,83054,167 cm / 66 kg,"WASSC, West Allis (USA)",,,,,,
2000 Summer Olympics,Female,"Melissa M. ""Mel""•Mueller",Mel•Mueller,"16 November 1972 in Waukesha, Wisconsin (USA)",,United States,89153,178 cm / 66 kg,"Nike, Beaverton (USA)",,,,,,
2000 Summer Olympics; 2004 Summer Olympics,Female,Mary Beth•Iagorashvili (Larsen-),Mary Beth•Iagorashvili,"28 July 1974 in Waukesha, Wisconsin (USA)",,United States,89302,167 cm / 54 kg,,,,,,,
2000 Summer Olympics; 2004 Summer Olympics,Female,Rebecca•Giddens (Bennett-),Rebecca•Giddens,"19 September 1977 in Green Bay, Wisconsin (USA)",,United States,90279,165 cm / 63 kg,Team RonBo,,,,,,
2000 Summer Olympics,Female,Mari Kim•Holden (-Paulsen-),Mari•Holden,"30 March 1971 in Milwaukee, Wisconsin (USA)",,United States,90530,162 cm / 48 kg,,,,,,,
2000 Summer Olympics; 2004 Summer Olympics,Female,Erin•Mirabella (Veenstra-),Erin•Mirabella,"18 May 1978 in Racine, Wisconsin (USA)",,United States,90538,162 cm / 64 kg,,,,,,,
2000 Summer Olympics; 2004 Summer Olympics,Male,Morgan Carl•Hamm,Morgan•Hamm,"24 September 1982 in Ashland, Wisconsin (USA)",,United States,91590,165 cm / 65 kg,"Team Chevron/Swiss Turners, West Allis, Wisconsin",,,,,,
2000 Summer Olympics; 2004 Summer Olympics,Male,Paul Elbert•Hamm,Paul•Hamm,"24 September 1982 in Ashland, Wisconsin (USA)",,United States,91591,165 cm / 62 kg,Team Chevron/Ohio State University,,,,,,
2000 Summer Olympics; 2004 Summer Olympics,Male,Neil Scott•Walker,Neil•Walker,"25 June 1976 in Verona, Wisconsin (USA)",,United States,93865,195 cm / 90 kg,"Texas Longhorns, Austin (USA)",,,,,,
2000 Summer Olympics; 2004 Summer Olympics,Male,"James Matthew ""Jim""•Gruenwald",Jim•Gruenwald,"9 June 1970 in Milwaukee, Wisconsin (USA)",,United States,95171,162 cm / 60 kg,"Sunkist Kids Wrestling Club, Scottsdale (USA)",,,,,,
2000 Summer Olympics; 2004 Summer Olympics,Male,Steven Garrett•Lowney,Garrett•Lowney,"3 October 1979 in Appleton, Wisconsin (USA)",,United States,95175,185 cm / 96 kg,Minnesota Storm,,,,,,
2004 Summer Olympics; 2008 Summer Olympics,Female,Lindsay Ann•Tarpley (-Snow),Lindsay•Tarpley,"22 September 1983 in Madison, Wisconsin (USA)",,United States,102649,165 cm / 58 kg,"North Carolina Tar Heels, Chapel Hill (USA)",,,,,,
2004 Summer Olympics,Female,"Deirdre ""Dede""•Demet-Barry",Dede•Demet-Barry,"8 October 1972 in Milwaukee, Wisconsin (USA)",,United States,103700,175 cm / 61 kg,,,,,,,
2004 Summer Olympics; 2008 Summer Olympics,Male,Beau•Hoopman,Beau•Hoopman,"1 October 1980 in Sheboygan, Wisconsin (USA)",,United States,104504,193 cm / 91 kg,Princeton Training Centre,,,,,,
2004 Summer Olympics; 2008 Summer Olympics; 2012 Summer Olympics; 2016 Summer Olympics,Female,"Elizabeth ""Beezie""•Madden (Patton-)",Beezie•Madden,"20 November 1963 in Milwaukee, Wisconsin (USA)",,United States,107020,168 cm / 63 kg,Iron Spring Farm,,,,,,
2004 Summer Olympics,Male,Andrew•Rock,Andrew•Rock,"23 January 1982 in Marshfield, Wisconsin (USA)",,United States,107824,185 cm / 79 kg,"UW-L Eagles, La Crosse (USA) / Nike, Beaverton (USA)",,,,,,
2008 Summer Olympics,Female,Sally•Barkow,Sally•Barkow,"10 July 1980 in Waukesha, Wisconsin (USA)",,United States,111706,168 cm / 82 kg,Pine Lake Yacht Club,,,,,,
2008 Summer Olympics,Male,Garrett•Weber-Gale,Garrett•Weber-Gale,"6 August 1985 in Stevens Point, Wisconsin (USA)",,United States,115782,188 cm / 82 kg,"Texas Longhorns, Austin (USA)",,,,,,
2008 Summer Olympics,Female,Chellsie Marie•Memmel (-Maier),Chellsie•Memmel,"23 June 1988 in West Allis, Wisconsin (USA)",,United States,117650,160 cm / 54 kg,M/M Gymnastics,,,,,,
2012 Summer Olympics,Female,Lauren Marie•Sesselmann,Lauren•Sesselmann,"14 August 1983 in Marshfield, Wisconsin (USA)",,Canada,122763,173 cm / 71 kg,"unattached, (MIX)",,,,,,
2012 Summer Olympics; 2016 Summer Olympics,Female,Gwen Rosemary•Jorgensen (-Lemieux),Gwen•Jorgensen,"25 April 1986 in Waukesha, Wisconsin (USA)",,United States,126528,178 cm / 59 kg,,,,,,,
2012 Summer Olympics; 2016 Summer Olympics,Male,"Benjamin Errol ""Ben""•Provisor",Ben•Provisor,"26 June 1990 in Stevens Point, Wisconsin (USA)",,United States,126702,173 cm / 88 kg,"Sunkist Kids Wrestling Club, Scottsdale (USA)",,,,,,
2012 Summer Olympics; 2016 Summer Olympics,Male,Michael•McPhail,Michael•McPhail,"15 December 1981 in Platteville, Wisconsin (USA)",,United States,126739,183 cm / 89 kg,"US Army Marksmanship Unit, Fort Benning, Georgia (USA)",,,,,,
2016 Summer Olympics,Female,Ariana Kira•Hilborna (Zvērs-),Ariana•Hilborna,"19 September 1980 in Greendale, Wisconsin (USA)",,Latvia,130992,167 cm / 52 kg,"Sonoran Distance Project, USA",,,,,,
2016 Summer Olympics,Female,Heather•Miller-Koch,Heather•Miller-Koch,"30 March 1987 in Madison, Wisconsin (USA)",,United States,132032,175 cm / 64 kg,Central Park Track Club,,,,,,
2016 Summer Olympics,Male,Jesse David•Thielke,Jesse•Thielke,"9 June 1992 in West Bend, Wisconsin (USA)",,United States,136403,170 cm / 68 kg,"NYAC, New York (USA)",,,,,,
2020 Summer Olympics,Female,Rae Lin Marie•D'Alie,Rae Lin•D'Alie,"31 October 1987 in Waterford, Wisconsin (USA)",,Italy,144032,,,,,,,,
2020 Summer Olympics; 2024 Summer Olympics,Female,Emily•Sisson,Emily•Sisson,"12 October 1991 in Milwaukee, Wisconsin (USA)",,United States,147106,157 cm,,,,,,,
2020 Summer Olympics,Female,Molly Elizabeth•Seidel,Molly•Seidel,"12 July 1994 in Brookfield, Wisconsin (USA)",,United States,147120,165 cm / 52 kg,,,,,,,
2020 Summer Olympics; 2024 Summer Olympics,Female,Jessica•Thoennes,Jessica•Thoennes,"20 September 1995 in Madison, Wisconsin (USA)",,United States,147222,188 cm,,,,,,,
2020 Summer Olympics; 2024 Summer Olympics,Female,Madeleine•Wanamaker,Madeleine•Wanamaker,"14 February 1995 in Neenah, Wisconsin (USA)",,United States,147226,180 cm / 75 kg,,,,,,,
2024 Summer Olympics,Male,Tyrese John•Haliburton,Tyrese•Haliburton,"29 February 2000 in Oshkosh, Wisconsin (USA)",,United States,150907,,"Indiana Pacers, Indianapolis (USA)",,,,,,
2024 Summer Olympics,Female,Maria Celia•Laborde,Maria•Laborde,"2 August 1990 in Kenosha, Wisconsin (USA)",,United States,153381,,,,,,,,
2024 Summer Olympics,Male,Nicholas•Rusher,Nicholas•Rusher,"10 June 1999 in West Bend, Wisconsin (USA)",,United States,153872,,Yale University,,,,,,
2024 Summer Olympics,Female,Sophia•Vitas,Sophia•Vitas,"22 December 1992 in Franklin, Wisconsin (USA)",,United States,153864,,University of Wisconsin,,,,,,
2024 Summer Olympics,Female,Lauren•O'Connor,Lauren•O'Connor,"10 August 1998 in Belleville, Wisconsin (USA)",,United States,153860,,University of Wisconsin,,,,,,
2024 Summer Olympics,Female,Mary Anne•Theisen-Lappen,Mary•Theisen-Lappen,"3 November 1990 in Eau Claire, Wisconsin (USA)",,United States,155588,,,,,,,,
2024 Summer Olympics,Male,Payton Jon•Jacobson,Payton•Jacobson,"12 September 2002 in Elkhorn, Wisconsin (USA)",,United States,155759,,Northern Michigan,,,,,,
