Games,Sex,Full name,Used name,Born,Died,NOC,athlete_id,Measurements,Affiliations,Nick/petnames,Title(s),Other names,Nationality,Original name,Name order
1980 Winter Olympics,Female,Lisa-Marie•Allen,Lisa-Marie•Allen,"16 September 1960 in Glendale, California (USA)",,United States,80523,,,,,,,,
1968 Winter Olympics,Female,Wendy Irene•Allen,Wendy•Allen,"16 November 1944 in San Pedro, California (USA)",,United States,80525,163 cm / 55 kg,"Mammoth Mountain Ski Club, Mammoth Lakes (USA)",,,,,,
1976 Winter Olympics; 1980 Winter Olympics,Female,Tai Reina•Babilonia (-Butler),Tai•Babilonia,"22 September 1960 in Los Angeles, California (USA)",,United States,80569,159 cm / 46 kg,"LAFSC, Los Angeles (USA)",,,,,,
1994 Winter Olympics,Female,"Chantal L.•Bailey (Dunn-, -Cermak)",Chantal•Bailey,"28 May 1965 in Harbor City, Los Angeles, California (USA)",,United States,80576,173 cm / 72 kg,Montana Skating Club,,,,,,
1980 Winter Olympics; 1984 Winter Olympics,Female,Judy Ann•Blumberg,Judy•Blumberg,"13 September 1957 in Santa Monica, California (USA)",,United States,80680,157 cm / 48 kg,"Pittsburgh FSC, Pittsburgh (USA)",,,,,,
1984 Winter Olympics,Female,Audrey Tiffany (Tingting-)•Chin,Tiffany•Chin,"10 March 1967 in Toluca Lake, California (USA)",,United States,80826,150 cm / 41 kg,"San Diego Figure Skating Club, San Diego (USA)",,,,,,
1980 Winter Olympics; 1984 Winter Olympics,Female,Christin Elizabeth•Cooper,Christin•Cooper,"8 October 1959 in Los Angeles, California (USA)",,United States,80876,170 cm / 57 kg,,Super Coop,,,,,
1972 Winter Olympics; 1976 Winter Olympics,Female,Dianne Margaret•de Leeuw,Dianne•de Leeuw,"19 November 1955 in Orange, California (USA)",,Netherlands,80925,165 cm / 57 kg,,,,,,,
1964 Winter Olympics; 1968 Winter Olympics,Female,Peggy Gale•Fleming (-Jenkins),Peggy•Fleming,"27 July 1948 in San José, California (USA)",,United States,81072,163 cm / 50 kg,"Arctic Blades FSC, Lake Arrowhead (USA) / Broadmoor Skating Club, Colorado Springs (USA)",,,,,,
1976 Winter Olympics; 1980 Winter Olympics,Female,Linda Sue•Fratianne,Linda•Fratianne,"2 August 1960 in Northridge, California (USA)",,United States,81087,153 cm / 41 kg,"LAFSC, Los Angeles (USA)",,,,,,
1988 Winter Olympics,Female,Yvonne•Gómez Muñoz,Yvonne•Gómez,"19 December 1966 in San Francisco, California (USA)",,Spain,81166,157 cm / 46 kg,,,,,,,
1948 Winter Olympics,Female,"Brynhild•Grasmoen (-Robinson, -Dedrick)",Brynhild•Grasmoen,"7 January 1929 in Merced, California (USA)","30 December 2000 in Merced, California (USA)",United States,81187,175 cm / 59 kg,Merced Ski Club,B,,,,,
1936 Winter Olympics,Female,"Clarita•Heath (-Reiter, -Bright)",Clarita•Heath,"27 August 1916 in Pasadena, California (USA)","13 October 2003 in Brookline, Massachusetts (USA)",United States,81267,,,,,,,,
1972 Winter Olympics,Female,Julie Lynn•Holmes (-Newman),Julie Lynn•Holmes,"23 March 1951 in North Hollywood, California (USA)",,United States,81309,163 cm / 50 kg,"Tulsa FSC, Tulsa (USA)",,,,,,
1988 Winter Olympics; 1992 Winter Olympics,Female,"Kristin Elizabeth•Krone (Rogers-, -Vallant)",Kristin•Krone,"17 June 1968 in Sacramento, California (USA)",,United States,81576,167 cm / 65 kg,,,,,,,
1992 Winter Olympics,Female,Natasha Maria Hanako•Kuchiki,Natasha•Kuchiki,"28 October 1976 in Burbank, California (USA)",,United States,81584,159 cm / 50 kg,"LAFSC, Los Angeles (USA)",,,,,,
1956 Winter Olympics,Female,Catherine Louise•Machado,Catherine•Machado,"20 April 1936 in Santa Monica, California (USA)",,United States,81731,,,,,,,,
1960 Winter Olympics; 1964 Winter Olympics,Female,Linda•Meyers (-Tikalsky),Linda•Meyers,"1 July 1937 in Los Angeles, California (USA)",,United States,81821,164 cm / 57 kg,"Mammoth Mountain Ski Club, Mammoth Lakes (USA)",,,,,,
1992 Winter Olympics,Female,Patricia•Neske (-Barone),Patricia•Neske,"19 October 1966 in Harbor City, California (USA)",,Germany,81921,158 cm / 55 kg,"Düsseldorfer EG, Düsseldorf (GER)",,,,,,
1956 Winter Olympics,Female,Carole Anne•Ormaca (-Butler),Carole•Ormaca,"2 June 1936 in Fresno, California (USA)",,United States,81995,,"St. Moritz ISC, Oakland (USA)",,,,,,
1972 Winter Olympics,Female,"Sandra Wayne ""Sandy""•Poulsen",Sandy•Poulsen,"24 July 1952 in San Francisco, California (USA)",,United States,82115,160 cm / 57 kg,,,,,,,
1960 Winter Olympics,Female,"Barbara Ann•Roles (-Pursley, -Williams)",Barbara Ann•Roles,"6 April 1941 in San Mateo, California (USA)",,United States,82215,,"Arctic Blades FSC, Lake Arrowhead (USA)",,,,,,
1984 Winter Olympics,Female,Rosalynn Diane•Sumners (-Kain),Rosalynn•Sumners,"20 April 1964 in Palo Alto, California (USA)",,United States,82496,155 cm / 47 kg,"Seattle Skating Club, Mountlake Terrace (USA)",,,,,,
1968 Winter Olympics,Female,Sandi Sue•Sweitzer (-Wagelein),Sandi•Sweitzer,"16 September 1946 in Santa Monica, California (USA)",,United States,82506,163 cm / 52 kg,Pickwick Center Skating Club,,,,,,
1976 Winter Olympics,Female,"Erika Leslie•Taylforth (Kessler-, Susman-, - Shorr)",Erika•Taylforth,"22 November 1956 in Encino, California (USA)",,Great Britain,82549,,,,,,,,
1988 Winter Olympics; 1992 Winter Olympics,Female,"Edith Olivia ""Edie""•Thys (-Morgan)",Edie•Thys,"31 March 1966 in San Leandro, California (USA)",,United States,82865,165 cm / 64 kg,"Squaw Valley Ski Team, Olympic Valley, California (USA)",,,,,,
1964 Winter Olympics,Female,Starr•Walton (-Hurley),Starr•Walton,"13 May 1942 in Yuba City, California (USA)",,United States,82993,161 cm / 57 kg,"Sugar Bowl Ski Club, Norden, California (USA)",,,,,,
1984 Winter Olympics; 1988 Winter Olympics; 1992 Winter Olympics,Female,Bonny Susan•Warner (-Simi),Bonny•Warner,"7 April 1962 in Mount Baldy, California (USA)",,United States,83005,176 cm / 74 kg,U.S. Luge Association,,,,,,
1992 Winter Olympics,Female,"Kristine Tsuya ""Kristi""•Yamaguchi (-Hedican)",Kristi•Yamaguchi,"12 July 1971 in Hayward, California (USA)",,United States,83078,152 cm / 42 kg,"Edmonton Royal Glenora Club, CAN",,,,,,
1956 Winter Olympics,Male,Rino Luigi•Alberton,Rino•Alberton,"30 March 1936 in Coniston, California (USA)","13 October 1995 in Niagara Falls, Ontario (CAN)",Italy,83521,,"HC Milano Inter, Milano (ITA)",,,,,,
1980 Winter Olympics,Male,Víctor Hugo•Ascarrunz Fonseca,Víctor Hugo•Ascarrunz,"22 December 1960 in Pasadena, California (USA)",,Bolivia,83714,,,,,,,,
1984 Winter Olympics,Male,"Thomas Ray ""Tom""•Barnes",Tom•Barnes,"5 September 1959 in Fairfield, California (USA)",,United States,83857,188 cm / 91 kg,,,,,,,
1968 Winter Olympics,Male,"James Michael ""Jim""•Barrows",Jim•Barrows,"25 April 1944 in Los Angeles, California (USA)",,United States,83865,183 cm / 86 kg,"Colorado Buffaloes, Boulder (USA)",Moose,,,,,
1994 Winter Olympics,Male,"Gregory ""Greg""•Boester",Greg•Boester,"27 November 1968 in Los Angeles, California (USA)",,United States,84214,178 cm / 65 kg,,,,,,,
1984 Winter Olympics; 1988 Winter Olympics; 1994 Winter Olympics,Male,Brian Anthony•Boitano,Brian•Boitano,"22 October 1963 in Mountain View, California (USA)",,United States,84226,180 cm / 75 kg,"Peninsula SC, San José (USA)",,,,,,
1988 Winter Olympics; 1992 Winter Olympics,Male,Christopher Nicol•Bowman,Christopher•Bowman,"30 March 1967 in Hollywood, Los Angeles, California (USA)","10 January 2008 in Los Angeles, California (USA)",United States,84306,178 cm / 70 kg,"LAFSC, Los Angeles (USA)",Bowman the Showman,,,,,
1960 Winter Olympics,Male,Robert Lee•Brewer,Robert•Brewer,"1 March 1939 in Alhambra, California (USA)",,United States,84358,,"LAFSC, Los Angeles (USA)",,,,,,
1952 Winter Olympics,Male,"Richard Carl ""Dick""•Buek",Dick•Buek,"4 November 1929 in Oakland, California (USA)","3 November 1957 in Donner Lake Village, California (USA)",United States,84452,177 cm / 66 kg,,"Mad Dog, Madman of Donner Summit",,,,,
1992 Winter Olympics,Male,John Freeman•Callahan,John•Callahan,"15 September 1962 in Los Angeles, California (USA)",,United States,84557,183 cm / 79 kg,,,,,,,
1984 Winter Olympics,Male,Mark Wayne•Cockerell,Mark•Cockerell,"24 April 1962 in Burbank, California (USA)",,United States,84820,170 cm / 63 kg,"LAFSC, Los Angeles (USA)",,,,,,
1976 Winter Olympics; 1980 Winter Olympics,Male,Randy•Gardner,Randy•Gardner,"2 December 1958 in Los Angeles, California (USA)",,United States,85944,,"LAFSC, Los Angeles (USA)",,,,,,
1972 Winter Olympics; 1976 Winter Olympics,Male,Charles Andrew•Gilmore,Charles•Gilmore,"27 January 1950 in Orange, California (USA)",,United States,86072,183 cm / 75 kg,Glacier Falls Skating Club,,,,,,
1956 Winter Olympics,Male,"Robinson Lewis ""Robin""•Greiner, Jr.",Robin•Greiner,"24 August 1932 in San José, California (USA)",7 November 2021,United States,86219,,"St. Moritz ISC, Oakland (USA)",,,,,,
1992 Winter Olympics,Male,Tom•Hansen,Tom•Hansen,"23 September 1968 in Santa Barbara, California (USA)",,Canada,86447,182 cm / 70 kg,British Columbia Biathlon/Larch Hills Ski Club,,,,,,
1972 Winter Olympics,Male,Ralph Carl•Havens,Ralph•Havens,"10 April 1943 in San Diego, California (USA)",,United States,86521,180 cm / 75 kg,,,,,,,
1964 Winter Olympics; 1968 Winter Olympics,Male,"James Frederic ""Jimmy""•Heuga",Jimmy•Heuga,"22 September 1943 in San Francisco, California (USA)","8 February 2010 in Louisville, Colorado (USA)",United States,86617,168 cm / 72 kg,"Colorado Buffaloes, Boulder (USA) / Squaw Valley Ski Team, Olympic Valley, California (USA)",,,,,,
1964 Winter Olympics,Male,"James Jeremiah ""Jim""•Higgins",Jim•Higgins,"9 March 1936 in Hollywood, Los Angeles, California (USA)",,United States,86635,185 cm / 75 kg,"US Army, (USA)",,,,,,
1988 Winter Olympics,Male,"William Walker ""Bill""•Hudson",Bill•Hudson,"27 June 1966 in Los Angeles, California (USA)",,United States,87222,183 cm / 82 kg,"Squaw Valley Ski Team, Olympic Valley, California (USA)",,,,,,
1960 Winter Olympics; 1964 Winter Olympics,Male,"Richard Howard ""Dick""•Hunt",Dick•Hunt,"31 October 1935 in Los Angeles, California (USA)",,United States,87240,185 cm / 82 kg,"Pasadena AA, Pasadena (USA)",,,,,,
1980 Winter Olympics,Male,"Glenn Rea•Jobe, Jr.","Glenn•Jobe, Jr.","4 March 1951 in Stockton, California (USA)",,United States,87550,190 cm / 75 kg,,,,,,,
1984 Winter Olympics,Male,"William Dean ""Bill""•Johnson",Bill•Johnson,"30 March 1960 in Los Angeles, California (USA)","21 January 2016 in Gresham, Oregon (USA)",United States,87613,175 cm / 77 kg,U.S. Ski Team,,,,,,
1988 Winter Olympics,Male,Hans D.•Johnstone,Hans•Johnstone,"29 May 1961 in Oakland, California (USA)",,United States,87616,178 cm / 77 kg,,,,,,,
1976 Winter Olympics,Male,"Gregory Francis ""Greg""•Jones",Greg•Jones,"3 December 1953 in Truckee, California (USA)",,United States,87626,,,,,,,,
1988 Winter Olympics; 1992 Winter Olympics; 1994 Winter Olympics,Male,Duncan Morrow•Kennedy,Duncan•Kennedy,"20 December 1967 in Burlingame, California (USA)",,United States,87878,180 cm / 77 kg,,,,,,,
1972 Winter Olympics,Male,Clark David•King,Clark•King,"1 December 1949 in Burbank, California (USA)",,United States,87966,183 cm / 69 kg,Pickwick Speedskating Club,,,,,,
1976 Winter Olympics,Male,Terry Paul•Kubicka,Terry•Kubicka,"3 April 1956 in Long Beach, California (USA)",,United States,88675,,"Arctic Blades FSC, Lake Arrowhead (USA)",,,,,,
1968 Winter Olympics,Male,Kim Alfred•Layton,Kim•Layton,"26 November 1942 in San Luis Obispo, California (USA)",,United States,89475,186 cm / 82 kg,"US Air Force, (USA)",,,,,,
1994 Winter Olympics,Male,Éric•LeMarque,Éric•LeMarque,"1 July 1969 in West Hills, California (USA)",,France,89553,175 cm / 78 kg,"Dragons de Rouen, Rouen (FRA)",,,,,,
1992 Winter Olympics,Male,"Maurice William ""Moe""•Mantha",Moe•Mantha,"21 January 1961 in Lakewood, California (USA)",,United States,92118,188 cm / 96 kg,"Winnipeg Jets, Winnipeg (CAN)",,,,,,
1968 Winter Olympics,Male,Dennis Marshall•McCoy,Dennis•McCoy,"27 May 1945 in Bishop, California (USA)",,United States,95296,183 cm / 70 kg,"Mammoth Mountain Ski Club, Mammoth Lakes (USA)",Pancho,,,,,
1988 Winter Olympics; 1992 Winter Olympics,Male,Julián Daniel•Muñoz Zúñiga,Julián•Muñoz,"11 July 1946 in San Francisco, California (USA)",,Costa Rica,95636,,,,,,,,
1988 Winter Olympics,Male,"Robert B. ""Bob""•Ormsby",Bob•Ormsby,"20 May 1963 in Contra Costa County, California (USA)",,United States,96088,,,,,,,,
1964 Winter Olympics,Male,"Annibale John ""Ni""•Orsi, Jr.","Ni•Orsi, Jr.","14 September 1944 in Stockton, California (USA)",,United States,96092,178 cm / 80 kg,"Mammoth Mountain Ski Club, Mammoth Lakes (USA)",,,,,,
1960 Winter Olympics,Female,"Laurence Rochon ""Laurie""•Owen",Laurie•Owen,"9 May 1944 in Berkeley, California (USA)","15 February 1961 in Berg-Kampenhout, Vlaams Brabant (BEL)",United States,96121,,"Skating Club of Boston, Boston (USA)",,,,,,
1992 Winter Olympics; 1994 Winter Olympics; 1998 Winter Olympics,Male,Kyle A.•Rasmussen,Kyle•Rasmussen,"20 June 1968 in Sonora, California (USA)",,United States,96724,183 cm / 94 kg,USSA,,,,,,
1992 Winter Olympics,Male,Brian Edward•Richardson,Brian•Richardson,"7 June 1955 in San José, California (USA)",,United States,96832,178 cm / 77 kg,,,,,,,
1994 Winter Olympics,Male,"David E. ""Dave""•Roberts",Dave•Roberts,"28 May 1970 in Alameda, California (USA)",,United States,96893,183 cm / 84 kg,"Peoria Rivermen, Peoria (USA) / St. Louis Blues, St. Louis (USA)",,,,,,
1968 Winter Olympics,Male,"Vladimir Peter ""Spider""•Sabich, Jr.",Spider•Sabich,"9 January 1945 in Kyburz, California (USA)","21 March 1976 in Aspen, Colorado (USA)",United States,97061,180 cm / 77 kg,"Colorado Buffaloes, Boulder (USA)",,,,,,
1992 Winter Olympics; 1994 Winter Olympics; 1998 Winter Olympics,Male,Todd Kenneth•Sand,Todd•Sand,"30 October 1963 in Burbank, California (USA)",,United States,97142,180 cm / 75 kg,"LAFSC, Los Angeles (USA)",,,,,,
1968 Winter Olympics; 1972 Winter Olympics,Male,"Kenneth Gene ""Ken""•Shelley",Ken•Shelley,"4 October 1951 in Downey, California (USA)",,United States,97481,170 cm / 59 kg,"Arctic Blades FSC, Lake Arrowhead (USA)",,,,,,
1980 Winter Olympics,Male,"Charles Frederick ""Charlie""•Tickner",Charlie•Tickner,"13 November 1953 in Lafayette, California (USA)",,United States,98269,,"Denver FSC, Centennial, Colorado (USA)",,,,,,
1928 Winter Olympics,Male,Nion Robert•Tucker,Nion•Tucker,"21 August 1885 in Suisun City, California (USA)","22 April 1950 in San Francisco, California (USA)",United States,98421,,"California Golden Bears, Berkeley (USA)",,,,,,
1994 Winter Olympics; 1998 Winter Olympics; 2002 Winter Olympics,Male,Justin•Wadsworth,Justin•Wadsworth,"14 August 1968 in La Jolla, California (USA)",,United States,98758,185 cm / 79 kg,XC Oregon,,,,,,
1994 Winter Olympics; 1998 Winter Olympics; 2002 Winter Olympics,Male,Zachary John•Zoller,Zachary•Zoller,"5 February 1973 in San Francisco, California (USA)",,United States Virgin Islands,99267,178 cm / 98 kg,,,,,,,
1960 Winter Olympics,Male,Ross Barta•Zucco,Ross•Zucco,"20 April 1934 in South Gate, California (USA)","28 September 1960 in Paramount, California (USA)",United States,99275,,"Midway SC, Saint Paul (USA)",,,,,,
1998 Winter Olympics; 2002 Winter Olympics,Female,Jonna•Mendes,Jonna•Mendes,"31 March 1979 in Santa Cruz, California (USA)",,United States,99427,175 cm / 73 kg,Heavenly Ski Club,,,,,,
1998 Winter Olympics; 2002 Winter Olympics,Female,Caroline Aimee•Lalive,Caroline•Lalive,"10 August 1979 in Truckee, California (USA)",,United States,99478,165 cm / 62 kg,"SSWSC, Steamboat Springs (USA)",,,,,,
1998 Winter Olympics; 2002 Winter Olympics; 2006 Winter Olympics; 2010 Winter Olympics,Male,Daron Louis•Rahlves,Daron•Rahlves,"12 June 1973 in Walnut Creek, California (USA)",,United States,99502,175 cm / 84 kg,"Sugar Bowl Ski Club, Norden, California (USA) / Nevada Wolf Pack, Reno (USA)",,,,,,
1998 Winter Olympics,Female,Cara-Beth•Burnside,Cara-Beth•Burnside,"23 July 1971 in Orange, California (USA)",,United States,99719,160 cm / 48 kg,,CB,,,,,
1998 Winter Olympics; 2002 Winter Olympics,Male,Brendan•Doran,Brendan•Doran,"17 March 1979 in Long Beach, California (USA)",,United States,99878,185 cm / 73 kg,"SSWSC, Steamboat Springs (USA)",,,,,,
1998 Winter Olympics; 2002 Winter Olympics,Female,Michelle Wingshan•Kwan (-Pell-),Michelle•Kwan,"7 July 1980 in Torrance, California (USA)",,United States,100123,157 cm / 49 kg,"LAFSC, Los Angeles (USA)",Shelly,,,,,
1998 Winter Olympics; 2002 Winter Olympics; 2006 Winter Olympics,Male,Rusty•Smith,Rusty•Smith,"27 August 1979 in Sunset Beach, California (USA)",,United States,100250,173 cm / 73 kg,Southern California Speedskating Association,,,,,,
1998 Winter Olympics; 2002 Winter Olympics; 2006 Winter Olympics; 2010 Winter Olympics,Female,Angela Marie•Ruggiero,Angela•Ruggiero,"3 January 1980 in Panorama City, California (USA)",,United States,100467,175 cm / 86 kg,"Choate Wild Boars, Wallingford (USA) / Harvard Crimson, Cambridge (USA) / Minnesota Whitecaps, Minneapolis (USA)",,,,,,
1998 Winter Olympics; 2002 Winter Olympics; 2006 Winter Olympics; 2010 Winter Olympics,Male,Brian•Martin,Brian•Martin,"19 January 1974 in Palo Alto, California (USA)",,United States,100476,173 cm / 77 kg,Denver,,,,,,
2002 Winter Olympics; 2006 Winter Olympics,Male,Derek•Parra,Derek•Parra,"15 March 1970 in San Bernardino, California (USA)",,United States,100952,162 cm / 64 kg,Greenfield,,,,,,
2002 Winter Olympics; 2010 Winter Olympics; 2014 Winter Olympics,Male,Marco Timothy•Sullivan,Marco•Sullivan,"27 April 1980 in Truckee, California (USA)",,United States,101049,180 cm / 93 kg,"Squaw Valley Ski Team, Olympic Valley, California (USA)",,,,,,
2002 Winter Olympics,Male,"Thomas E. ""Tommy""•Czeschin",Tommy•Czeschin,"15 June 1979 in Mammoth Lakes, California (USA)",,United States,101116,175 cm / 66 kg,,,,,,,
2002 Winter Olympics,Female,Naomi Rose•Lang (-Fitzgerald),Naomi•Lang,"18 December 1978 in Arcata, California (USA)",,United States,101605,167 cm / 53 kg,American Academy Figure Skating Club,,,,,,
2002 Winter Olympics; 2006 Winter Olympics,Female,Kristin•Fraser,Kristin•Fraser,"29 February 1980 in Palo Alto, California (USA)",,Azerbaijan,101615,168 cm / 52 kg,"CSKA Bakı, Bakı (AZE)",,,Kristin Freyzer,,,
2002 Winter Olympics,Female,Beata•Handra,Beata•Handra,"3 January 1977 in San Francisco, California (USA)",,United States,101627,160 cm / 52 kg,"Santa Rosa FSC, Santa Rosa (USA)",,,,,,
2002 Winter Olympics,Female,"Cynthia Susan ""Cindy""•Ninos",Cindy•Ninos,"27 March 1972 in San Francisco, California (USA)",,Greece,101694,,,,,Συνθια Νινου,,,
2002 Winter Olympics; 2006 Winter Olympics,Female,"Alexandra Pauline ""Sasha""•Cohen",Sasha•Cohen,"26 October 1984 in Westwood, California (USA)",,United States,101843,157 cm / 43 kg,"Orange County FSC, Laguna Hills (USA)",,,,,,
2002 Winter Olympics,Male,Yorgo•Alexandrou,Yorgo•Alexandrou,"20 June 1972 in San José, California (USA)",,Armenia,101962,190 cm / 110 kg,Armenian Youth Federation,,,,,Ալէքսանդրու•Ջորջոս,
2002 Winter Olympics; 2006 Winter Olympics,Female,Lyndsay•Wall,Lyndsay•Wall,"12 May 1985 in Visalia, California (USA)",,United States,102177,173 cm / 65 kg,"Minnesota Golden Gophers, Saint Paul (USA)",,,,,,
2006 Winter Olympics; 2010 Winter Olympics,Male,Bryce•Davison,Bryce•Davison,"29 January 1986 in Walnut Creek, California (USA)",,Canada,109750,183 cm / 77 kg,"Hamilton Skating Club, Hamilton (CAN)",,,,,,
2006 Winter Olympics,Male,"Andrew Joseph ""Andy""•Finch",Andy•Finch,"20 March 1981 in Fresno, California (USA)",,United States,109858,170 cm / 75 kg,,,,,,,
2006 Winter Olympics; 2010 Winter Olympics; 2014 Winter Olympics; 2018 Winter Olympics; 2022 Winter Olympics,Male,Shaun Roger•White,Shaun•White,"3 September 1986 in San Diego, California (USA)",,United States,109860,175 cm / 70 kg,,The Flying Tomato,,,,,
2006 Winter Olympics,Female,Maria Cruz•Garcia,Maria•Garcia,"20 September 1985 in Los Angeles, California (USA)",,United States,109939,154 cm / 62 kg,Ice Club DeMorra of the Southern California Speed Skating Association,,,,,,
2006 Winter Olympics,Female,Sarah•Konrad,Sarah•Konrad,"26 August 1967 in Los Angeles, California (USA)",,United States,110019,160 cm / 61 kg,"Dartmouth Big Green, Hanover (USA)",,,,,,
2006 Winter Olympics,Male,Trifun•Živanović,Trifun•Živanović,"17 April 1975 in Santa Monica, California (USA)",,Serbia and Montenegro,110133,173 cm / 63 kg,Ice Integra,,,,Serbia,Трифун•Живановић,
2006 Winter Olympics,Female,Nikola•Holmes,Nikola•Holmes,"18 February 1981 in Bellflower, California (USA)",,Germany,110213,178 cm / 69 kg,"OSC Berlin, Berlin (GER)",,,,,,
2006 Winter Olympics,Female,Chanda Leigh•Gunn,Chanda•Gunn,"27 January 1980 in Huntington Beach, California (USA)",,United States,110241,170 cm / 63 kg,"Northeastern Huskies, Boston (USA)",,,,,,
2006 Winter Olympics,Male,Travis Antone•Cabral,Travis•Cabral,"23 September 1983 in South Lake Tahoe, California (USA)",,United States,110333,175 cm / 82 kg,,,,,,,
2006 Winter Olympics; 2010 Winter Olympics; 2014 Winter Olympics,Female,Stacey Janelle•Cook,Stacey•Cook,"3 July 1984 in Truckee, California (USA)",,United States,110350,163 cm / 73 kg,"Mammoth Mountain Ski Club, Mammoth Lakes (USA) / Nevada Wolf Pack, Reno (USA)",,,,,,
2006 Winter Olympics,Female,Valerie S.•Fleming,Valerie•Fleming,"18 December 1976 in San Francisco, California (USA)",,United States,110780,173 cm / 77 kg,"UC Santa Barbara Gauchos, Santa Barbara (USA)",,,,,,
2010 Winter Olympics,Female,Ani-Matilda•Serebrakyan,Ani-Matilda•Serebrakyan,"7 February 1989 in Los Angeles, California (USA)",,Armenia,118323,163 cm / 68 kg,"San Francisco Dons, San Francisco (USA)",,,Ani Matilda Serebrakian,,Անի-Մաթիլդա•Սերեբրակիան,
2010 Winter Olympics; 2014 Winter Olympics; 2018 Winter Olympics; 2022 Winter Olympics; 2026 Winter Olympics,Female,Elana Alessandra•Meyers Taylor,Elana•Meyers Taylor,"10 October 1984 in Oceanside, California (USA)",,United States,118644,170 cm / 79-82 kg,"George Washington Colonials, Washington (USA)",E Money,,,,,
2010 Winter Olympics,Female,Emily Dianne•Azevedo,Emily•Azevedo,"28 April 1983 in Chico, California (USA)",,United States,118646,172 cm / 80 kg,UC-Davis,,,,,,
2010 Winter Olympics,Female,Cynthia Jennifer•Denzler,Cynthia•Denzler,"12 May 1983 in Santa Ana, California (USA)",,Colombia,118683,161 cm / 52 kg,,Cici,,,,,
2010 Winter Olympics; 2014 Winter Olympics; 2018 Winter Olympics,Male,Nick•Cunningham,Nick•Cunningham,"8 May 1985 in Los Gatos, California (USA)",,United States,118694,180 cm / 95 kg,New York Army National Guard (USA),The Hamster,,,,,
2010 Winter Olympics; 2018 Winter Olympics,Female,Mirai Aileen•Nagasu,Mirai•Nagasu,"16 April 1993 in Montebello, California (USA)",,United States,119106,162 cm / 50 kg,"Pasadena FSC, United States / HS",,,,,,
2010 Winter Olympics,Female,Rachael Elizabeth•Flatt,Rachael•Flatt,"21 July 1992 in Corona Del Mar, California (USA)",,United States,119117,157 cm / 50 kg,"Broadmoor Skating Club, Inc., Colorado Springs, CO, United States",,,,,,
2010 Winter Olympics; 2014 Winter Olympics,Male,Richard Brooks•Orpik,Brooks•Orpik,"26 September 1980 in San Francisco, California (USA)",,United States,119174,188 cm / 99 kg,"Pittsburgh Penguins, Pittsburgh (USA)",,,,,,
2010 Winter Olympics; 2014 Winter Olympics; 2018 Winter Olympics; 2022 Winter Olympics; 2026 Winter Olympics,Female,Hilary Atwood•Knight,Hilary•Knight,"12 July 1989 in Palo Alto, California (USA)",,United States,119215,180 cm / 79 kg,"Wisconsin Badgers, Madison (USA) / Boston Blades, Boston (USA) / Boston Pride, Boston (USA) / Montréal Canadiennes, Montréal (CAN) / PWHPA Minnesota, (USA)",Knighter,,,,,
2010 Winter Olympics; 2014 Winter Olympics,Male,"Gregory ""Greg""•Bretz",Greg•Bretz,"19 December 1990 in Anaheim, California (USA)",,United States,119574,188 cm / 88 kg,"Mammoth Mountain Ski Club, Mammoth Lakes, CA, United States",,,,,,
2010 Winter Olympics; 2014 Winter Olympics; 2018 Winter Olympics,Male,"Mitchell Ryan ""Mitch""•Whitmore",Mitch•Whitmore,"18 December 1989 in Santa Ana, California (USA)",,United States,119702,175 cm / 76 kg,"UW-Milwaukee Panthers, Milwaukee (USA) / Northbrook Speedskating Club, Northbrook (USA)",,,,,,
2010 Winter Olympics; 2014 Winter Olympics; 2018 Winter Olympics,Male,"John Robert ""J. R.""•Celski",J. R.•Celski,"17 July 1990 in Monterey, California (USA)",,United States,119765,173 cm / 63 kg,"Ice Club DeMorra, Lakewood (USA)",,,,,,
2014 Winter Olympics,Male,Arman•Serebrakyan,Arman•Serebrakyan,"9 April 1987 in Vallejo, California (USA)",,Armenia,127275,176 cm / 76 kg,,,,,,Արման•Սերեբրակիան,
2014 Winter Olympics; 2018 Winter Olympics,Male,Kent Ray•Callister,Kent•Callister,"9 November 1995 in San Diego, California (USA)",,Australia,127315,175 cm / 72 kg,"Mt Bachelor Snowboard Team, (USA) / Mammoth Mountain Snowboard Team, Mammoth Lakes (USA)",,,,,,
2014 Winter Olympics; 2018 Winter Olympics; 2022 Winter Olympics,Male,Seamus•O'Connor,Seamus•O'Connor,"4 October 1997 in San Diego, California (USA)",,Ireland,127902,180 cm / 75 kg,,,,,,,
2014 Winter Olympics; 2018 Winter Olympics; 2022 Winter Olympics,Male,"Alexander ""Alex""•Fiva",Alex•Fiva,"29 January 1986 in Newport Beach, California (USA)",,Switzerland,128495,188 cm / 95 kg,SC Parpan (SUI),,,,,,
2014 Winter Olympics,Female,Siobhan•Heekin-Canedy,Siobhan•Heekin-Canedy,"31 July 1991 in Los Angeles, California (USA)",,Ukraine,128655,168 cm / 51 kg,,,,Шиван Хеккен-Кенеді,,,
2014 Winter Olympics; 2022 Winter Olympics,Male,Travis Scott•Ganong,Travis•Ganong,"14 July 1988 in Truckee, California (USA)",,United States,128672,180 cm / 88 kg,,,,,,,
2014 Winter Olympics; 2018 Winter Olympics,Male,"Timothy Matthew ""Tim""•Jitloff",Tim•Jitloff,"11 January 1985 in San José, California (USA)",,United States,128674,180 cm / 91 kg,Park City Ski Team (USA),,,,,,
2014 Winter Olympics,Male,Cory James•Butner,Cory•Butner,"27 March 1981 in Riverside, California (USA)",,United States,128684,188 cm / 102 kg,,,,,,,
2014 Winter Olympics; 2018 Winter Olympics,Female,"Maddison Michelle ""Maddie""•Bowman",Maddie•Bowman,"10 January 1994 in South Lake Tahoe, California (USA)",,United States,128697,155 cm / 63 kg,Westminster College (USA) / Sierra-at-Tahoe Education Foundation (USA),,,,,,
2014 Winter Olympics; 2018 Winter Olympics; 2022 Winter Olympics,Female,Brita Jean•Sigourney,Brita•Sigourney,"17 January 1990 in Monterey, California (USA)",,United States,128704,168 cm / 56 kg,,,,,,,
2014 Winter Olympics,Male,John•Teller,John•Teller,"9 March 1983 in Bishop, California (USA)",,United States,128713,188 cm / 98 kg,,,,,,,
2014 Winter Olympics; 2018 Winter Olympics; 2022 Winter Olympics; 2026 Winter Olympics,Female,Madison La'akea Te-Lan Hall•Chock,Madison•Chock,"2 July 1992 in Redondo Beach, California (USA)",,United States,128718,157 cm / 49 kg,Washtenaw Community College,,,,,,
2014 Winter Olympics,Female,Polina•Edmunds,Polina•Edmunds,"18 May 1998 in Santa Clara, California (USA)",,United States,128719,165 cm / 43 kg,Archbishop Mitty High School,,,,,,
2014 Winter Olympics; 2022 Winter Olympics,Male,Jason Lawrence•Brown,Jason•Brown,"15 December 1994 in Los Angeles, California (USA)",,United States,128725,170 cm / 61 kg,University of Colorado - Colorado Springs,,,,,,
2014 Winter Olympics,Female,Kate Elizabeth•Hansen,Kate•Hansen,"9 June 1992 in Burbank, California (USA)",,United States,128751,170 cm / 59 kg,Brigham Young University,,,,,,
2014 Winter Olympics; 2018 Winter Olympics; 2022 Winter Olympics,Female,Jamie Louise•Anderson,Jamie•Anderson,"13 September 1990 in South Lake Tahoe, California (USA)",,United States,128763,160 cm / 54 kg,,,,,,,
2014 Winter Olympics,Male,Trevor Daniel•Jacob,Trevor•Jacob,"6 August 1993 in West Hills, California (USA)",,United States,128774,180 cm / 88 kg,,,,,,,
2014 Winter Olympics,Male,Justin•Reiter,Justin•Reiter,"2 February 1981 in Truckee, California (USA)",,United States,128776,180 cm / 75 kg,,,,,,,
2018 Winter Olympics,Male,Russell•Kennedy,Russell•Kennedy,"7 October 1991 in Truckee, California (USA)",,Canada,136836,196 cm / 78 kg,Canmore Nordic Ski Club,,,,,,
2018 Winter Olympics,Male,Brandon Scott•Kozun,Brandon•Kozun,"8 March 1990 in Los Angeles, California (USA)",,Canada,136881,176 cm / 77 kg,"Lokomotiv Yaroslavl, Yaroslavl (RUS)",,,,,,
2018 Winter Olympics,Female,Annika•Taylor,Annika•Taylor,"4 June 1993 in Truckee, California (USA)",,Great Britain,137211,169 cm / 61 kg,"Lillehammer Skiklub, Lillehammer (NOR) / Team Coop Talent, Lillehammer (NOR)",,,,,,
2018 Winter Olympics,Female,"Elizabeth Marian ""Liz""•Swaney",Liz•Swaney,"30 July 1984 in Berkeley, California (USA)",,Hungary,137346,165 cm / 56 kg,Fullsport SE (HUN) / Park City Ski & Snowboard Team (USA),,,,,,
2018 Winter Olympics,Female,Min•Yu-Ra,Min•Yu-Ra,"15 August 1995 in Torrance, California (USA)",,Republic of Korea,137566,163 cm,"Skating Club of New York, New York (USA)",,,,,민•유라,Oriental
2018 Winter Olympics,Male,"Robert ""Robby""•Franco",Robby•Franco,"23 August 1993 in San José, California (USA)",,Mexico,137679,182 cm / 80 kg,,,,,,,
2018 Winter Olympics,Male,Rakai•Tait,Rakai•Tait,"11 December 1998 in Santa Cruz, California (USA)",,New Zealand,137774,173 cm / 70 kg,Ski and Snowboard Club Vail (USA),,,,,,
2018 Winter Olympics; 2022 Winter Olympics; 2026 Winter Olympics,Male,Bryce Taylor•Bennett,Bryce•Bennett,"14 July 1992 in Truckee, California (USA)",,United States,138248,201 cm / 100 kg,Westminster College / Squaw Valley Ski Team,,,,,,
2018 Winter Olympics,Male,Mark•Engel,Mark•Engel,"1 October 1991 in Folsom, California (USA)",,United States,138252,175 cm / 79 kg,Unversity of Utah / Sugar Bowl Academy,,,,,,
2018 Winter Olympics,Female,Lauren Akila•Gibbs,Lauren•Gibbs,"2 March 1984 in Los Angeles, California (USA)",,United States,138258,178 cm / 77 kg,Pepperdine University,,,,,,
2018 Winter Olympics; 2022 Winter Olympics,Male,"Arthur ""Carlo""•Valdes",Carlo•Valdes,"11 February 1990 in Newport Beach, California (USA)",,United States,138264,188 cm / 104 kg,"University of California, Los Angeles",Crazy Carl,,,,,
2018 Winter Olympics; 2022 Winter Olympics,Female,Karen•Chen,Karen•Chen,"16 August 1999 in Fremont, California (USA)",,United States,138301,152 cm / 48 kg,"Peninsula SC, San José (USA)",,,,,,
2018 Winter Olympics; 2022 Winter Olympics,Male,Vincent•Zhou,Vincent•Zhou,"25 October 2000 in San José, California (USA)",,United States,138309,170 cm / 58 kg,"SC of San Francisco, San Francisco (USA)",,,,,,
2018 Winter Olympics; 2022 Winter Olympics; 2026 Winter Olympics,Female,Cayla Marie•Barnes,Cayla•Barnes,"7 January 1999 in Eastvale, California (USA)",,United States,138310,155 cm / 66 kg,"Boston College Eagles, Chestnut Hill (USA)",Barnsie,,,,,
2018 Winter Olympics,Male,Jonathon Gregory•Blum,Jonathon•Blum,"30 January 1989 in Long Beach, California (USA)",,United States,138325,185 cm / 88 kg,"Admiral, Vladivostok (RUS)",,,,,,
2018 Winter Olympics,Female,Kendall Lorraine•Wesenberg,Kendall•Wesenberg,"23 August 1990 in Castro Valley, California (USA)",,United States,138354,173 cm / 69 kg,University of Colorado Boulder,,,,,,
2018 Winter Olympics; 2022 Winter Olympics; 2026 Winter Olympics,Female,Chloe•Kim,Chloe•Kim,"23 April 2000 in Long Beach, California (USA)",,United States,138361,160 cm / 52 kg,,,,,,,
2018 Winter Olympics; 2022 Winter Olympics,Female,Hailey•Langland,Hailey•Langland,"2 August 2000 in Irving, California (USA)",,United States,138362,157 cm / 50 kg,,,,,,,
2018 Winter Olympics; 2022 Winter Olympics; 2026 Winter Olympics,Female,"Madeline S. ""Maddie""•Mastro",Maddie•Mastro,"22 February 2000 in Wrightwood, California (USA)",,United States,138365,163 cm / 50 kg,,,,,,,
2018 Winter Olympics,Male,Aaron•Tran,Aaron•Tran,"24 July 1996 in San Francisco, California (USA)",,United States,138387,170 cm / 73 kg,Highline Community College,,,,,,
2022 Winter Olympics,Female,"Ailing ""Eileen Feng""•Gu",Eileen•Gu,"3 September 2003 in San Francisco, California (USA)",,People's Republic of China,139214,,,,,,,爱凌•谷,
2022 Winter Olympics,Male,"Dustin ""Dusty""•Henricksen",Dusty•Henricksen,"2 February 2003 in Redlands, California (USA)",,United States,139946,,,,,,,,
2022 Winter Olympics,Female,Tessa•Maud,Tessa•Maud,"10 October 2003 in Encinitas, California (USA)",,United States,139954,,,,,,,,
2022 Winter Olympics,Female,Zhu•Yi,Zhu•Yi,"19 September 2002 in Westwood, California (USA)",,People's Republic of China,148061,,,,,Beverly Zhu,,朱•易,Oriental
2022 Winter Olympics,Female,Lin•Ni,Lin•Ni,"29 April 1991 in San José, California (USA)",,People's Republic of China,148073,160 cm / 58 kg,"KRS Vanke Rays, Mytishchi (RUS)",,,Rachel Nicole Llanes,,林•尼,Oriental
2022 Winter Olympics,Male,Jian•An,Jian•An,"15 September 1990 in Irvine, California (USA)",,People's Republic of China,148088,187 cm / 86 kg,"HC Kunlun Red Star, Beijing (CHN)",,,Cory Joseph Kane,,建•安,Oriental
2022 Winter Olympics,Female,"Kathryn Elizabeth ""Katie""•Tannenbaum",Katie•Tannenbaum,"13 May 1985 in Fresno, California (USA)",,United States Virgin Islands,148464,,,,,,,,
2022 Winter Olympics,Male,Fayik•Abdi,Fayik•Abdi,"7 October 1997 in San Diego, California (USA)",,Kingdom of Saudi Arabia,148605,,,,,,,فايق•عابدي,
2022 Winter Olympics,Male,Jonathan•Soto Moreno,Jonathan•Soto,"1 May 1993 in El Dorado, California (USA)",,Mexico,148655,,,,,,,,
2022 Winter Olympics,Female,Jenise Lynae•Spiteri,Jenise•Spiteri,"20 September 1992 in Redwood City, California (USA)",,Malta,148660,,,,,,,,
2022 Winter Olympics,Female,Keely•Moy,Keely•Moy,"23 April 1998 in San Diego, California (USA)",,Switzerland,148938,,"Harvard Crimson, Cambridge (USA)",,,,,,
2026 Winter Olympics,Female,"Amelia Josephine ""A. J.""•Hurt",A. J.•Hurt,"5 December 2000 in Truckee, California (USA)",,United States,149062,,,,,,,,
2026 Winter Olympics,Female,Nina•O'Brien,Nina•O'Brien,"29 November 1997 in San Francisco, California (USA)",,United States,149065,,,,,,,,
2026 Winter Olympics,Female,Julia•Kern,Julia•Kern,"12 September 1997 in Berkeley, California (USA)",,United States,149079,,Stratton Mountain School Elite Team,,,,,,
2022 Winter Olympics,Male,Luke•Jager,Luke•Jager,"17 January 2000 in Redding, California (USA)",,United States,149084,,University of Utah / Alaska Pacific University,,,,,,
2026 Winter Olympics,Male,"James Clinton ""J. C.""•Schoonmaker",J. C.•Schoonmaker,"12 August 2000 in Truckee, California (USA)",,United States,149086,,"University of Alaska, Anchorage",,,,,,
2022 Winter Olympics,Male,Tyler•Wallasch,Tyler•Wallasch,"8 June 1994 in Los Angeles, California (USA)",,United States,149106,,,,,,,,
2026 Winter Olympics,Female,Alysa•Liu,Alysa•Liu,"8 August 2005 in Clovis, California (USA)",,United States,149110,,,,,,,,
2022 Winter Olympics,Male,Brendan•Brisson,Brendan•Brisson,"22 October 2001 in Manhattan Beach, California (USA)",,United States,149125,,"Michigan Wolverines, Ann Arbor (USA)",,,,,,
2022 Winter Olympics,Male,Robert•Burns,Robert•Burns,"11 November 1990 in Mount Shasta, California (USA)",,United States,149153,,,,,,,,
2022 Winter Olympics,Female,Alix•Wilkinson,Alix•Wilkinson,"2 August 2000 in Mammoth Lakes, California (USA)",,United States,149183,,,,,,,,
2026 Winter Olympics,Female,Keely•Cashman,Keely•Cashman,"4 April 1999 in Sonora, California (USA)",,United States,2302012,,,,,,,,
2026 Winter Olympics,Male,John Steel•Hagenbuch,John Steel•Hagenbuch,"1 October 2001 in San Francisco, California (USA)",,United States,157260,,Dartmouth College,,,,,,
2026 Winter Olympics,Male,Spencer•Akira Howe,Spencer•Howe,"11 September 1996 in Burbank, California (USA)",,United States,157275,,,,,,,,
2026 Winter Olympics,Male,Anthony•Ponomarenko,Anthony•Ponomarenko,"5 January 2001 in San José, California (USA)",,United States,157280,,,,,,,,
2026 Winter Olympics,Female,"Kathryn ""Kate""•Gray",Kate•Gray,"29 June 2006 in Mammoth Lakes, California (USA)",,United States,1805937,,,,,,,,
2026 Winter Olympics,Female,Ashley•Farquharson,Ashley•Farquharson,"16 March 1999 in Sacramento, California (USA)",,United States,2302054,,,,,,,,
2026 Winter Olympics,Female,Mystique•Ro,Mystique•Ro,"18 July 1994 in Oceanside, California (USA)",,United States,157247,,,,,,,,
