Games,Sex,Full name,Used name,Born,Died,NOC,athlete_id,Measurements,Affiliations,Nick/petnames,Title(s),Other names,Nationality,Original name,Name order
1952 Winter Olympics; 1956 Winter Olympics,Female,"Tenley Emma•Albright (-Gardiner, -Blakely)",Tenley•Albright,"18 July 1935 in Newton Center, Massachusetts (USA)",,United States,80519,,"Skating Club of Boston, Boston (USA)",,,,,,
1924 Winter Olympics; 1928 Winter Olympics,Female,Theresa•Weld-Blanchard (-Barnes),Theresa•Weld-Blanchard,"21 August 1893 in Brookline, Massachusetts (USA)","12 March 1978 in Boston, Massachusetts (USA)",United States,80676,,"Skating Club of Boston, Boston (USA)",,,,,,
1980 Winter Olympics; 1984 Winter Olympics,Female,"Caitlin A. ""Kitty""•Carruthers (-Conrad)",Kitty•Carruthers,"30 May 1961 in Boston, Massachusetts (USA)",,United States,80800,152 cm / 44 kg,"Skating Club of Wilmington, Wilmington (USA)",,,,,,
1994 Winter Olympics,Female,Karen•Cashman (-Lehmann),Karen•Cashman,"15 December 1971 in Plymouth, Massachusetts (USA)",,United States,80803,165 cm / 61 kg,,,,,,,
1980 Winter Olympics,Female,Susan Hall•Charlesworth,Susan•Charlesworth,"12 January 1954 in Weston, Massachusetts (USA)",,United States,80812,162 cm / 53 kg,,,,,,,
1992 Winter Olympics,Female,"Margareth M. ""Maggie""•Connor",Maggie•Connor,"1 September 1963 in Salem, Massachusetts (USA)",,United States,80872,175 cm / 66 kg,,,,,,,
1984 Winter Olympics,Female,"Antoinette Helen ""Toni""•Damigella",Toni•Damigella,"19 July 1966 in Quincy, Massachusetts (USA)",,United States,80912,176 cm / 69 kg,U.S. Luge Association,,,,,,
1932 Winter Olympics,Female,Suzanne•Davis (-King),Suzanne•Davis,"7 February 1912 in Waban, Massachusetts (USA)","28 July 1991 in Richmond, Virginia (USA)",United States,80919,,"Skating Club of Boston, Boston (USA)",,,,,,
1980 Winter Olympics; 1984 Winter Olympics,Female,Holly Beth•Flanders (-Schlopy),Holly•Flanders,"26 December 1957 in Arlington, Massachusetts (USA)",,United States,81070,167 cm / 65 kg,,,,,,,
1960 Winter Olympics; 1964 Winter Olympics,Female,Joan Lee•Hannah (-Robinson),Joan•Hannah,"27 April 1939 in Boston, Massachusetts (USA)",,United States,81247,162 cm / 57 kg,"Mammoth Mountain Ski Club, Mammoth Lakes (USA)",,,,,,
1976 Winter Olympics,Female,"Susan Marie ""Susie""•Kelley",Susie•Kelley,"1 November 1954 in Needham, Massachusetts (USA)",,United States,81464,158 cm / 45 kg,"Skating Club of Boston, Boston (USA)",,,,,,
1992 Winter Olympics; 1994 Winter Olympics,Female,Nancy Ann•Kerrigan (-Solomon),Nancy•Kerrigan,"13 October 1969 in Woburn, Massachusetts (USA)",,United States,81471,162 cm / 52 kg,"Colonial Figure Skating Club, Boxborough, Massachusetts (USA)",,,,,,
1960 Winter Olympics,Female,Nancy Irene Rouillard•Ludington,Nancy•Ludington,"25 July 1939 in Stoneham, Massachusetts (USA)",,United States,81712,,Commonwealth Figure Skating Club,,,,,,
1936 Winter Olympics,Female,Grace E.•Madden (-Ward),Grace•Madden,"30 July 1911 in Marblehead, Massachusetts (USA)","14 June 1987 in Darien, Connecticut (USA)",United States,81736,,"Skating Club of Boston, Boston (USA)",,,,,,
1948 Winter Olympics,Female,Gretchen Van Zandt•Merrill (-Gay),Gretchen•Merrill,"2 November 1925 in Boston, Massachusetts (USA)","22 April 1965 in Windsor, Connecticut (USA)",United States,81816,,"Skating Club of Boston, Boston (USA)",Queenie,,,,,
1988 Winter Olympics; 1992 Winter Olympics,Female,"Leslie Kay ""LeeLee""•Morrison-Henry",LeeLee•Morrison-Henry,"2 October 1960 in Norwood, Massachusetts (USA)",,Canada,81874,172 cm / 59 kg,National Team,,,,,,
1964 Winter Olympics; 1968 Winter Olympics,Female,"Albertina Natalie ""Tina""•Noyes",Tina•Noyes,"7 January 1949 in Cambridge, Massachusetts (USA)",,United States,81958,160 cm / 52 kg,"Skating Club of Boston, Boston (USA)",,,,,,
1960 Winter Olympics,Female,Maribel Yerxa•Owen,Maribel•Owen,"25 April 1940 in Boston, Massachusetts (USA)","15 February 1961 in Berg-Kampenhout, Vlaams Brabant (BEL)",United States,82007,,"Skating Club of Boston, Boston (USA)",,,,,,
1976 Winter Olympics,Female,Terry Blackall•Porter,Terry•Porter,"12 September 1953 in Cambridge, Massachusetts (USA)",,United States,82111,,,,,,,,
1992 Winter Olympics; 1994 Winter Olympics,Female,Krista Maria•Schmidinger,Krista•Schmidinger,"18 May 1970 in Pittsfield, Massachusetts (USA)",,United States,82297,162 cm / 59 kg,,,,,,,
1928 Winter Olympics; 1932 Winter Olympics; 1936 Winter Olympics,Female,Maribel Yerxa•Vinson (-Owen),Maribel•Vinson,"12 October 1911 in Winchester, Massachusetts (USA)","15 February 1961 in Berg-Kampenhout, Vlaams Brabant (BEL)",United States,82943,,"Skating Club of Boston, Boston (USA)",,,,,,
1988 Winter Olympics; 1992 Winter Olympics; 1994 Winter Olympics,Female,Heidi•Voelker,Heidi•Voelker,"29 October 1969 in Pittsfield, Massachusetts (USA)",,United States,82950,162 cm / 57 kg,,,,,,,
1994 Winter Olympics; 1998 Winter Olympics,Female,Erin A.•Warren,Erin•Warren,"31 December 1971 in Winchester, Massachusetts (USA)",,United States,83007,170 cm / 65 kg,,,,,,,
1972 Winter Olympics,Male,Kevin Joseph•Ahearn,Kevin•Ahearn,"20 June 1948 in Milton, Massachusetts (USA)",,United States,83496,175 cm / 73 kg,"Boston College Eagles, Chestnut Hill (USA)",,,,,,
1994 Winter Olympics,Male,"Joseph Michael ""Joe""•Almasian",Joe•Almasian,"8 March 1967 in Framingham, Massachusetts (USA)",,Armenia,83552,183 cm / 85 kg,"Armenian Youth Federation, (USA)",,,,,Ժոզէֆ•Ալմասյան,
1928 Winter Olympics; 1932 Winter Olympics,Male,Sherwin Campbell•Badger,Sherwin•Badger,"29 August 1901 in Boston, Massachusetts (USA)","8 April 1972 in Sherborn, Massachusetts (USA)",United States,83791,,"Skating Club of Boston, Boston (USA)",,,,,,
1952 Winter Olympics; 1956 Winter Olympics,Male,"William LeBaron ""Bill""•Beck",Bill•Beck,"1 September 1929 in Melrose, Massachusetts (USA)","16 February 2017 in Middlebury, Vermont (USA)",United States,83945,,,,,,,,
1924 Winter Olympics; 1928 Winter Olympics; 1932 Winter Olympics,Male,Valentine•Bialas,Valentine•Bialas,"10 January 1903 in Boston, Massachusetts (USA)","9 March 1965 in Utica, New York (USA)",United States,84104,,"Lake Placid Speed Skating Club, Lake Placid (USA)",,,,,,
1956 Winter Olympics,Male,"Patrick Walter ""Piet""•Biesiadecki",Piet•Biesiadecki,"20 March 1920 in Ware, Massachusetts (USA)","26 November 2000 in Charlestown, Massachusetts (USA)",United States,84117,,"US Army, (USA)",,,,,,
1980 Winter Olympics,Male,Michael C.•Botticelli,Michael•Botticelli,"10 July 1959 in Boston, Massachusetts (USA)",28 February 2023,United States,84278,,"Skating Club of Boston, Boston (USA)",,,,,,
1988 Winter Olympics,Male,Allen Harold•Bourbeau,Allen•Bourbeau,"17 May 1965 in Worcester, Massachusetts (USA)",,United States,84290,175 cm / 79 kg,"Harvard Crimson, Cambridge (USA)",,,,,,
1992 Winter Olympics,Male,Peter•Breen,Peter•Breen,"29 October 1969 in Brockton, Massachusetts (USA)",,United States,84347,,,,,,,,
1952 Winter Olympics,Male,"Alfred George ""Al""•Broadhurst",Al•Broadhurst,"11 July 1927 in Boston, Massachusetts (USA)",11 July 2014,United States,84372,,"BSSC, (USA)",,,,,,
1984 Winter Olympics,Male,"Robert Wesley ""Bob""•Brooke",Bob•Brooke,"18 December 1960 in Melrose, Massachusetts (USA)",,United States,84388,188 cm / 94 kg,"Yale Bulldogs, New Haven (USA)",,,,,,
1956 Winter Olympics,Male,"Wellington Parker•Burtnett, Jr.","Wellington•Burtnett, Jr.","26 August 1930 in Somerville, Massachusetts (USA)","21 August 2013 in Wilmington, Massachusetts (USA)",United States,84499,182 cm / 84 kg,"Boston College Eagles, Chestnut Hill (USA)",Wimpy,,,,,
1994 Winter Olympics,Male,"James Tower ""Jim""•Campbell",Jim•Campbell,"3 April 1973 in Worcester, Massachusetts (USA)",,United States,84573,190 cm / 93 kg,"Gatineau Olympiques, Gatineau (CAN)",,,,,,
1980 Winter Olympics; 1984 Winter Olympics,Male,Peter W.•Carruthers,Peter•Carruthers,"22 July 1959 in Boston, Massachusetts (USA)",,United States,84637,180 cm / 70 kg,"Skating Club of Wilmington, Wilmington (USA)",,,,,,
1952 Winter Olympics,Male,"Leonard Stanley ""Lenny""•Ceglarski",Lenny•Ceglarski,"27 June 1926 in East Walpole, Massachusetts (USA)","16 December 2017 in Plymouth, Massachusetts (USA)",United States,84666,,"Boston College Eagles, Chestnut Hill (USA)",,,,,,
1932 Winter Olympics,Male,John Pierce•Chase,John•Chase,"12 June 1906 in Milton, Massachusetts (USA)","1 April 1994 in Salem, Massachusetts (USA)",United States,84707,,"Harvard Crimson, Cambridge (USA)",,,,,,
1984 Winter Olympics,Male,"Gerard Francis ""Gerry""•Ciarcia",Gerry•Ciarcia,"23 October 1956 in Boston, Massachusetts (USA)",,Italy,84774,182 cm / 87 kg,"HC Varese, Varese (ITA)",,,,,,
1960 Winter Olympics,Male,"Robert Barry ""Bobby""•Cleary, Sr.",Bobby•Cleary,"21 April 1936 in Cambridge, Massachusetts (USA)","16 September 2015 in Hyannis, Massachusetts (USA)",United States,84800,178 cm / 76 kg,"Harvard Crimson, Cambridge (USA)",,,,,,
1956 Winter Olympics; 1960 Winter Olympics,Male,"William John ""Bill""•Cleary, Jr.","Bill•Cleary, Jr.","19 August 1934 in Cambridge, Massachusetts (USA)",,United States,84801,178 cm / 79 kg,"Harvard Crimson, Cambridge (USA)",,,,,,
1980 Winter Olympics,Male,"James Downey ""Jim""•Craig",Jim•Craig,"31 May 1957 in North Easton, Massachusetts (USA)",,United States,84891,185 cm / 86 kg,"Boston University Terriers, Boston (USA)",,,,,,
1994 Winter Olympics,Male,"Edward J. ""Ted""•Crowley",Ted•Crowley,"3 May 1970 in Concord, Massachusetts (USA)",,United States,84920,188 cm / 85 kg,"St. John's Maple Leafs, St. John's (CAN)",,,,,,
1968 Winter Olympics,Male,John Paul•Cunniff,John•Cunniff,"9 July 1944 in Boston, Massachusetts (USA)","9 May 2002 in Albany, New York (USA)",United States,84937,186 cm / 89 kg,"Boston College Eagles, Chestnut Hill (USA)",,,,,,
1952 Winter Olympics,Male,"Joseph John ""Joe""•Czarnota",Joe•Czarnota,"25 March 1925 in Wakefield, Massachusetts (USA)","7 October 1968 in Melrose, Massachusetts (USA)",United States,84957,,"Boston University Terriers, Boston (USA)",Red,,,,,
1992 Winter Olympics; 1994 Winter Olympics; 1998 Winter Olympics,Male,David Albert•Delfino,David•Delfino,"29 December 1965 in Somerville, Massachusetts (USA)",,Italy,85135,172 cm / 79 kg,"SHC Fassa, Canazei (ITA) / HC Alleghe, Alleghe (ITA)",,,,,,
1952 Winter Olympics,Male,"Richard Joseph ""Dick""•Desmond",Dick•Desmond,"2 March 1927 in Medford, Massachusetts (USA)","1 November 1990 in Los Angeles, California (USA)",United States,85176,,"Dartmouth Big Green, Hanover (USA)",,,,,,
1992 Winter Olympics,Male,"Edward Paul ""Ted""•Donato",Ted•Donato,"28 April 1969 in Boston, Massachusetts (USA)",,United States,85259,178 cm / 82 kg,"Harvard Crimson, Cambridge (USA)",,,,,,
1992 Winter Olympics; 1994 Winter Olympics,Male,"Theodore Evans ""Ted""•Drury",Ted•Drury,"13 September 1971 in Boston, Massachusetts (USA)",,United States,85305,183 cm / 86 kg,"Harvard Crimson, Cambridge (USA)",,,,,,
1994 Winter Olympics,Male,Jonathan•Edwards,Jonathan•Edwards,"28 March 1972 in Boston, Massachusetts (USA)",,United States,85412,167 cm / 75 kg,,,,,,,
1992 Winter Olympics; 1998 Winter Olympics; 2002 Winter Olympics,Male,Todd James•Eldredge,Todd•Eldredge,"28 August 1971 in Chatham, Massachusetts (USA)",,United States,85467,173 cm / 66 kg,"LAFSC, Los Angeles (USA)",,,,,,
1980 Winter Olympics,Male,"Michael Anthony ""Mike""•Eruzione",Mike•Eruzione,"25 October 1954 in Winthrop, Massachusetts (USA)",,United States,85565,178 cm / 84 kg,"Boston University Terriers, Boston (USA)",Rizzo,,,,,
1932 Winter Olympics,Male,"Douglas Newton ""Doug""•Everett",Doug•Everett,"3 April 1905 in Cambridge, Massachusetts (USA)","14 September 1996 in Concord, New Hampshire (USA)",United States,85584,70 kg,"Dartmouth Big Green, Hanover (USA)",,,,,,
1964 Winter Olympics,Male,"Raymond Lawrence ""Ray""•Fales",Ray•Fales,"4 February 1934 in Boston, Massachusetts (USA)",,United States,85605,177 cm / 77 kg,"Tufts Jumbos, Medford (USA)",,,,,,
1952 Winter Olympics; 1956 Winter Olympics; 1960 Winter Olympics,Male,"Theodore Austin ""Ted""•Farwell, Jr.","Ted•Farwell, Jr.","1 January 1931 in Greenfield, Massachusetts (USA)","25 January 2015 in Longmont, Colorado (USA)",United States,85631,,"US Air Force, (USA)",,,,,,
1932 Winter Olympics,Male,"Joseph Francis ""Joe""•Fitzgerald",Joe•Fitzgerald,"10 October 1904 in Brighton, Massachusetts (USA)","20 March 1987 in Needham, Massachusetts (USA)",United States,85738,81 kg,"Boston College Eagles, Chestnut Hill (USA)",,,,,,
1988 Winter Olympics; 1992 Winter Olympics; 1994 Winter Olympics; 1998 Winter Olympics,Male,Eric Joseph•Flaim,Eric•Flaim,"9 March 1967 in Pembroke, Massachusetts (USA)",,United States,85747,173 cm / 73 kg,"Skating Club of Boston, Boston (USA)",,,,,,
1932 Winter Olympics,Male,"Edwin Hartwell ""Ted""•Frazier",Ted•Frazier,"21 January 1907 in Stoneham, Massachusetts (USA)","2 November 1971 in Melrose, Massachusetts (USA)",United States,85829,,"Dartmouth Big Green, Hanover (USA)",The Cat,,,,,
1972 Winter Olympics,Male,"Robert Brian ""Robbie""•Ftorek",Robbie•Ftorek,"2 January 1952 in Needham, Massachusetts (USA)",,United States,85870,175 cm / 78 kg,"Detroit Red Wings, Detroit (USA)",,,,,,
1984 Winter Olympics,Male,Mark Edward•Fusco,Mark•Fusco,"12 March 1961 in Woburn, Massachusetts (USA)",,United States,85889,175 cm / 82 kg,"Harvard Crimson, Cambridge (USA)",,,,,,
1984 Winter Olympics; 1988 Winter Olympics,Male,Scott Michael•Fusco,Scott•Fusco,"21 January 1963 in Woburn, Massachusetts (USA)",,United States,85890,175 cm / 79 kg,"Harvard Crimson, Cambridge (USA)",,,,,,
1932 Winter Olympics; 1936 Winter Olympics,Male,"John Bright ""Jack""•Garrison",Jack•Garrison,"13 February 1909 in West Newton, Massachusetts (USA)","13 May 1988 in Cambridge, Massachusetts (USA)",United States,85949,185 cm / 74 kg,"Harvard Crimson, Cambridge (USA)",The Cat,,,,,
1948 Winter Olympics,Male,"John Paul ""Jack""•Garrity",Jack•Garrity,"1 April 1926 in Woburn, Massachusetts (USA)","31 August 2015 in Brookline, Massachusetts (USA)",United States,85950,183 cm / 77 kg,"Needham Rockets, Needham (USA)",,,,,,
1924 Winter Olympics,Male,"George Pierce ""Gerry""•Geran",Gerry•Geran,"3 August 1896 in Holyoke, Massachusetts (USA)","8 September 1981 in Brooklyn, New York, New York (USA)",United States,86012,175 cm / 82 kg,"Boston AA, Boston (USA)",Duke,,,,,
1992 Winter Olympics,Male,Scott M.•Gordon,Scott•Gordon,"6 February 1963 in Easton, Massachusetts (USA)",,United States,86144,178 cm / 79 kg,"Québec Nordiques, Québec City (CAN)",,,,,,
1960 Winter Olympics,Male,"Eugene ""Gene""•Grazia",Gene•Grazia,"29 July 1934 in West Springfield, Massachusetts (USA)","9 November 2014 in Pompano Beach, Florida (USA)",United States,86205,180 cm / 81 kg,"Michigan State Spartans, East Lansing (USA)",,,,,,
1948 Winter Olympics,Male,Goodwin Warner•Harding,Goodwin•Harding,"11 December 1920 in Brookline, Massachusetts (USA)","11 May 1951 in Dedham, Massachusetts (USA)",United States,86462,,"Harvard Crimson, Cambridge (USA)",,,,,,
1952 Winter Olympics,Male,"Clifford ""Cliff""•Harrison",Cliff•Harrison,"30 October 1927 in Walpole, Massachusetts (USA)","15 December 1988 in Albany, New York (USA)",United States,86475,,"Dartmouth Big Green, Hanover (USA)",,,,,,
1992 Winter Olympics,Male,"Stephen Herbert ""Steve""•Heinze",Steve•Heinze,"30 January 1970 in Lawrence, Massachusetts (USA)",,United States,86561,183 cm / 86 kg,"Boston College Eagles, Chestnut Hill (USA)",,,,,,
1988 Winter Olympics; 1994 Winter Olympics; 1998 Winter Olympics,Male,"James F. ""Jim""•Herberich",Jim•Herberich,"8 March 1963 in Winchester, Massachusetts (USA)",,United States,86594,190 cm / 93 kg,,,,,,,
1932 Winter Olympics; 1936 Winter Olympics,Male,George Edward Bellows•Hill,George•Hill,"24 April 1907 in Boston, Massachusetts (USA)","7 May 1992 in Greenbrae, California (USA)",United States,86642,,"Skating Club of Boston, Boston (USA)",,,,,,
1968 Winter Olympics,Male,Paul Michael•Hurley,Paul•Hurley,"12 July 1945 in Everett, Massachusetts (USA)",,United States,87248,183 cm / 86 kg,"Boston College Eagles, Chestnut Hill (USA)","Shooter, Paul the Shot",,,,,
1972 Winter Olympics,Male,"Keith Stuart ""Stu""•Irving",Stu•Irving,"2 February 1949 in Beverly, Massachusetts (USA)",,United States,87365,170 cm / 70 kg,,,,,,,
1984 Winter Olympics,Male,David Allen•Jensen,David A.•Jensen,"19 August 1965 in Newton, Massachusetts (USA)",,United States,87525,185 cm / 79 kg,Belmont Hill Academy,,,,,,
1972 Winter Olympics,Male,"Francis Anthony ""Frank""•Jones, Jr.","Frank•Jones, Jr.","15 June 1948 in Belmont, Massachusetts (USA)",,United States,87624,167 cm / 65 kg,,Captain,,,,,
1968 Winter Olympics,Male,"Charles Wetmore ""Charlie""•Kellogg, II",Charlie•Kellogg,"12 January 1940 in Boston, Massachusetts (USA)","21 September 2015 in Manchester, Massachusetts (USA)",United States,87868,175 cm / 72 kg,"Putney Ski Club, Putney (USA)",,,,,,
1948 Winter Olympics; 1960 Winter Olympics,Male,"John Joseph ""Jack""•Kirrane, Jr.","Jack•Kirrane, Jr.","20 August 1928 in Brookline, Massachusetts (USA)","25 September 2016 in Quincy, Massachusetts (USA)",United States,87987,177 cm / 77 kg,Boston Olympics,,,,,,
1984 Winter Olympics,Male,Mark Alan•Kumpel,Mark•Kumpel,"7 March 1961 in Wakefield, Massachusetts (USA)",,United States,88706,183 cm / 86 kg,Lowell College,,,,,,
1924 Winter Olympics,Male,Alphonse Albert•LaCroix,Alphonse•LaCroix,"21 October 1897 in Newton, Massachusetts (USA)","12 April 1973 in Lewiston, Maine (USA)",United States,88802,170 cm / 62 kg,"Boston AA, Boston (USA)",Frenchy,,,,,
1976 Winter Olympics,Male,"Richard L. ""Dick""•Lamby",Dick•Lamby,"3 May 1955 in Worcester, Massachusetts (USA)",,United States,89380,182 cm / 88 kg,"Salem State Vikings, Salem (USA)",,,,,,
1924 Winter Olympics,Male,"John Arthur ""Art""•Langley",Art•Langley,"25 June 1896 in Melrose, Massachusetts (USA)","5 March 1967 in Eustis, Florida (USA)",United States,89404,178 cm,Melrose Athletic Club,,,,,,
1988 Winter Olympics; 1994 Winter Olympics,Male,"Peter Philip•Laviolette, Jr.","Peter•Laviolette, Jr.","7 December 1964 in Norwood, Massachusetts (USA)",,United States,89467,188 cm / 90 kg,Indianapolis Checkers/Providence Bruins,,,,,,
1936 Winter Olympics,Male,"John Charles ""Johnny""•Lax",Johnny•Lax,"23 July 1911 in Arlington, Massachusetts (USA)","14 July 2001 in Cambridge, Massachusetts (USA)",United States,89473,,"Boston University Terriers, Boston (USA)",,,,,,
1994 Winter Olympics,Male,"Jeffrey A. ""Jeff""•Lazaro",Jeff•Lazaro,"21 March 1968 in Waltham, Massachusetts (USA)",,United States,89476,178 cm / 82 kg,"Ottawa Senators, Ottawa (CAN) / Providence Bruins, Providence (USA)",,,,,,
1988 Winter Olympics,Male,Stephen Morgan•Leach,Stephen•Leach,"16 January 1966 in Cambridge, Massachusetts (USA)",,United States,89481,180 cm / 82 kg,"New Hampshire Wildcats, Durham (USA)",,,,,,
1992 Winter Olympics,Male,"Raymond Jude ""Ray""•LeBlanc",Ray•LeBlanc,"24 October 1964 in Fitchburg, Massachusetts (USA)",,United States,89488,178 cm / 77 kg,"Indianapolis Ice, Indianapolis (USA)",,,,,,
1994 Winter Olympics,Male,John E.•Lilley,John•Lilley,"3 August 1972 in Wakefield, Massachusetts (USA)",,United States,89636,175 cm / 77 kg,"Seattle Thunderbirds, Seattle (USA) / Anaheim Ducks, Anaheim (USA)",,,,,,
1936 Winter Olympics,Male,"Robert•Livermore, Jr.","Robert•Livermore, Jr.","16 October 1909 in Boston, Massachusetts (USA)","12 February 1991 in Lincoln, Massachusetts (USA)",United States,89690,,Hochgebirg Ski Club,,,,,,
1968 Winter Olympics,Male,"James Brian ""Jim""•Logue",Jim•Logue,"25 March 1941 in Melrose, Massachusetts (USA)",,United States,91887,183 cm / 89 kg,"Harvard Crimson, Cambridge (USA)",,,,,,
1956 Winter Olympics,Male,"Arthur Matthew ""Art""•Longsjo, Jr.","Art•Longsjo, Jr.","23 October 1931 in Fitchburg, Massachusetts (USA)","16 September 1958 in Burlington, Vermont (USA)",United States,91901,,Leominster Recreation Club,,,,,,
1960 Winter Olympics,Male,"Ronald Edmund ""Ron""•Ludington",Ron•Ludington,"4 September 1934 in Boston, Massachusetts (USA)","14 May 2020 in Newark, Delaware (USA)",United States,91930,,Commonwealth Figure Skating Club,,,,,,
1924 Winter Olympics,Male,"John Joseph•Lyons, Jr.",John•Lyons,"31 March 1900 in Arlington, Massachusetts (USA)","15 January 1971 in Arlington, Massachusetts (USA)",United States,91990,,"Boston AA, Boston (USA)",Sharkey,,,,,
1932 Winter Olympics; 1936 Winter Olympics,Male,James Lester•Madden,James•Madden,"13 December 1909 in Boston, Massachusetts (USA)","15 September 1984 in Boston, Massachusetts (USA)",United States,92035,,"Skating Club of Boston, Boston (USA)",,,,,,
1964 Winter Olympics,Male,"Thomas Joseph ""Red""•Martin (Considine-)",Red•Martin,"5 July 1938 in Boston, Massachusetts (USA)","27 July 2017 in Canton, Massachusetts (USA)",United States,92179,183 cm / 86 kg,"Boston College Eagles, Chestnut Hill (USA)",,,,,,
1984 Winter Olympics,Male,"Michael James ""Mike""•Mastrullo",Mike•Mastrullo,"5 May 1957 in Lowell, Massachusetts (USA)",,Italy,95221,176 cm / 82 kg,"HC Alleghe, Alleghe (ITA)",,,,,,
1948 Winter Olympics,Male,Bruce Ellery•Mather,Bruce•Mather,"25 July 1926 in Springfield, Massachusetts (USA)","9 October 1975 in New Providence, New Jersey (USA)",United States,95226,173 cm / 68 kg,"Dartmouth Big Green, Hanover (USA)",Little Poison,,,,,
1924 Winter Olympics,Male,Justin Jeremiah•McCarthy,Justin•McCarthy,"25 January 1899 in Charlestown, Massachusetts (USA)","8 April 1976 in Centerville, Massachusetts (USA)",United States,95289,,"Boston AA, Boston (USA)",,,,,,
1992 Winter Olympics,Male,Shawn Kenneth•McEachern,Shawn•McEachern,"28 February 1969 in Waltham, Massachusetts (USA)",,United States,95305,183 cm / 86 kg,"Boston University Terriers, Boston (USA)",,,,,,
1972 Winter Olympics,Male,"Richard Anthony ""Dick""•McGlynn",Dick•McGlynn,"19 June 1948 in Medford, Massachusetts (USA)",,United States,95310,183 cm / 86 kg,"Colgate Raiders, Hamilton (USA)",,,,,,
1992 Winter Olympics,Male,"Martin Edward ""Marty""•McInnis",Marty•McInnis,"2 June 1970 in Weymouth, Massachusetts (USA)",,United States,95315,183 cm / 84 kg,"Boston College Eagles, Chestnut Hill (USA)",,,,,,
1976 Winter Olympics,Male,"Robert Michael ""Bobby""•Miller, Jr.",Bobby•Miller,"28 September 1956 in Medford, Massachusetts (USA)","30 September 2020 in Tampa, Florida (USA)",United States,95463,,"New Hampshire Wildcats, Durham (USA)",,,,,,
1952 Winter Olympics,Male,"John Francis ""Jack""•Mulhern",Jack•Mulhern,"18 July 1927 in Boston, Massachusetts (USA)","19 September 2007 in Cambridge, Massachusetts (USA)",United States,95630,,"Boston College Eagles, Chestnut Hill (USA)",,,,,,
1924 Winter Olympics; 1928 Winter Olympics,Male,Nathaniel William•Niles,Nathaniel•Niles,"5 July 1886 in Boston, Massachusetts (USA)","11 July 1932 in Brookline, Massachusetts (USA)",United States,95852,,"Skating Club of Boston, Boston (USA)",,,,,,
1988 Winter Olympics,Male,"Jeffrey Thomas Zachary ""Jeff""•Norton",Jeff•Norton,"25 November 1965 in Arlington, Massachusetts (USA)",,United States,95903,190 cm / 90 kg,"Michigan Wolverines, Ann Arbor (USA)",,,,,,
1980 Winter Olympics,Male,"John J. ""Jack""•O'Callahan",Jack•O'Callahan,"24 July 1957 in Charlestown, Massachusetts (USA)",,United States,95951,185 cm / 84 kg,"Boston University Terriers, Boston (USA)",,,,,,
1960 Winter Olympics,Male,"Laurence James ""Larry""•Palmer",Larry•Palmer,"7 January 1938 in Malden, Massachusetts (USA)",,United States,96155,,"United States Military Academy, West Point (USA)",,,,,,
1972 Winter Olympics,Male,Terry Joseph•Palmer,Terry•Palmer,"20 February 1952 in Cambridge, Massachusetts (USA)",,United States,96157,175 cm / 65 kg,"Bear Valley Ski Club, Bear Valley, Alpine County, California (USA)",,,,,,
1948 Winter Olympics,Male,"Frederick Gordon Neil ""Fred""•Pearson",Fred•Pearson,"23 March 1923 in Beverly, Massachusetts (USA)","10 September 2009 in West Newbury, Massachusetts (USA)",United States,96276,,"Yale Bulldogs, New Haven (USA)",,,,,,
1968 Winter Olympics,Male,"Herbert Charles ""Herb""•Pinder, Jr.",Herb•Pinder,"24 December 1946 in Boston, Massachusetts (USA)",,Canada,96444,180 cm / 77 kg,,,,,,,
1968 Winter Olympics,Male,"Lawrence Winslow ""Larry""•Pleau",Larry•Pleau,"29 June 1947 in Boston, Massachusetts (USA)",,United States,96479,180 cm / 84 kg,"Montréal Juniors, CAN",,,,,,
1948 Winter Olympics,Male,"Stanton Bliss ""Stan""•Priddy",Stan•Priddy,"26 February 1921 in Brookline, Massachusetts (USA)","12 May 1996 in South Dennis, Massachusetts (USA)",United States,96585,,"Dartmouth Big Green, Hanover (USA)",,,,,,
1924 Winter Olympics,Male,Willard Wadsworth•Rice,Willard•Rice,"21 April 1895 in Newtonville, Massachusetts (USA)","21 July 1967 in Weston, Massachusetts (USA)",United States,96822,,"Boston AA, Boston (USA)",,,,,,
1956 Winter Olympics,Male,"Donald Edmond ""Don""•Rigazio",Don•Rigazio,"3 July 1934 in Cambridge, Massachusetts (USA)",,United States,96855,180 cm / 72 kg,Cambridge Hockey Club,,,,,,
1948 Winter Olympics,Male,"John Patrick ""Jack""•Riley, Jr.","Jack•Riley, Jr.","15 June 1920 in Boston, Massachusetts (USA)","3 February 2016 in Cape Cod, Massachusetts (USA)",United States,96864,,"Dartmouth Big Green, Hanover (USA)",,,,,,
1956 Winter Olympics; 1960 Winter Olympics,Male,"Richard Peter ""Dick""•Rodenhiser",Dick•Rodenhiser,"17 October 1932 in Malden, Massachusetts (USA)",,United States,96908,173 cm / 70 kg,"Boston University Terriers, Boston (USA)",,,,,,
1936 Winter Olympics,Male,"Elbridge Baker•Ross, Jr.","Elbridge•Ross, Jr.","2 August 1909 in Boston, Massachusetts (USA)","13 November 1980 in St. Petersburg, Florida (USA)",United States,96953,,"Colgate Raiders, Hamilton (USA)",,,,,,
1936 Winter Olympics,Male,Paul Edward•Rowe,Paul•Rowe,"5 May 1914 in Somerville, Massachusetts (USA)","28 August 1993 in Wynnewood, Pennsylvania (USA)",United States,96973,,"Boston University Terriers, Boston (USA)",Rowsie,,,,,
1994 Winter Olympics,Male,"David Anthony ""Dave""•Sacco",Dave•Sacco,"31 July 1970 in Malden, Massachusetts (USA)",,United States,97065,178 cm / 84 kg,"Boston University Terriers, Boston (USA) / Toronto Maple Leafs, Toronto (CAN)",,,,,,
1992 Winter Olympics,Male,"Joseph William ""Joe""•Sacco",Joe•Sacco,"4 February 1969 in Medford, Massachusetts (USA)",,United States,97066,185 cm / 89 kg,"Toronto Maple Leafs, Toronto (CAN)",,,,,,
1992 Winter Olympics,Male,"Christopher P. ""Chris""•Shelley",Chris•Shelley,"22 June 1963 in Boston, Massachusetts (USA)",,United States,97480,173 cm / 66 kg,Waltham,,,,,,
1980 Winter Olympics,Male,"David Mark ""Dave""•Silk",Dave•Silk,"1 January 1958 in Scituate, Massachusetts (USA)",,United States,97537,180 cm / 86 kg,"Boston University Terriers, Boston (USA)",Silky,,,,,
1924 Winter Olympics,Male,"Irving Wheeler ""Irv""•Small",Irv•Small,"19 July 1891 in Cambridge, Massachusetts (USA)","12 December 1955 in Monrovia, California (USA)",United States,97637,178 cm,"Boston AA, Boston (USA)",Brick,,,,,
1932 Winter Olympics; 1936 Winter Olympics,Male,Gordon•Smith,Gordon•Smith,"14 February 1908 in Winchester, Massachusetts (USA)","22 October 1999 in Boston, Massachusetts (USA)",United States,97648,71 kg,Boston Hockey Club / Boston Olympics,,,,,,
1994 Winter Olympics,Male,Garth•Snow,Garth•Snow,"28 July 1969 in Wrentham, Massachusetts (USA)",,United States,97663,193 cm / 89 kg,"Maine Black Bears, Orono, Maine (USA)",,,,,,
1988 Winter Olympics,Male,Kevin Michael•Stevens,Kevin•Stevens,"15 April 1965 in Brockton, Massachusetts (USA)",,United States,97842,190 cm / 98 kg,"Boston College Eagles, Chestnut Hill (USA)",,,,,,
1936 Winter Olympics,Male,"Frank Raymond•Stubbs, Jr.","Frank•Stubbs, Jr.","12 July 1909 in South Wellfleet, Massachusetts (USA)","20 April 1993 in Melrose, Massachusetts (USA)",United States,97920,,,Junie,,,,,
1992 Winter Olympics,Male,"Timothy Paul ""Tim""•Sweeney",Tim•Sweeney,"12 April 1967 in Boston, Massachusetts (USA)",,United States,98036,180 cm / 84 kg,"Calgary Flames, Calgary (CAN)",,,,,,
1964 Winter Olympics,Male,"Richard William ""Dick""•Taylor",Dick•Taylor,"23 January 1938 in Gardner, Massachusetts (USA)",,United States,98186,180 cm / 75 kg,Gilford Outing Club,,,,,,
1976 Winter Olympics,Male,"Theodore Baker ""Ted""•Thorndike",Ted•Thorndike,"8 September 1952 in Boston, Massachusetts (USA)","2 January 1987 in Brookline, Massachusetts (USA)",United States,98253,182 cm / 83 kg,"Harvard Crimson, Cambridge (USA)",,,,,,
1992 Winter Olympics; 1998 Winter Olympics; 2002 Winter Olympics; 2006 Winter Olympics,Male,Keith Matthew•Tkachuk,Keith•Tkachuk,"28 March 1972 in Melrose, Massachusetts (USA)",,United States,98286,188 cm / 102 kg,"Boston University Terriers, Boston (USA) / St. Louis Blues, St. Louis (USA)",,,,,,
1992 Winter Olympics,Male,"David A. ""Dave""•Tretowicz",Dave•Tretowicz,"15 March 1969 in Pittsfield, Massachusetts (USA)",,United States,98373,180 cm / 89 kg,"Phoenix Roadrunners, Phoenix (USA)",,,,,,
1928 Winter Olympics; 1932 Winter Olympics,Male,Roger Felix•Turner,Roger•Turner,"3 March 1901 in Milton, Massachusetts (USA)","29 October 1993 in Walpole, Massachusetts (USA)",United States,98434,,"Skating Club of Boston, Boston (USA)",,,,,,
1952 Winter Olympics,Male,"Donald Francis ""Don""•Whiston",Don•Whiston,"19 June 1927 in Lynn, Massachusetts (USA)","11 July 2020 in Ipswich, Massachusetts (USA)",United States,98919,,"Brown Bears, Providence (USA)",,,,,,
1928 Winter Olympics,Male,Cecil Irton•Wylde,Cecil•Wylde,"28 January 1904 in Brookline, Massachusetts (USA)","11 November 1994 in Natick, Massachusetts (USA)",Great Britain,99052,,"University of Cambridge, Cambridge (GBR)",,,,,,
1992 Winter Olympics,Male,"Carl Joshua ""C. J.""•Young",C. J.•Young,"1 January 1968 in Newton, Massachusetts (USA)",,United States,99136,178 cm / 84 kg,"Salt Lake Golden Eagles, Salt Lake City (USA)",,,,,,
1988 Winter Olympics; 1992 Winter Olympics; 2002 Winter Olympics,Male,Scott Allen•Young,Scott•Young,"1 October 1967 in Worcester, Massachusetts (USA)",,United States,99138,185 cm / 91 kg,"Boston University Terriers, Boston (USA) / St. Louis Blues, St. Louis (USA)",,,,,,
1936 Winter Olympics,Male,"Lelio Vincenzo ""Luigi""•Zucchini",Luigi•Zucchini,"29 October 1915 in West Springfield, Massachusetts (USA)","1 March 1986 in West Springfield, Massachusetts (USA)",Italy,99273,,"Diavoli Rossoneri, Milano (ITA)",Babe,,,,,
1998 Winter Olympics; 2002 Winter Olympics,Male,Marc•Pelchat,Marc•Pelchat,"16 September 1967 in Chelmsford, Massachusetts (USA)",,United States,99352,175 cm / 79 kg,Chelmsford,,,,,,
1998 Winter Olympics; 2002 Winter Olympics,Female,Kristina•Sabasteanski (Viljanen-),Kristina•Sabasteanski,"1 April 1969 in Pittsfield, Massachusetts (USA)",,United States,99565,157 cm / 55 kg,,,,,,,
1998 Winter Olympics,Male,Adam•Hostetter,Adam•Hostetter,"22 December 1974 in Cape Cod, Massachusetts (USA)",,United States,99680,183 cm / 76 kg,"Cross-M, Truckee (USA)",,,,,,
1998 Winter Olympics,Male,Brandt Todd•Richards,Todd•Richards,"28 December 1969 in Worcester, Massachusetts (USA)",,United States,99696,178 cm / 77 kg,,,,,,,
1998 Winter Olympics; 2002 Winter Olympics; 2006 Winter Olympics,Female,Caroline•Hallisey (-Kepka),Caroline•Hallisey,"24 September 1980 in Natick, Massachusetts (USA)",,United States,100237,162 cm / 60 kg,"BSSC, (USA)",,,,,,
1998 Winter Olympics; 2002 Winter Olympics,Male,"Daniel J. ""Dan""•Weinstein",Dan•Weinstein,"4 February 1981 in Boston, Massachusetts (USA)",,United States,100248,183 cm / 82 kg,"BSSC, (USA)",,,,,,
1998 Winter Olympics; 2002 Winter Olympics,Female,Laurie•Baker (-Mutch),Laurie•Baker,"6 November 1976 in Concord, Massachusetts (USA)",,United States,100453,170 cm / 61 kg,,,,,,,
1998 Winter Olympics,Female,Colleen•Coyne,Colleen•Coyne,"19 September 1971 in Medford, Massachusetts (USA)",,United States,100457,160 cm / 59 kg,,,,,,,
1998 Winter Olympics; 2002 Winter Olympics,Female,"Allison Jaime ""A. J.""•Mleczko (-Griswold)",A. J.•Mleczko,"14 June 1975 in Nantucket, Massachusetts (USA)",,United States,100464,180 cm / 73 kg,"Harvard Crimson, Cambridge (USA)",,,,,,
1998 Winter Olympics,Female,"Victoria ""Vicki""•Movsessian (-Lamoriello)",Vicki•Movsessian,"6 November 1972 in Concord, Massachusetts (USA)",,United States,100466,165 cm / 64 kg,,,,,,,
1998 Winter Olympics,Female,Sandra•Whyte (-Sweeney),Sandra•Whyte,"24 August 1970 in Saugus, Massachusetts (USA)",,United States,100471,170 cm / 59 kg,,,,,,,
1998 Winter Olympics; 2002 Winter Olympics; 2006 Winter Olympics,Male,"William Robert ""Bill""•Guerin",Bill•Guerin,"9 November 1970 in Wilbraham, Massachusetts (USA)",,United States,100711,188 cm / 95 kg,"New Jersey Devils, Newark (USA) / Boston Bruins, Boston (USA) / Dallas Stars, Dallas (USA)",,,,,,
1998 Winter Olympics; 2002 Winter Olympics,Male,Jeremy Shaffer•Roenick,Jeremy•Roenick,"17 January 1970 in Boston, Massachusetts (USA)",,United States,100718,183 cm / 93 kg,"Phoenix Coyotes, Glendale (USA) / Philadelphia Flyers, Philadelphia (USA)",,,,,,
1998 Winter Olympics; 2002 Winter Olympics,Male,"Anthony Lewis ""Tony""•Amonte",Tony•Amonte,"2 August 1970 in Hingham, Massachusetts (USA)",,United States,100726,183 cm / 91 kg,"Chicago Blackhawks, Chicago (USA)",Bones,,,,,
2002 Winter Olympics,Female,Tiffany Erin•Scott,Tiffany•Scott,"1 May 1977 in Weymouth, Massachusetts (USA)",,United States,101239,152 cm,"Colonial Figure Skating Club, Boxborough, Massachusetts (USA)",,,,,,
2002 Winter Olympics,Female,Ashley•Hayden (-Walden),Ashley•Hayden,"5 November 1981 in Framingham, Massachusetts (USA)",,United States,101392,175 cm / 63 kg,,,,,,,
2002 Winter Olympics,Female,Brenda•Petzold,Brenda•Petzold,"6 August 1973 in Lawrence, Massachusetts (USA)",,United States,101585,167 cm / 65 kg,,,,,,,
2002 Winter Olympics; 2006 Winter Olympics,Female,Courtney•Kennedy,Courtney•Kennedy,"29 March 1979 in Woburn, Massachusetts (USA)",,United States,102174,175 cm / 86 kg,"Minnesota Golden Gophers, Saint Paul (USA)",,,,,,
2002 Winter Olympics,Male,"Thomas Patrick ""Tom""•Barrasso",Tom•Barrasso,"31 March 1965 in Boston, Massachusetts (USA)",,United States,102351,190 cm / 95 kg,"Carolina Hurricanes, Raleigh (USA)",Tomcat,,,,,
2002 Winter Olympics,Male,"Thomas Emilio ""Tom""•Poti",Tom•Poti,"22 March 1977 in Worcester, Massachusetts (USA)",,United States,102355,190 cm / 98 kg,"Edmonton Oilers, Edmonton (CAN)",,,,,,
2006 Winter Olympics,Female,Jamie•Hagerman,Jamie•Hagerman,"7 May 1981 in North Andover, Massachusetts (USA)",,United States,110235,175 cm / 77 kg,"Harvard Crimson, Cambridge (USA)",,,,,,
2006 Winter Olympics,Female,Sarah Sturgis•Parsons,Sarah•Parsons,"27 July 1987 in Dover, Massachusetts (USA)",,United States,110237,173 cm / 64 kg,Noble & Greenough High School,,,,,,
2006 Winter Olympics,Male,"Richard W. ""Rick""•DiPietro",Rick•DiPietro,"19 September 1981 in Winthrop, Massachusetts (USA)",,United States,110636,180 cm / 84 kg,"New York Islanders, New York (USA)",,,,,,
2006 Winter Olympics; 2010 Winter Olympics; 2014 Winter Olympics,Female,Emily•Cook,Emily•Cook,"1 July 1979 in Boston, Massachusetts (USA)",,United States,110763,160 cm / 52 kg,FLY Freestyle,,,,,,
2006 Winter Olympics; 2010 Winter Olympics,Male,Tyler•Jewell,Tyler•Jewell,"21 February 1977 in Boston, Massachusetts (USA)",,United States,110888,175 cm / 89 kg,"Boston College Eagles, Chestnut Hill (USA) / SSWSC, Steamboat Springs (USA)",,,,,,
2006 Winter Olympics; 2010 Winter Olympics,Female,Michelle•Gorgone,Michelle•Gorgone,"18 October 1983 in Sudbury, Massachusetts (USA)",,United States,110975,160 cm / 77 kg,,,,,,,
2010 Winter Olympics,Female,Laura•Spector,Laura•Spector,"30 October 1987 in Pittsfield, Massachusetts (USA)",,United States,118536,152 cm / 50 kg,"Olympic Training Center, Lake Placid, NY, United States / Dartmouth University",,,,,,
2010 Winter Olympics,Male,"Charles ""Chuck""•Berkeley",Chuck•Berkeley,"21 August 1976 in Pittsfield, Massachusetts (USA)",,United States,118630,195 cm / 105 kg,Cal-Berkeley,,,,,,
2010 Winter Olympics; 2014 Winter Olympics; 2018 Winter Olympics,Male,"Steven Daniel ""Steve""•Langton",Steve•Langton,"15 April 1983 in Malden, Massachusetts (USA)",,United States,118712,188 cm / 105 kg,Northeastern,,,,,,
2010 Winter Olympics,Male,Michael•Morse,Michael•Morse,"2 April 1981 in Boston, Massachusetts (USA)",,United States,119002,172 cm / 75 kg,"Killington Ski Club, Killington Mountain, United States / University of Vermont",,,,,,
2010 Winter Olympics,Female,Erika Lyn•Lawler,Erika•Lawler,"5 February 1987 in Fitchburg, Massachusetts (USA)",,United States,119204,152 cm / 59 kg,"Wisconsin Badgers, Madison (USA)",,,,,,
2010 Winter Olympics; 2014 Winter Olympics; 2018 Winter Olympics,Female,Meghan•Duggan,Meghan•Duggan,"3 September 1987 in Danvers, Massachusetts (USA)",,United States,119301,178 cm / 73 kg,"Wisconsin Badgers, Madison (USA) / Boston Blades, Boston (USA) / Boston Pride, Boston (USA)","Megs, Duggs, Alpha",,,,,
2010 Winter Olympics,Male,Ryan•Whitney,Ryan•Whitney,"19 February 1983 in Boston, Massachusetts (USA)",,United States,119309,193 cm / 100 kg,"Anaheim Ducks, Anaheim (USA)",,,,,,
2010 Winter Olympics; 2014 Winter Olympics; 2018 Winter Olympics; 2022 Winter Olympics,Male,"Christopher ""Chris""•Mazdzer",Chris•Mazdzer,"26 June 1988 in Pittsfield, Massachusetts (USA)",,United States,119429,185 cm / 86 kg,,,,,,,
1964 Winter Olympics,Female,"Dorothy Ann ""Dee""•Hirschland",Dee•Hirschland,"4 February 1928 in Falmouth, Massachusetts (USA)","20 August 1986 in Jackson Hole, Wyoming (USA)",United States,120004,164 cm / 64 kg,Appalachian Mountain Club,,,,,,
2014 Winter Olympics,Female,Brooklee•Han,Brooklee•Han,"6 July 1995 in Beverly, Massachusetts (USA)",,Australia,127304,150 cm / 42 kg,Icehouse Figure Skating Club,,,,,,
2014 Winter Olympics,Male,"Warren Cummings ""Trace""•Smith",Trace•Smith,"21 June 1992 in Boston, Massachusetts (USA)",,Estonia,127642,189 cm / 86 kg,Dartmouth College Ski Team,,,,,,
2014 Winter Olympics,Female,Kenza•Tazi,Kenza•Tazi,"6 February 1996 in Boston, Massachusetts (USA)",,Morocco,128151,166 cm / 60 kg,,,,,,كنزة•التازي,
2014 Winter Olympics,Female,Julia•Ford,Julia•Ford,"30 March 1990 in Concord, Massachusetts (USA)",,United States,128667,175 cm / 75 kg,,,,,,,
2014 Winter Olympics; 2018 Winter Olympics,Male,Jared Lewis•Goldberg,Jared•Goldberg,"17 June 1991 in Boston, Massachusetts (USA)",,United States,128673,183 cm / 84 kg,Westminster College,,,,,,
2014 Winter Olympics; 2018 Winter Olympics,Female,"Annalisa ""Anna""•Drew",Anna•Drew,"28 May 1993 in Lawrence, Massachusetts (USA)",,United States,128698,163 cm / 54 kg,Ski and Snowboard Club Vail (USA),,,,,,
2014 Winter Olympics,Female,"Grace Elizabeth ""Gracie""•Gold",Gracie•Gold,"17 August 1995 in Newton, Massachusetts (USA)",,United States,128720,165 cm / 54 kg,"Missouri Tigers, Columbia (USA)",,,,,,
2014 Winter Olympics; 2018 Winter Olympics,Male,Alex Hideo•Shibutani,Alex•Shibutani,"25 April 1991 in Boston, Massachusetts (USA)",,United States,128726,183 cm / 74 kg,University of Michigan,,,,,,
2014 Winter Olympics; 2022 Winter Olympics,Female,"Alexandra ""Alex""•Carpenter",Alex•Carpenter,"13 April 1994 in Cambridge, Massachusetts (USA)",,United States,128729,170 cm / 70 kg,"Boston College Eagles, Chestnut Hill (USA) / KRS Vanke Rays, Mytishchi (RUS)",,,,,,
2014 Winter Olympics,Female,Michelle•Picard,Michelle•Picard,"27 May 1993 in Fall River, Massachusetts (USA)",,United States,128734,163 cm / 68 kg,"Harvard Crimson, Cambridge (USA)",,,,,,
2014 Winter Olympics,Male,John•Carlson,John•Carlson,"10 January 1990 in Natick, Massachusetts (USA)",,United States,128738,190 cm / 96 kg,"Washington Capitals, Washington (USA)",,,,,,
2018 Winter Olympics,Female,"Isabel ""Izzy""•Atkin",Izzy•Atkin,"21 June 1998 in Boston, Massachusetts (USA)",,Great Britain,137217,171 cm / 66 kg,,,,,,,
2018 Winter Olympics,Female,Aimee•Buchanan,Aimee•Buchanan,"11 June 1993 in Boston, Massachusetts (USA)",,Israel,137367,165 cm,"Ice Holon, Holon (ISR)",,,,,פייג'•קונרס,
2018 Winter Olympics,Male,"Adam Jeremy ""A. J.""•Edelman",A. J.•Edelman,"14 March 1991 in Boston, Massachusetts (USA)",,Israel,137372,177 cm / 83 kg,,The Hebrew Hammer,,,,אדם•אדלמן,
2018 Winter Olympics,Male,Aleksandr•Gamelin,Aleksandr•Gamelin,"22 February 1993 in Boston, Massachusetts (USA)",,Republic of Korea,137568,180 cm,,,,,,알렉산더•겜린,
2018 Winter Olympics; 2022 Winter Olympics,Male,Eric•Loughran,Eric•Loughran,"12 April 1995 in Lowell, Massachusetts (USA)",,United States,138297,178 cm / 75 kg,"Loon Mountain Freestyle, Lincoln (USA)",,,,,,
2018 Winter Olympics,Female,Kali Dora•Flanagan,Kali•Flanagan,"19 September 1995 in Winchester, Massachusetts (USA)",,United States,138313,163 cm / 64 kg,"Boston College Eagles, Chestnut Hill (USA)",,,,,,
2018 Winter Olympics,Male,"Christopher Ray ""Chris""•Bourque",Chris•Bourque,"29 January 1986 in Boston, Massachusetts (USA)",,United States,138327,173 cm / 82 kg,Hershey Bears (AHL),,,,,,
2018 Winter Olympics,Male,"Robert ""Bobby""•Butler",Bobby•Butler,"26 April 1987 in Marlborough, Massachusetts (USA)",,United States,138328,183 cm / 86 kg,"Milwaukee Admirals, Milwaukee (USA)",,,,,,
2018 Winter Olympics,Male,Ryan•Donato,Ryan•Donato,"9 April 1996 in Boston, Massachusetts (USA)",,United States,138329,185 cm / 89 kg,"Harvard Crimson, Cambridge (USA)",,,,,,
2018 Winter Olympics,Male,John•McCarthy,John•McCarthy,"9 August 1986 in Boston, Massachusetts (USA)",,United States,138337,185 cm / 88 kg,San Jose Barracuda (AHL),,,,,,
2018 Winter Olympics,Male,Noah Paul•Welch,Noah•Welch,"26 August 1982 in Newton, Massachusetts (USA)",,United States,138344,193 cm / 98 kg,"Växjö Lakers, Växjö (SWE)",,,,,,
2018 Winter Olympics,Male,Jonathan•Cheever,Jonathan•Cheever,"17 April 1985 in Boston, Massachusetts (USA)",,United States,138367,178 cm / 86 kg,"UMass Lowell River Hawks, Lowell (USA)",,,,,,
2018 Winter Olympics,Male,"Michael ""Mike""•Trapp",Mike•Trapp,"10 July 1988 in Hyannis, Massachusetts (USA)",,United States,138377,173 cm / 66 kg,,,,,,,
2018 Winter Olympics,Female,Alice Rice•Merryweather,Alice•Merryweather,"5 October 1996 in Hingham, Massachusetts (USA)",,United States,138390,173 cm / 68 kg,"Attitash Race Team, Bartlett",,,,,,
2022 Winter Olympics,Female,Emma•Maltais,Emma•Maltais,"4 November 1999 in Cambridge, Massachusetts (USA)",,Canada,147963,160 cm,"The Ohio State Buckeyes, Columbus (USA)",,,,,,
2022 Winter Olympics,Female,Lenka Slezak•Serdar,Lenka•Serdar,"21 July 1997 in Lexington, Massachusetts (USA)",,Czechia,148177,,"Linköpings HC, Linköping (SWE)",,,,,,
2022 Winter Olympics,Female,Zoe•Atkin,Zoe•Atkin,"16 January 2003 in Newton, Massachusetts (USA)",,Great Britain,148356,,,,,,,,
2022 Winter Olympics; 2026 Winter Olympics,Male,"Kristopher ""Kris""•Horn",Kris•Horn,"25 April 1994 in Weymouth, Massachusetts (USA)",,United States,149072,,,,,,,,
2022 Winter Olympics,Female,Sophia•Laukli,Sophia•Laukli,"8 June 2000 in Framingham, Massachusetts (USA)",,United States,149080,,University of Utah,,,,,,
2022 Winter Olympics,Male,"Matthew Samuel ""Matty""•Beniers",Matty•Beniers,"5 November 2002 in Hingham, Massachusetts (USA)",,United States,149124,,"Michigan Wolverines, Ann Arbor (USA)",,,,,,
2022 Winter Olympics,Male,Drew•Commesso,Drew•Commesso,"19 July 2002 in Norwell, Massachusetts (USA)",,United States,149127,,"Boston University Terriers, Boston (USA)",,,,,,
2022 Winter Olympics,Male,Sean•Farrell,Sean•Farrell,"2 November 2001 in Hopkinton, Massachusetts (USA)",,United States,149130,,"Harvard Crimson, Cambridge (USA)",,,,,,
2022 Winter Olympics,Male,Marc•McLaughlin,Marc•McLaughlin,"26 July 1999 in North Billerica, Massachusetts (USA)",,United States,149136,,"Boston College Eagles, Chestnut Hill (USA)",,,,,,
2022 Winter Olympics,Male,David Matthew•Warsofsky,David•Warsofsky,"30 May 1990 in Marshfield, Massachusetts (USA)",,United States,149145,,"ERC Ingolstadt, Ingolstadt (GER)",,,,,,
2022 Winter Olympics; 2026 Winter Olympics,Male,Zachary•DiGregorio,Zachary•DiGregorio,"14 November 2001 in West Medway, Massachusetts (USA)",,United States,149146,,,,,,,,
2022 Winter Olympics; 2026 Winter Olympics,Female,"Julia ""Julie""•Letai",Julie•Letai,"23 June 2000 in Medfield, Massachusetts (USA)",,United States,149167,,,,,,,,
