Games,Sex,Full name,Used name,Born,Died,NOC,athlete_id,Measurements,Affiliations,Nick/petnames,Title(s),Other names,Nationality,Original name,Name order
1992 Winter Olympics; 1994 Winter Olympics; 1998 Winter Olympics; 2002 Winter Olympics,Female,Ann E.•Battelle (-Ayad),Ann•Battelle,"18 January 1968 in Yonkers, New York (USA)",,United States,80600,175 cm / 73 kg,,,,,,,
1992 Winter Olympics,Female,Nancy Rebecca•Bell-Johnstone,Nancy•Bell-Johnstone,"22 October 1959 in New York, New York (USA)",,United States,80626,167 cm / 57 kg,,,,,,,
1984 Winter Olympics; 1988 Winter Olympics; 1992 Winter Olympics; 1994 Winter Olympics,Female,Bonnie Kathleen•Blair (-Cruikshank),Bonnie•Blair,"18 March 1964 in Cornwall-on-Hudson, New York (USA)",,United States,80673,165 cm / 59 kg,"Champaign-Urbana, Illinois",,,,,,
1980 Winter Olympics,Female,Donna Margaret•Burke,Donna•Burke,"16 August 1954 in New York, New York (USA)",,United States,80759,165 cm / 61 kg,,,,,,,
1968 Winter Olympics,Female,"Linda•Carbonetto (-Engel, -Villella)",Linda•Carbonetto,"12 April 1949 in New York, New York (USA)",,Canada,80789,159 cm / 49 kg,"Toronto Cricket Skating & Curling Club, Toronto (CAN)",,,,,,
1960 Winter Olympics,Female,Renie Katherine•Cox (-Gorsuch),Renie•Cox,"15 September 1938 in Lowville, New York (USA)",,United States,80884,,"Lake Placid Ski Club, Lake Placid (USA)",,,,,,
1992 Winter Olympics; 1998 Winter Olympics,Female,Moira Jean•D'Andrea (-Marshall),Moira•D'Andrea,"4 March 1968 in Saratoga Springs, New York (USA)",,United States,80901,162 cm / 59 kg,"Saratoga Winter Club, Saratoga Springs (USA)",,,,,,
1994 Winter Olympics; 1998 Winter Olympics; 2002 Winter Olympics,Female,Tracy•Evans (-Land),Tracy•Evans,"8 December 1967 in Hornell, New York (USA)",,United States,81039,160 cm / 55 kg,,,,,,,
1988 Winter Olympics; 1992 Winter Olympics,Female,Nancy Ingersoll•Fiddler,Nancy•Fiddler,"21 February 1956 in Schenectady, New York (USA)",,United States,81057,170 cm / 57 kg,,,,,,,
1972 Winter Olympics,Female,"Margaret Ann ""Peggy""•Frair",Peggy•Frair,"26 July 1950 in New York, New York (USA)",,United States,81082,174 cm / 68 kg,,,,,,,
1960 Winter Olympics,Female,Cornelia Kelleher•Harrington,Cornelia•Harrington,"7 June 1943 in Tarrytown, New York (USA)",,United States,81253,157 cm,,,,,,,
1956 Winter Olympics; 1960 Winter Olympics,Female,Carol Elizabeth•Heiss (-Jenkins),Carol•Heiss,"20 January 1940 in New York, New York (USA)",,United States,81276,,"Skating Club of New York, New York (USA)",,,,,,
1972 Winter Olympics,Female,Trina Arlene Barton•Hosmer,Trina•Hosmer,"28 March 1945 in Watertown, New York (USA)",,United States,81319,163 cm / 50 kg,Kongsberg Ski Club,,,,,,
1952 Winter Olympics,Female,Sonya Helen•Klopfer (-Dunfield),Sonya•Klopfer,"26 December 1934 in Brooklyn, New York, New York (USA)",,United States,81519,,"Skating Club of New York, New York (USA)",,,,,,
1924 Winter Olympics; 1928 Winter Olympics; 1932 Winter Olympics,Female,Beatrix Suzetta•Loughran (-Harvey),Beatrix•Loughran,"30 June 1900 in Mount Vernon, New York (USA)","7 December 1975 in Long Beach, New York (USA)",United States,81707,,"Skating Club of New York, New York (USA)",,,,,,
1972 Winter Olympics,Female,Melissa Mary•Militano (-Warkmeister),Melissa•Militano,"26 April 1955 in Rockville Centre, New York (USA)",,United States,81835,153 cm / 44 kg,"Skating Club of New York, New York (USA)",,,,,,
1960 Winter Olympics,Female,"Kathleen Francis ""Kathy""•Mulholland",Kathy•Mulholland,"2 June 1941 in Bronx, New York (USA)","9 July 1989 in Holmes, New York (USA)",United States,81887,,,,,,,,
1988 Winter Olympics; 1992 Winter Olympics; 1994 Winter Olympics; 1998 Winter Olympics,Female,"Cameron Ann ""Cammy""•Myler",Cammy•Myler,"7 December 1968 in Plattsburgh, New York (USA)",,United States,81893,173 cm / 68 kg,,,,,,,
1932 Winter Olympics; 1936 Winter Olympics,Female,"Audrey Francis•Peppe (-Benner, -Rapée)",Audrey•Peppe,"12 October 1917 in New York, New York (USA)","1 April 1992 in Queens, New York, New York (USA)",United States,82062,,"Skating Club of New York, New York (USA)",,,,,,
1956 Winter Olympics; 1960 Winter Olympics,Female,"Penelope Theresa ""Penny""•Pitou (-Zimmermann, -Pike)",Penny•Pitou,"8 October 1938 in Bayside, Queens, New York, New York (USA)",,United States,82100,,Gilford Outing Club,,,,,,
1994 Winter Olympics; 1998 Winter Olympics,Female,Elizabeth•Punsalan,Elizabeth•Punsalan,"9 January 1971 in Syracuse, New York (USA)",,United States,82136,165 cm / 50 kg,"Broadmoor Skating Club, Colorado Springs (USA) / Detroit Skating Club, Bloomfield Hills (USA)",,,,,,
1988 Winter Olympics; 1992 Winter Olympics; 1994 Winter Olympics,Female,Diann•Roffe-Steinrotter,Diann•Roffe-Steinrotter,"24 March 1967 in Warsaw, New York (USA)",,United States,82213,162 cm / 60 kg,,,,,,,
1992 Winter Olympics,Female,April L.•Sargent-Thomas,April•Sargent-Thomas,"1 April 1968 in Ogdensburg, New York (USA)",,United States,82270,157 cm / 48 kg,,,,,,,
1948 Winter Olympics,Female,Eileen•Seigh (-Honnen),Eileen•Seigh,"27 December 1928 in New York, New York (USA)",,United States,82340,,,,,,,,
1994 Winter Olympics,Female,Carrie•Sheinberg,Carrie•Sheinberg,"29 November 1972 in New York, New York (USA)",,United States,82362,170 cm / 65 kg,,,,,,,
1948 Winter Olympics,Female,Yvonne Claire•Sherman-McGowan (-Tutt),Yvonne•Sherman-McGowan,"3 May 1930 in New York, New York (USA)","2 February 2005 in Colorado Springs, Colorado (USA)",United States,82366,,"Skating Club of New York, New York (USA)",,,,,,
1964 Winter Olympics,Female,"Janice Marie ""Jan""•Smith",Jan•Smith,"20 April 1945 in Rochester, New York (USA)",18 January 2022,United States,82405,169 cm / 66 kg,Rochester Skating Club,,,,,,
1992 Winter Olympics; 1994 Winter Olympics,Female,Joan•Smith (-Miller),Joan•Smith,"25 June 1967 in Rochester, New York (USA)",,United States,82406,164 cm / 61 kg,,,,,,,
1948 Winter Olympics,Female,Ruth-Marie•Stewart (-Rademacher),Ruth-Marie•Stewart,"28 April 1927 in Brooklyn, New York, New York (USA)","10 March 2012 in Springfield, Massachusetts (USA)",United States,82468,163 cm / 55 kg,"Dartmouth Big Green, Hanover (USA)",,,,,,
1988 Winter Olympics; 1992 Winter Olympics; 1994 Winter Olympics,Female,Kristen Michele•Talbot (-Peck),Kristen•Talbot,"24 September 1970 in Schuylerville, New York (USA)",,United States,82537,160 cm / 63 kg,"Saratoga Winter Club, Saratoga Springs (USA)",,,,,,
1994 Winter Olympics,Female,"Laura ""Laurie""•Tavares (Grover-)",Laurie•Tavares,"12 December 1965 in Newark, New York (USA)",,United States,82548,170 cm / 63 kg,,,,,,,
1988 Winter Olympics,Female,"Debra Janine ""Debi""•Thomas",Debi•Thomas,"25 March 1967 in Poughkeepsie, New York (USA)",,United States,82857,167 cm / 53 kg,"LAFSC, Los Angeles (USA)",,,,,,
1992 Winter Olympics; 1994 Winter Olympics; 1998 Winter Olympics,Female,Cathy Ann•Turner,Cathy•Turner,"10 April 1962 in Rochester, New York (USA)",,United States,82899,157 cm / 53 kg,,,,Nikki Newland,,,
1936 Winter Olympics,Female,Estelle D.•Weigel (-Schmitt),Estelle•Weigel,"18 November 1914 in Buffalo, New York (USA)","15 March 1967 in Buffalo, New York (USA)",United States,83018,,"Buffalo Skating Club, Buffalo (USA)",,,,,,
1932 Winter Olympics; 1936 Winter Olympics,Female,Louise E.•Weigel (-Atwill),Louise•Weigel,"26 August 1912 in Buffalo, New York (USA)","December 1982 in Buffalo, New York (USA)",United States,83019,,"Buffalo Skating Club, Buffalo (USA)",,,,,,
1968 Winter Olympics,Female,Ellen Louise•Williams (-Henry),Ellen•Williams,"14 June 1947 in Niskayuna, New York (USA)",,United States,83045,165 cm / 63 kg,,,,,,,
1994 Winter Olympics; 1998 Winter Olympics,Female,Laura M.•Wilson (-Todd),Laura•Wilson,"27 September 1969 in Utica, New York (USA)",,United States,83046,173 cm / 61 kg,"Sun Valley Ski Club, Sun Valley (USA)",,,,,,
1988 Winter Olympics,Female,"Susan Elizabeth ""Susie""•Wynne (-Barth)",Susie•Wynne,"6 March 1965 in Syracuse, New York (USA)",,United States,83069,157 cm / 52 kg,"Broadmoor Skating Club, Colorado Springs (USA)",,,,,,
1968 Winter Olympics,Female,Eileen Christina•Zillmer,Eileen•Zillmer,"15 December 1952 in West Point, New York (USA)",,West Germany,83121,170 cm / 49 kg,"Augsburger Panther, Augsburg (GER)",Bibi,,,,,
1988 Winter Olympics,Male,"Michael Charles ""Mike""•Aljoe",Mike•Aljoe,"7 March 1964 in Buffalo, New York (USA)",,United States,83538,185 cm / 100 kg,,,,,,,
1964 Winter Olympics,Male,"Reginald Joseph ""Reg""•Benham",Reg•Benham,"8 February 1941 in Lake Placid, New York (USA)",,United States,83998,183 cm / 82 kg,"Lake Placid BC, Lake Placid (USA)",,,,,,
1952 Winter Olympics,Male,"Stanley Delong ""Stan""•Benham",Stan•Benham,"21 December 1913 in Lake Placid, New York (USA)","22 April 1970 in Miami, Florida (USA)",United States,83999,,"Lake Placid BC, Lake Placid (USA)",,,,,,
1936 Winter Olympics; 1948 Winter Olympics; 1952 Winter Olympics; 1956 Winter Olympics,Male,"James John ""Jim""•Bickford, Jr.","Jim•Bickford, Jr.","2 November 1912 in Lake Placid, New York (USA)","3 October 1989 in Rainbow Lake, New York (USA)",United States,84108,,Adirondack Bobsled Club,,,,,,
1936 Winter Olympics,Male,"Max Theodore•Bly, Sr.","Max•Bly, Sr.","7 April 1905 in Lake George, New York (USA)","19 January 1987 in Duncanville, Texas (USA)",United States,84198,,"Lake Placid BC, Lake Placid (USA)",,,,,,
1932 Winter Olympics,Male,"Gail•Borden, II","Gail•Borden, II","19 February 1907 in New York, New York (USA)","11 September 1991 in Orange County, Florida (USA)",United States,84259,,,,,,,,
1976 Winter Olympics,Male,Peter John•Brennan,Peter•Brennan,"30 June 1942 in Newburgh, New York (USA)",,United States,84357,,,,,,,,
1936 Winter Olympics,Male,Ivan Elmore•Brown,Ivan•Brown,"17 April 1908 in Keene Valley, New York (USA)","22 May 1963 in Hartford, Connecticut (USA)",United States,84402,,Keene Valley Athletic Club,,,,,,
1976 Winter Olympics,Male,"Geoffrey Seabury ""Geoff""•Bruce",Geoff•Bruce,"26 January 1953 in Corning, New York (USA)",,United States,84408,176 cm / 67 kg,,,,,,,
1932 Winter Olympics,Male,Percy Dayton•Bryant,Percy•Bryant,"12 June 1897 in Saranac Lake, New York (USA)","5 June 1960 in Franklin Falls, New York (USA)",United States,84427,,"Saranac Lake ""Red Devil"" Bobsled Club, Saranac Lake (USA)",,,,,,
1956 Winter Olympics,Male,"Charles Thomas ""Tom""•Butler",Tom•Butler,"11 June 1932 in Saranac Lake, New York (USA)","21 November 2019 in ?, Florida (USA)",United States,84510,,,,,,,,
1964 Winter Olympics,Male,"Howard Wayne ""Buddy""•Campbell",Buddy•Campbell,"14 May 1943 in Huntington, New York (USA)",,United States,84572,177 cm / 73 kg,Demorra Speedskating Club,,,,,,
1984 Winter Olympics,Male,"Edward Frank ""Ed""•Card",Ed•Card,"16 December 1946 in Hudson, New York (USA)",,United States,84598,,Saranac Lake Bobsled Club,,,,,,
1948 Winter Olympics,Male,"Schuyler Anthony ""Sky""•Carron",Sky•Carron,"24 August 1921 in Lyon Mountain, New York (USA)","15 June 1964 in Plattsburgh, New York (USA)",United States,84634,,"Lake Placid BC, Lake Placid (USA)",,,,,,
1994 Winter Olympics,Male,Peter Anthony•Ciavaglia,Peter•Ciavaglia,"15 July 1969 in Albany, New York (USA)",,United States,84775,178 cm / 79 kg,"Rochester Americans, Rochester (USA)",,,,,,
1968 Winter Olympics,Male,Howard Vincent•Clifton,Howard•Clifton,"1 July 1939 in Albany, New York (USA)",20 August 1990,United States,84811,190 cm / 93 kg,Siena College,,,,,,
1948 Winter Olympics,Male,"James Stuart ""Jimmy""•Coats",Jimmy•Coats,"13 April 1894 in New York, New York (USA)","26 October 1966 in Westminster, England (GBR)",Great Britain,84815,,,,3rd Baronet Coates of Auchendrane,,,,
1992 Winter Olympics; 1994 Winter Olympics,Male,"Christopher T. ""Chris""•Coleman",Chris•Coleman,"18 February 1967 in Endicott, New York (USA)",,United States,84821,179 cm / 80 kg,,,,,,,
1936 Winter Olympics,Male,"Gilbert Bayard ""Gil""•Colgate, Jr.","Gil•Colgate, Jr.","21 December 1899 in New York, New York (USA)","9 October 1965 in New York, New York (USA)",United States,84823,,"Lake Placid BC, Lake Placid (USA)",,,,,,
1952 Winter Olympics,Male,"Howard Wallace•Crossett, Jr.","Howard•Crossett, Jr.","22 July 1918 in Whallonsburg, New York (USA)","30 June 1968 in Lebanon, New Hampshire (USA)",United States,84917,,Adirondack Bobsled Club,,,,,,
1968 Winter Olympics,Male,"Robert J. ""Bob""•Crowley",Bob•Crowley,"21 July 1942 in Jay, New York (USA)",,United States,84921,172 cm / 75 kg,Clarkson Tech,,,,,,
1948 Winter Olympics,Male,"William John ""Bill""•D'Amico",Bill•D'Amico,"3 October 1910 in Utica, New York (USA)","30 October 1984 in Lake Placid, New York (USA)",United States,84964,,"Lake Placid Sno-Birds, Lake Placid (USA)",,,,,,
1952 Winter Olympics; 1956 Winter Olympics,Male,"Arthur Donovan ""Art""•Devlin",Art•Devlin,"7 September 1922 in Lake Placid, New York (USA)","22 April 2004 in Lake Placid, New York (USA)",United States,85185,,"Lake Placid Sno-Birds, Lake Placid (USA)",,,,,,
1994 Winter Olympics,Male,"Phillip A. ""Phil""•Di Gaetano",Phil•Di Gaetano,"9 August 1963 in Roslyn, New York (USA)",,Italy,85187,185 cm / 93 kg,"HC Milano, Milano (ITA)",,,,,,
1992 Winter Olympics; 1994 Winter Olympics,Male,Robert Duncan•Douglas,Duncan•Douglas,"22 November 1965 in New York, New York (USA)",,United States,85281,173 cm / 70 kg,,Jacked Up Old Man,,,,,
1988 Winter Olympics,Male,Joseph Henry•Druar,Joseph•Druar,"5 September 1962 in Buffalo, New York (USA)",27 July 2023,United States,85303,170 cm / 64 kg,"Seattle Skating Club, Mountlake Terrace (USA)",,,,,,
1964 Winter Olympics,Male,"William Frederick ""Bill""•Dundon",Bill•Dundon,"16 March 1934 in Brownville, New York (USA)","5 January 2011 in Watertown, New York (USA)",United States,85332,183 cm / 80 kg,"Lake Placid BC, Lake Placid (USA)",,,,,,
1992 Winter Olympics; 1994 Winter Olympics; 2002 Winter Olympics,Male,"Michael Francis ""Mike""•Dunham",Mike•Dunham,"1 June 1972 in Johnson City, New York (USA)",,United States,85334,190 cm / 91 kg,"Maine Black Bears, Orono, Maine (USA)",,,,,,
1948 Winter Olympics,Male,"Donald Victor ""Don""•Dupree, Sr.","Don•Dupree, Sr.","10 February 1919 in Saranac Lake, New York (USA)","1 May 1993 in Saranac Lake, New York (USA)",United States,85344,,Saranac Lake Bobsled Club,,,,,,
1948 Winter Olympics,Male,"William Francis ""Bill""•Dupree",Bill•Dupree,"7 June 1909 in Saranac Lake, New York (USA)","25 February 1955 in Bound Brook, New Jersey (USA)",United States,85345,,Saranac Lake Bobsled Club,,,,,,
1968 Winter Olympics; 1972 Winter Olympics; 1976 Winter Olympics,Male,"Philip Michael ""Phil""•Duprey",Phil•Duprey,"6 February 1944 in Lake Placid, New York (USA)",,United States,85346,180 cm / 91 kg,,Bear,,,,,
1968 Winter Olympics,Male,John Robert•Ehrensbeck,John•Ehrensbeck,"19 September 1944 in Utica, New York (USA)",17 July 2021,United States,85434,183 cm / 83 kg,"US Army, (USA)",Louie,,,,,
1992 Winter Olympics,Male,John Ronald•Farra,John•Farra,"10 September 1970 in Saratoga Springs, New York (USA)",,United States,85624,179 cm / 73 kg,Maine Winter Sports Center,,,,,,
1976 Winter Olympics; 1980 Winter Olympics,Male,John Richard•Fee,John•Fee,"22 April 1951 in Plattsburgh, New York (USA)",,United States,85654,188 cm / 82 kg,U.S. Luge Association,,,,,,
1994 Winter Olympics,Male,Peter•Ferraro,Peter•Ferraro,"24 January 1973 in Port Jefferson, New York (USA)",,United States,85689,178 cm / 79 kg,"Maine Black Bears, Orono, Maine (USA)",,,,,,
1948 Winter Olympics; 1952 Winter Olympics,Male,"Frederick Joseph ""Fred""•Fortune, Jr.","Fred•Fortune, Jr.","1 April 1921 in Lake Placid, New York (USA)","20 April 1994 in Burlington, Vermont (USA)",United States,85795,,"Lake Placid BC, Lake Placid (USA)",,,,,,
1984 Winter Olympics,Male,Erroll Canute•Fraser,Erroll•Fraser,"30 July 1950 in New York, New York (USA)","24 December 2002 in Ginger Island, Little Sisters, British Virgin Islands (IVB)",British Virgin Islands,85824,,,,,,,,
1976 Winter Olympics,Male,Earl Peter•Frisbie,Earl•Frisbie,"2 April 1949 in Elizabethtown, New York (USA)",,United States,85859,,Elizabeth Bobsled Club,,,,,,
1980 Winter Olympics,Male,"Jeffrey ""Jeff""•Gadley",Jeff•Gadley,"14 June 1955 in Buffalo, New York (USA)",,United States,85900,175 cm / 82 kg,,,,,,,
1964 Winter Olympics; 1968 Winter Olympics; 1972 Winter Olympics,Male,"Michael Donald ""Mike""•Gallagher",Mike•Gallagher,"3 October 1941 in Yonkers, New York (USA)","3 October 2013 in Pittsfield, Vermont (USA)",United States,85917,183 cm / 80 kg,Durango Ski Club,,,,,,
1992 Winter Olympics,Male,Erik Christian•Gogstad,Erik•Gogstad,"7 May 1963 in New York, New York (USA)",,Norway,86112,,Viking Bobklubb,,,,,,
1928 Winter Olympics,Male,David•Granger,David•Granger,"26 June 1903 in New York, New York (USA)","27 September 2002 in New York, New York (USA)",United States,86190,,,,,,,,
1984 Winter Olympics; 1988 Winter Olympics,Male,Scott Chase•Gregory,Scott•Gregory,"31 July 1959 in Auburn, New York (USA)",,United States,86217,174 cm / 65 kg,"Skating Club of Wilmington, Wilmington (USA)",,,,,,
1984 Winter Olympics,Male,"Francis Louis ""Frank""•Hansen",Frank•Hansen,"9 August 1952 in Albany, New York (USA)",,United States,86442,,,,,,,,
1972 Winter Olympics,Male,"James John ""Jim""•Hickey, Jr.","Jim•Hickey, Jr.","13 November 1940 in Keene Valley, New York (USA)",,United States,86622,180 cm / 67 kg,"Lake Placid BC, Lake Placid (USA)",,,,,,
1980 Winter Olympics,Male,"Robert ""Bob""•Hickey",Bob•Hickey,"11 May 1952 in Keene Valley, New York (USA)",,United States,86623,183 cm / 86 kg,,,,,,,
1964 Winter Olympics; 1968 Winter Olympics,Male,"William David ""Bill""•Hickey",Bill•Hickey,"16 June 1936 in Keene Valley, New York (USA)",,United States,86624,186 cm / 82 kg,U.S. Air Force/Lake Placid Bobsled Club,,,,,,
1948 Winter Olympics,Male,"Thomas A. ""Tom""•Hicks",Tom•Hicks,"1 June 1918 in Lyon Mountain, New York (USA)","14 July 1992 in Essex, New York (USA)",United States,86626,,Miners Bobsled Club,,,,,,
1928 Winter Olympics,Male,Lyman Northrop•Hine,Lyman•Hine,"22 June 1888 in Brooklyn, New York, New York (USA)","5 March 1930 in Neuilly-sur-Seine, Hauts-de-Seine (FRA)",United States,86652,,,,,,,,
1976 Winter Olympics,Male,"William Gustav•Hollrock, III","William•Hollrock, III","15 February 1940 in White Plains, New York (USA)",,United States,86727,,"Lake Placid BC, Lake Placid (USA)",,,,,,
1932 Winter Olympics,Male,Henry Anton•Homburger,Henry•Homburger,"9 December 1902 in Saranac Lake, New York (USA)","14 September 1950 in Sacramento, California (USA)",United States,86755,,"Saranac Lake ""Red Devil"" Bobsled Club, Saranac Lake (USA)",,,,,,
1932 Winter Olympics,Male,"Edmund Carlton ""Ed""•Horton",Ed•Horton,"25 March 1895 in Saranac Lake, New York (USA)","26 May 1944 in Saranac Lake, New York (USA)",United States,87163,,"Saranac Lake ""Red Devil"" Bobsled Club, Saranac Lake (USA)",,,,,,
1968 Winter Olympics,Male,"Thomas Francis ""Tom""•Hurley",Tom•Hurley,"29 August 1944 in Massena, New York (USA)",,United States,87249,186 cm / 91 kg,"Clarkson Golden Knights, Potsdam (USA)",,,,,,
1968 Winter Olympics,Male,"Robert William ""Bob""•Huscher",Bob•Huscher,"23 January 1938 in Jamaica, New York, New York (USA)",,United States,87254,180 cm / 84 kg,"US Navy, (USA)",,,,,,
1956 Winter Olympics,Male,"Donald C.•Jacques, Jr.","Donald•Jacques, Jr.","10 May 1934 in Lake Placid, New York (USA)","4 December 1983 in Lake Placid, New York (USA)",United States,87428,,"US Army, (USA)",,,,,,
1928 Winter Olympics; 1932 Winter Olympics,Male,Irving Warren•Jaffee,Irving•Jaffee,"15 September 1906 in New York, New York (USA)","20 March 1981 in San Diego, California (USA)",United States,87432,,Amateur Skating Union,,,,,,
1924 Winter Olympics,Male,"Charles Henry ""Charley""•Jewtraw",Charley•Jewtraw,"5 May 1900 in Harkness, New York (USA)","26 January 1996 in Palm Beach, Florida (USA)",United States,87537,176 cm,"Lake Placid Speed Skating Club, Lake Placid (USA)",Chic,,,,,
1980 Winter Olympics,Male,"Jeffrey Robert ""Jeff""•Jordan",Jeff•Jordan,"29 May 1956 in Rockville Centre, New York (USA)",,United States,87641,,,,,,,,
1980 Winter Olympics; 1984 Winter Olympics,Male,"Jeffrey William ""Jeff""•Jost",Jeff•Jost,"2 January 1948 in New York, New York (USA)",,United States,87652,185 cm / 91 kg,,,,,,,
1936 Winter Olympics,Male,"August Frederick ""Fred""•Kammer, Jr.","Fred•Kammer, Jr.","3 June 1912 in Brooklyn, New York, New York (USA)","21 February 1996 in Hobe Sound, Florida (USA)",United States,87757,,"Princeton Tigers, Princeton (USA)",,,,,,
1972 Winter Olympics,Male,"Henry Charles ""Hank""•Kashiwa",Hank•Kashiwa,"26 May 1949 in Old Forge, New York (USA)",,United States,87820,170 cm / 66 kg,,,,,,,
1988 Winter Olympics; 1992 Winter Olympics; 1994 Winter Olympics; 1998 Winter Olympics,Male,"Alva Ross ""A J""•Kitt, IV",A J•Kitt,"13 September 1968 in Rochester, New York (USA)",,United States,87997,180 cm / 92 kg,Swain,,,,,,
1988 Winter Olympics; 1992 Winter Olympics,Male,"Jeffrey Ross ""Jeff""•Klaiber",Jeff•Klaiber,"15 February 1962 in Glen Cove, New York (USA)",,United States,88009,193 cm / 82 kg,"Evanston Speedskating Club, Evanston (USA)",,,,,,
1956 Winter Olympics; 1964 Winter Olympics,Male,"James Ernest ""Jim""•Lamy",Jim•Lamy,"30 May 1928 in Saranac Lake, New York (USA)","30 May 1992 in Corning, New York (USA)",United States,89385,183 cm / 114 kg,"Saranac Lake Bobsled Club, Saranac Lake (USA)",,,,,,
1968 Winter Olympics; 1972 Winter Olympics,Male,"William Thomas ""Bill""•Lanigan",Bill•Lanigan,"6 August 1947 in New York, New York (USA)",,United States,89414,178 cm / 69 kg,"US Army, (USA)",,,,,,
1948 Winter Olympics,Male,"Tuffield Albert ""Tuffy""•Latour",Tuffy•Latour,"18 November 1909 in Saranac Lake, New York (USA)","3 July 1965 in Franklin Falls, New York (USA)",United States,89451,,Saranac Lake Bobsled Club,,,,,,
1936 Winter Olympics,Male,"Richard Webster ""Dick""•Lawrence",Dick•Lawrence,"22 July 1906 in West Chazy, New York (USA)","June 1974 in Rochester, New York (USA)",United States,89472,,,,,,,,
1992 Winter Olympics,Male,"Charles ""Chuck""•Leonowicz",Chuck•Leonowicz,"16 January 1958 in Schenectady, New York (USA)","9 September 2000 in Saratoga, New York (USA)",United States,89567,183 cm / 86 kg,,,,,,,
1932 Winter Olympics,Male,"Robert Cambridge ""Bob""•Livingston",Bob•Livingston,"3 November 1908 in Lawrence, New York (USA)","2 April 1974 in New Canaan, Connecticut (USA)",United States,89692,,"Yale Bulldogs, New Haven (USA)",,,,,,
1968 Winter Olympics,Male,"Michael Lawrence ""Mickey""•Luce",Mickey•Luce,"5 September 1941 in Port Henry, New York (USA)",,United States,91925,177 cm / 84 kg,SUNY Plattsburgh,,,,,,
1960 Winter Olympics,Male,Craig Maurice•Lussi,Craig•Lussi,"22 February 1936 in Buffalo, New York (USA)",,United States,91975,,,,,,,,
1994 Winter Olympics,Male,Todd Michael•Marchant,Todd•Marchant,"12 August 1973 in Buffalo, New York (USA)",,United States,92128,178 cm / 75 kg,Clarkson Tech/New York Rangers,,,,,,
1948 Winter Olympics,Male,Leo James•Martin,Leo•Martin,"8 February 1921 in Louisville, New York (USA)","6 January 1981 in Rochester, New York (USA)",United States,92172,,Saranac Lake Bobsled Club,,,,,,
1948 Winter Olympics; 1952 Winter Olympics,Male,"Patrick Henry ""Pat""•Martin",Pat•Martin,"19 August 1923 in Louisville, New York (USA)","21 April 1987 in Massena, New York (USA)",United States,92174,,"Lake Placid Sno-Birds, Lake Placid (USA)",,,,,,
1936 Winter Olympics,Male,Robert Patrick•Martin,Robert•Martin,"1 December 1900 in Louisville, New York (USA)","26 November 1942 in Massena, New York (USA)",United States,92176,,"Lake Placid AC, Lake Placid (USA)",,,,,,
1964 Winter Olympics,Male,"Nicholas Paul ""Nick""•Mastromatteo",Nick•Mastromatteo,"13 September 1933 in Glen Cove, New York (USA)","16 June 2018 in Los Angeles, California (USA)",United States,95220,175 cm / 75 kg,"UCLA Bruins, Los Angeles (USA)",,,,,,
1952 Winter Olympics; 1956 Winter Olympics,Male,"Donald Joseph ""Don""•McDermott",Don•McDermott,"7 December 1929 in Bronx, New York (USA)",1 November 2020,United States,95298,,Grossinger Skating Club,,,,,,
1964 Winter Olympics,Male,"Charles Henry ""Charlie""•McDonald",Charlie•McDonald,"25 September 1932 in Malone, New York (USA)","15 March 1984 in Albany, New York (USA)",United States,95302,163 cm / 64 kg,Saranac Lake Bobsled Club,Chesty,,,,,
1956 Winter Olympics; 1964 Winter Olympics,Male,"Lawrence Raymond ""Larry""•McKillip",Larry•McKillip,"25 July 1924 in Saranac Lake, New York (USA)","19 October 1986 in Fruitland Park, Florida (USA)",United States,95322,187 cm / 89 kg,Saranac Lake Bobsled Club,,,,,,
1972 Winter Olympics,Male,Mark William•Militano,Mark•Militano,"28 March 1954 in Rockville Centre, New York (USA)",,United States,95452,167 cm / 65 kg,"Skating Club of New York, New York (USA)",,,,,,
1952 Winter Olympics; 1956 Winter Olympics,Male,Hubert Gene•Miller,Hubert•Miller,"24 February 1918 in Saranac Lake, New York (USA)",18 November 2000,United States,95458,,Saranac Lake Bobsled Club,,,,,,
1968 Winter Olympics; 1972 Winter Olympics,Male,"James George ""Jim""•Miller",Jim•Miller,"10 November 1947 in Syracuse, New York (USA)",,United States,95460,165 cm / 63 kg,"Chisholm Ski Club, Rumford (USA)",,,,,,
1932 Winter Olympics,Male,"Robert Henry ""Bob""•Minton",Bob•Minton,"13 July 1904 in Lawrence, New York (USA)","2 September 1974 in New York, New York (USA)",United States,95475,,,,,,,,
1924 Winter Olympics,Male,"Joseph John ""Joe""•Moore",Joe•Moore,"12 January 1901 in New York, New York (USA)","28 April 1982 in New York, New York (USA)",United States,95561,170 cm,"181st Street Ice Palace, New York (USA)",,,,,,
1976 Winter Olympics,Male,"James Patrick ""Jimmy""•Morgan",Jimmy•Morgan,"11 December 1948 in Saranac Lake, New York (USA)","8 February 1981 in Cortina d'Ampezzo, Belluno (ITA)",United States,95574,,Saranac Lake Bobsled Club,Nitro,,,,,
1972 Winter Olympics,Male,"Kenneth Joseph ""Ken""•Morris",Ken•Morris,"19 August 1942 in New York, New York (USA)",,United States,95587,183 cm / 79 kg,"US Navy, (USA)",,,,,,
1932 Winter Olympics,Male,"Raymond J. ""Ray""•Murray",Ray•Murray,"14 June 1910 in New York, New York (USA)","9 March 1960 in Ridgewood, New Jersey (USA)",United States,95653,,,,,,,,
1984 Winter Olympics; 1988 Winter Olympics,Male,"Timothy Francis ""Tim""•Nardiello",Tim•Nardiello,"5 October 1960 in Lake Placid, New York (USA)",,United States,95748,179 cm / 77 kg,LFF Rodel Club,,,,,,
1932 Winter Olympics,Male,"Francis Augustus ""Frank""•Nelson, Jr.","Frank•Nelson, Jr.","24 January 1910 in New York, New York (USA)","9 March 1973 in Upper Montclair, New Jersey (USA)",United States,95784,,"Yale Bulldogs, New Haven (USA)",,,,,,
1928 Winter Olympics; 1932 Winter Olympics,Male,"James Jay ""J. J.""•O'Brien",J. J.•O'Brien,"22 February 1883 in New York, New York (USA)","5 April 1940 in Palm Beach, Florida (USA)",United States,95948,,,,,,,,
1964 Winter Olympics,Male,"James Warner ""Jim""•Page",Jim•Page,"29 May 1941 in Lake Placid, New York (USA)",,United States,96140,175 cm / 64 kg,"Lake Placid Ski Club, Lake Placid (USA)",,,,,,
1964 Winter Olympics,Male,"Charles William ""Chuck""•Pandolph",Chuck•Pandolph,"27 December 1923 in Saranac Lake, New York (USA)","22 April 1973 in Saranac Lake, New York (USA)",United States,96178,175 cm / 93 kg,Adirondack Bobsled Club,,,,,,
1928 Winter Olympics,Male,"Richard Averell ""Dick""•Parke",Dick•Parke,"13 December 1893 in Staten Island, New York (USA)","23 August 1950 in Samedan, Graubünden (SUI)",United States,96214,,,,,,,,
1968 Winter Olympics,Male,Ion Henri•Pervilhac Fournier,Ion•Pervilhac Fournier,"28 May 1947 in New York, New York (USA)",,France,96349,177 cm / 65 kg,,,,,,,
1992 Winter Olympics; 1994 Winter Olympics,Male,Robert Erik•Pipkins,Robert•Pipkins,"23 February 1973 in Buffalo, New York (USA)",,United States,96449,178 cm / 75 kg,,,,,,,
1988 Winter Olympics,Male,Scott F.•Pladel,Scott•Pladel,"25 November 1962 in Albany, New York (USA)",,United States,96461,190 cm / 95 kg,,,,,,,
1932 Winter Olympics; 1936 Winter Olympics,Male,Allan Wilson•Potts,Allan•Potts,"14 May 1904 in Brooklyn, New York, New York (USA)","5 November 1952 in New York, New York (USA)",United States,96552,,"Brooklyn Ice Palace, New York (USA)",,,,,,
1976 Winter Olympics,Male,John Robert•Proctor,John•Proctor,"2 November 1950 in Plattsburgh, New York (USA)",,United States,96601,,"US Air Force, (USA)",,,,,,
1968 Winter Olympics,Male,"Jay J.•Rand, II",Jay•Rand,"4 March 1950 in Lake Placid, New York (USA)",,United States,96715,178 cm / 77 kg,,,,,,,
1948 Winter Olympics,Male,"Edward William ""Ed""•Rimkus",Ed•Rimkus,"10 August 1913 in Schenectady, New York (USA)","17 May 1999 in Long Beach, California (USA)",United States,96865,,"Lake Placid Sno-Birds, Lake Placid (USA)",,,,,,
1964 Winter Olympics,Male,"Neil Robert ""Bob""•Rogers",Bob•Rogers,"15 January 1923 in Saranac Lake, New York (USA)","14 December 1995 in Saranac Lake, New York (USA)",United States,96917,180 cm / 96 kg,Saranac Lake Bobsled Club,,,,,,
1984 Winter Olympics,Male,"Ronald A ""Ron""•Rossi",Ron•Rossi,"2 December 1956 in Bronx, New York (USA)",,United States,96960,183 cm / 93 kg,,,,,,,
1988 Winter Olympics,Male,"Matthew Spencer ""Matt""•Roy",Matt•Roy,"16 April 1959 in New York, New York (USA)",,United States,96977,178 cm / 86 kg,,,,,,,
1976 Winter Olympics; 1980 Winter Olympics; 1984 Winter Olympics; 1988 Winter Olympics,Male,Brent Donald•Rushlaw,Brent•Rushlaw,"16 September 1951 in Saranac Lake, New York (USA)",,United States,97011,178 cm / 89 kg,Saranac Lake Bobsled Club,Stuntman,,,,,
1968 Winter Olympics; 1972 Winter Olympics,Male,"Boris Robert ""Bob""•Said, Jr.",Bob•Said,"5 May 1932 in New York, New York (USA)","24 March 2002 in Kirkland, Washington (USA)",United States,97079,183 cm / 86 kg,"Princeton Tigers, Princeton (USA)",,,,,,
1980 Winter Olympics; 1984 Winter Olympics,Male,Scott Alan•Sánchez Saunders,Scott Alan•Sánchez,"18 January 1959 in New York, New York (USA)",,Bolivia,97139,185 cm / 72 kg,"Utah Utes, Salt Lake City (USA)",,,,,,
1932 Winter Olympics,Male,Joseph Knebel•Savage (-Staples),Joseph•Savage,"21 May 1879 in New York, New York (USA)","10 March 1956 in Asbury Park, New Jersey (USA)",United States,97197,,,,,,,,
1968 Winter Olympics,Male,Paul Dillon•Savage,Paul•Savage,"28 May 1935 in Au Sable Forks, New York (USA)",,United States,97199,180 cm / 93 kg,"Lake Placid BC, Lake Placid (USA)",,,,,,
1994 Winter Olympics; 2002 Winter Olympics; 2006 Winter Olympics,Male,Erik•Schlopy,Erik•Schlopy,"21 August 1972 in Buffalo, New York (USA)",,United States,97266,178 cm / 86 kg,Team Og,,,,,,
1988 Winter Olympics; 1992 Winter Olympics; 1994 Winter Olympics,Male,"Curtis John ""Curt""•Schreiner",Curt•Schreiner,"9 March 1967 in Albany, New York (USA)",,United States,97314,175 cm / 75 kg,,,,,,,
1952 Winter Olympics,Male,"Robert Joseph ""Joe""•Scott",Joe•Scott,"31 August 1922 in Au Sable Forks, New York (USA)","16 October 2000 in Plattsburgh, New York (USA)",United States,97385,,,,,,,,
1972 Winter Olympics,Male,"Gordon Peter ""Pete""•Sears",Pete•Sears,"14 March 1947 in Lake Placid, New York (USA)",,United States,97390,180 cm / 82 kg,"Oswego State Lakers, Oswego (USA)",,,,,,
1952 Winter Olympics,Male,"Maurice Richard ""Dick""•Severino",Dick•Severino,"17 November 1919 in New York, New York (USA)","28 August 2005 in Saratoga Springs, New York (USA)",United States,97452,,"US Air Force, (USA)",,,,,,
1964 Winter Olympics,Male,"James Edmund ""Jim""•Shea, Sr.",Jim•Shea,"22 June 1938 in Lake Placid, New York (USA)",,United States,97474,185 cm / 75 kg,"Lake Placid Ski Club, Lake Placid (USA)",,,,,,
1932 Winter Olympics,Male,"John Amos ""Jack""•Shea",Jack•Shea,"7 September 1910 in Lake Placid, New York (USA)","22 January 2002 in Saranac Lake, New York (USA)",United States,97475,,"Dartmouth Big Green, Hanover (USA)",,,,,,
1992 Winter Olympics; 1994 Winter Olympics; 1998 Winter Olympics,Male,"Gordon M. ""Gordy""•Sheer",Gordy•Sheer,"9 June 1971 in White Plains, New York (USA)",,United States,97478,178 cm / 66 kg,,,,,,,
1936 Winter Olympics,Male,John J.•Shene,John•Shene,"17 January 1901 in Wilmington, New York (USA)","17 January 1968 in Lake Placid, New York (USA)",United States,97484,,Adirondack Bobsled Club,,,,,,
1932 Winter Olympics,Male,Carl Francis•Springer,Carl•Springer,"10 November 1910 in Brooklyn, New York, New York (USA)","2 September 1980 in Glendale, California (USA)",United States,97740,,"Brooklyn Ice Palace, New York (USA)",,,,,,
1932 Winter Olympics,Male,Curtis Palmer•Stevens,Curtis•Stevens,"1 June 1898 in Lake Placid, New York (USA)","15 May 1979 in Saranac Lake, New York (USA)",United States,97837,,,,,,,,
1932 Winter Olympics,Male,Francis Paul•Stevens,Paul•Stevens,"16 October 1889 in Lake Placid, New York (USA)","17 March 1949 in Schenectady, New York (USA)",United States,97839,,"Saranac Lake ""Red Devil"" Bobsled Club, Saranac Lake (USA)",,,,,,
1932 Winter Olympics; 1936 Winter Olympics,Male,John Hubert•Stevens,Hubert•Stevens,"7 March 1890 in Lake Placid, New York (USA)","26 November 1950 in Lake Placid, New York (USA)",United States,97841,,,,,,,,
1994 Winter Olympics; 1998 Winter Olympics,Male,"David ""Dave""•Tamburrino",Dave•Tamburrino,"19 September 1972 in Saratoga Springs, New York (USA)",,United States,98136,167 cm / 67 kg,"Saratoga Winter Club, Saratoga Springs (USA)",,,,,,
1932 Winter Olympics,Male,"Herbert George ""Herb""•Taylor",Herb•Taylor,"20 December 1906 in New York, New York (USA)","26 January 1981 in Palo Alto, California (USA)",United States,98182,180 cm / 81 kg,"Iceland Skating Club, New York (USA)",,,,,,
1980 Winter Olympics,Male,"Jeffrey Paul ""Jeff""•Tucker",Jeff•Tucker,"10 December 1956 in White Plains, New York (USA)",,United States,98420,188 cm / 84 kg,U.S. Luge Association,,,,,,
1956 Winter Olympics,Male,"Arthur Walter ""Art""•Tyler",Art•Tyler,"26 July 1915 in Utica, New York (USA)","23 August 2008 in Henderson, Nevada (USA)",United States,98448,,Adirondack Bobsled Club,,,,,,
1936 Winter Olympics; 1948 Winter Olympics,Male,"Francis William ""Frank""•Tyler",Frank•Tyler,"11 December 1904 in Lake Placid, New York (USA)","11 April 1956 in Lake Placid, New York (USA)",United States,98449,,"Lake Placid Sno-Birds, Lake Placid (USA)",,,,,,
1960 Winter Olympics,Male,Arnold Howard•Uhrlass,Arnold•Uhrlass,"19 October 1931 in Yonkers, New York (USA)",,United States,98468,183 cm / 77 kg,Grand Street Boys Club,,,,,,
1948 Winter Olympics,Male,"Herbert Terrell ""Herb""•VanIngen",Herb•VanIngen,"17 November 1924 in Manhattan, New York, New York (USA)","8 January 2010 in Greenwich, Connecticut (USA)",United States,98549,,"Dartmouth Big Green, Hanover (USA)",,,,,,
1960 Winter Olympics,Male,"Alfred Leo•Vincelette, Jr.","Alfred•Vincelette, Jr.","11 June 1935 in West Point, New York (USA)","7 January 1997 in Sun Valley, Idaho (USA)",United States,98656,,,,,,,,
1968 Winter Olympics,Male,Roy Charles•Wagelein,Roy•Wagelein,"19 October 1943 in New York, New York (USA)","26 June 2008 in Phoenix, Arizona (USA)",United States,98759,183 cm / 83 kg,"LAFSC, Los Angeles (USA)",,,,,,
1936 Winter Olympics,Male,"Alan Morgan ""Al""•Washbond",Al•Washbond,"14 October 1899 in Keene Valley, New York (USA)","30 July 1965 in Plattsburgh, New York (USA)",United States,98830,,Keene Valley Athletic Club,,,,,,
1956 Winter Olympics,Male,"Waightman Alan ""Bud""•Washbond",Bud•Washbond,"30 March 1924 in Keene Valley, New York (USA)","18 August 2006 in Wethersfield, Connecticut (USA)",United States,98831,168 cm / 73 kg,"Lake Placid Sno-Birds, Lake Placid (USA)",,,,,,
1936 Winter Olympics,Male,"Albert Lincoln ""Link""•Washburn",Link•Washburn,"15 June 1911 in New York, New York (USA)","30 January 2007 in Seattle, Washington (USA)",United States,98832,,"Dartmouth Big Green, Hanover (USA)",,,,,,
1992 Winter Olympics; 1994 Winter Olympics,Male,"Randolph C. ""Randy""•Will",Randy•Will,"24 August 1964 in Plainview, New York (USA)",,United States,98962,178 cm / 79 kg,,,,,,,
1988 Winter Olympics,Male,"Alexander Dean ""Alex""•Williams",Alex•Williams,"25 October 1963 in Rochester, New York (USA)",,United States,98965,185 cm / 82 kg,,,,,,,
1968 Winter Olympics,Male,Edward Gustave•Williams,Edward•Williams,"26 July 1942 in Kingston, New York (USA)",,United States,98968,183 cm / 75 kg,Rosendale Nordic Ski club,,,,,,
1960 Winter Olympics,Male,"Joseph Peter ""Joe Pete""•Wilson, Sr.",Joe Pete•Wilson,"22 May 1935 in Lake Placid, New York (USA)","13 September 2019 in Keene, New York (USA)",United States,98974,,"US Army, (USA)",,,,,,
1992 Winter Olympics; 1994 Winter Olympics,Male,"Jeffrey T. ""Jeff""•Woodard",Jeff•Woodard,"1 December 1964 in Albany, New York (USA)",,United States,99031,188 cm / 104 kg,,,,,,,
1968 Winter Olympics; 1972 Winter Olympics,Male,John Frederic•Wurster,John•Wurster,"12 January 1948 in Schenectady, New York (USA)",,United States,99050,175 cm / 73 kg,"US Air Force, (USA)",,,,,,
1968 Winter Olympics,Male,"Richard August ""Richie""•Wurster",Richie•Wurster,"27 August 1942 in Schenectady, New York (USA)",,United States,99051,175 cm / 73 kg,Balston Spa Arizona,Richie,,,,,
1992 Winter Olympics; 1994 Winter Olympics; 1998 Winter Olympics; 2002 Winter Olympics,Male,Paul Anthony•Zar,Paul•Zar,"2 July 1967 in New York, New York (USA)",,United States Virgin Islands,99176,180 cm / 86 kg,,,,,,,
1998 Winter Olympics,Male,William•Schenker,William•Schenker,"14 February 1958 in Brooklyn, New York, New York (USA)",,Puerto Rico,99525,180 cm / 81 kg,,,,,,,
1998 Winter Olympics,Male,"Robert ""Rob""•Rosser",Rob•Rosser,"11 April 1969 in Plattsburgh, New York (USA)",,United States,99629,178 cm / 75 kg,Bend Biathlon,,,,,,
1998 Winter Olympics,Male,"Ronald C. ""Ron""•Chiodi",Ron•Chiodi,"24 November 1974 in Fairport, New York (USA)",,United States,99711,173 cm / 73 kg,,,,,,,
1998 Winter Olympics,Female,Barrett•Christy (-Cummins),Barrett•Christy,"3 February 1971 in Buffalo, New York (USA)",,United States,99729,157 cm / 50 kg,,,,,,,
1998 Winter Olympics; 2002 Winter Olympics,Female,Lisa D.•Kosglow,Lisa•Kosglow,"18 October 1973 in New York, New York (USA)",,United States,99766,160 cm / 52 kg,Eldora Mountain Ski Club,,,,,,
1998 Winter Olympics,Male,"Alexander ""Alex""•Wilson",Alex•Wilson,"15 July 1974 in Buffalo, New York (USA)",,United States,99778,172 cm / 73 kg,,,,,,,
1998 Winter Olympics,Male,Casey•Colby,Casey•Colby,"3 November 1974 in Lake Placid, New York (USA)",,United States,99877,180 cm / 70 kg,,,,,,,
1998 Winter Olympics; 2002 Winter Olympics; 2006 Winter Olympics; 2010 Winter Olympics; 2014 Winter Olympics,Male,"William ""Bill""•Demong",Bill•Demong,"29 March 1980 in Saranac Lake, New York (USA)",,United States,99983,178 cm / 66 kg,Lake Placid Ski Club/Colorado Mountain College,,,,,,
1998 Winter Olympics; 2002 Winter Olympics,Female,Erin•Porter (-Bembry),Erin•Porter,"12 December 1978 in Saratoga Springs, New York (USA)",,United States,100226,155 cm / 52 kg,,,,,,,
1998 Winter Olympics; 2002 Winter Olympics,Female,"Christina ""Chris""•Bailey",Chris•Bailey,"5 February 1972 in Marietta, New York (USA)",,United States,100452,167 cm / 73 kg,,,,,,,
1998 Winter Olympics; 2002 Winter Olympics,Male,Adam•Heidt,Adam•Heidt,"11 October 1977 in Huntington, New York (USA)",,United States,100472,178 cm / 90 kg,,,,,,,
1998 Winter Olympics,Male,"Lawrence ""Larry""•Dolan",Larry•Dolan,"8 July 1975 in Plattsburgh, New York (USA)",,United States,100488,167 cm / 70 kg,,,,,,,
1998 Winter Olympics; 2006 Winter Olympics,Male,Mathieu David•Schneider,Mathieu•Schneider,"12 June 1969 in Manhattan, New York, New York (USA)",,United States,100724,180 cm / 85 kg,"Toronto Maple Leafs, Toronto (CAN) / Detroit Red Wings, Detroit (USA)",,,,,,
2002 Winter Olympics; 2006 Winter Olympics,Male,Travis•Mayer,Travis•Mayer,"22 February 1982 in Springville, New York (USA)",,United States,101342,178 cm / 68 kg,Steamboat Springs Winter Sports Club/Cornell University,,,,,,
2002 Winter Olympics,Male,Thomas•Vonn,Thomas•Vonn,"3 December 1975 in New York, New York (USA)",,United States,101528,185 cm / 86 kg,New York Ski Ed. Foundation,,,,,,
2002 Winter Olympics,Male,Lincoln Clark•DeWitt,Lincoln•DeWitt,"24 April 1967 in Syracuse, New York (USA)",,United States,101699,188 cm / 79 kg,,,,,,,
2002 Winter Olympics,Male,"Michalis Panagiotis ""Michael""•Voudouris",Michael•Voudouris,"26 March 1960 in New York, New York (USA)",,Greece,101715,180 cm / 80 kg,,,,,,Μιχάλης Παναγιώτης•Βουδούρης,
2002 Winter Olympics,Female,Sarah Elizabeth•Hughes,Sarah•Hughes,"2 May 1985 in Manhasset, New York (USA)",,United States,101842,160 cm,"Skating Club of New York, New York (USA)",,,,,,
2002 Winter Olympics; 2006 Winter Olympics,Female,Silvia•Fontana (-Zimmerman),Silvia•Fontana,"3 December 1976 in New York, New York (USA)",,Italy,101847,158 cm / 55 kg,HIL Valle d'Aoste,,,,,,
2002 Winter Olympics; 2006 Winter Olympics,Female,Jillian Rachelle•Vogtli,Jillian•Vogtli,"26 May 1973 in Buffalo, New York (USA)",,United States,101990,165 cm / 64 kg,"Holiday Valley Training Center/SUNY Brockport, Clayton College of Natural Health",,,,,,
2002 Winter Olympics,Female,Lisa Ann•Richardson (-Schmidt),Lisa•Richardson,"23 June 1966 in Schenectady, New York (USA)",,Denmark,102007,155 cm / 60 kg,"Hvidovre CC, Hvidovre (DEN)",,,,,,
2002 Winter Olympics; 2006 Winter Olympics; 2010 Winter Olympics; 2014 Winter Olympics,Female,Julie Wu•Chu,Julie•Chu,"13 March 1982 in New York, New York (USA)",,United States,102172,173 cm / 67 kg,"Harvard Crimson, Cambridge (USA) / Minnesota Whitecaps, Minneapolis (USA) / Montréal Canadiennes, Montréal (CAN)",,,,,,
2002 Winter Olympics,Female,Andrea•Kilbourne (-Hill),Andrea•Kilbourne,"19 April 1980 in Saranac Lake, New York (USA)",,United States,102175,167 cm / 79 kg,,,,,,,
2002 Winter Olympics,Male,Aaron Michael•Miller,Aaron•Miller,"11 August 1971 in Buffalo, New York (USA)",,United States,102354,190 cm / 91 kg,"Los Angeles Kings, Los Angeles (USA)",,,,,,
2006 Winter Olympics; 2010 Winter Olympics; 2014 Winter Olympics; 2018 Winter Olympics,Male,"Timothy John ""Tim""•Burke",Tim•Burke,"3 February 1982 in Paul Smiths, New York (USA)",,United States,109631,180 cm / 73 kg,Lake Placid Biathlon,,,,,,
2006 Winter Olympics; 2010 Winter Olympics; 2018 Winter Olympics,Male,"Adam Joseph ""AJ""•Rosen",AJ•Rosen,"12 April 1984 in New Rochelle, New York (USA)",19 December 2021,Great Britain,109695,188 cm / 80-86 kg,,,,,,,
2006 Winter Olympics,Female,"Samantha ""Sam""•Retrosi",Sam•Retrosi,"12 December 1985 in Saratoga, New York (USA)",,United States,109953,167 cm / 57 kg,,,,,,,
2006 Winter Olympics; 2010 Winter Olympics; 2014 Winter Olympics; 2018 Winter Olympics,Female,Erin Mullady•Hamlin (-Hodges),Erin•Hamlin,"19 November 1986 in New Hartford, New York (USA)",,United States,109957,170 cm / 65-71 kg,"Empire State College, Saratoga Springs (USA)",,,,,,
2006 Winter Olympics,Female,Kathleen•Kauth,Kathleen•Kauth,"28 March 1979 in Saratoga Springs, New York (USA)",,United States,110238,173 cm / 68 kg,"Markham Thunder, Markham (CAN)",,,,,,
2006 Winter Olympics,Female,"Kimberly Michelle ""Kim""•Insalaco (-Legg)",Kim•Insalaco,"4 November 1980 in Rochester, New York (USA)",,United States,110240,165 cm / 59 kg,"Brown Bears, Providence (USA)",,,,,,
2006 Winter Olympics,Male,Carl•Van Loan,Carl•Van Loan,"20 August 1980 in Utica, New York (USA)",,United States,110367,180 cm / 70 kg,Andover Outing Club,,,,,,
2006 Winter Olympics,Male,"Anthony Charles ""Tony""•Tuzzolino",Tony•Tuzzolino,"9 October 1975 in Buffalo, New York (USA)",,Italy,110513,194 cm / 90 kg,"MODO Hockey, Örnsköldsvik (SWE)",,,,,,
2006 Winter Olympics; 2018 Winter Olympics,Male,Brian Joseph•Gionta,Brian•Gionta,"18 January 1979 in Rochester, New York (USA)",,United States,110628,170 cm / 79 kg,"New Jersey Devils, Newark (USA)",,,,,,
2006 Winter Olympics,Male,Craig Michael•Conroy,Craig•Conroy,"4 September 1971 in Potsdam, New York (USA)",,United States,110630,188 cm / 91 kg,"Los Angeles Kings, Los Angeles (USA)",Turbo,,,,,
2006 Winter Olympics,Male,Erik Thomas•Cole,Erik•Cole,"6 November 1978 in Oswego, New York (USA)",,United States,110633,188 cm / 91 kg,"Carolina Hurricanes, Raleigh (USA)",,,,,,
2006 Winter Olympics,Male,Robert L.•Esche,Robert•Esche,"22 January 1978 in Utica, New York (USA)",,United States,110637,185 cm / 95 kg,"Philadelphia Flyers, Philadelphia (USA)",Chico,,,,,
2006 Winter Olympics; 2010 Winter Olympics; 2014 Winter Olympics,Male,Anders•Johnson,Anders•Johnson,"23 April 1989 in Plattsburgh, New York (USA)",,United States,110835,190 cm / 75 kg,National Sports Foundation,,,,,,
2006 Winter Olympics,Female,Emily Anne•Hughes (-Mukherjee),Emily•Hughes,"26 January 1989 in Great Neck, New York (USA)",,United States,110863,165 cm,"Skating Club of New York, New York (USA)",,,,,,
2006 Winter Olympics; 2010 Winter Olympics,Male,"Steven Michael ""Steve""•Mesler",Steve•Mesler,"27 August 1978 in Buffalo, New York (USA)",,United States,110987,188 cm / 98 kg,"Florida Gators, Gainesville (USA)",,,,,,
1952 Winter Olympics,Male,"Floyd Edward ""Hank""•Whisher",Hank•Whisher,"23 June 1927 in Au Sable Forks, New York (USA)","26 October 1991 in Houston, Texas (USA)",United States,111132,196 cm / 145 kg,Au Sable Bobsled Club,,,,,,
2010 Winter Olympics; 2014 Winter Olympics; 2018 Winter Olympics,Male,Andrew Merrifield•Weibrecht,Andrew•Weibrecht,"10 February 1986 in Saranac Lake, New York (USA)",,United States,118320,170 cm / 86 kg,"New York Ski Education Foundation, United States / Dartmouth","War Horse, The Wombat",,,,,
2010 Winter Olympics,Male,John•Napier,John•Napier,"12 December 1986 in Schenectady, New York (USA)",,United States,118666,190 cm / 100 kg,Ashford,,,,,,
2010 Winter Olympics,Female,Caitlin•Compton (-Gregg),Caitlin•Compton,"7 November 1980 in New York, New York (USA)",,United States,118744,165 cm / 57 kg,"CXC Ski Team, United States / Northern Michigan University",,,,,,
2010 Winter Olympics,Male,Errol•Kerr,Errol•Kerr,"12 April 1986 in Brooklyn, New York, New York (USA)",,Jamaica,118971,175 cm / 95 kg,,,,,,,
2010 Winter Olympics,Male,Matt•Depeters,Matt•Depeters,"20 August 1987 in Buffalo, New York (USA)",,United States,118998,172 cm / 70 kg,Buffalo Ski Club,,,,,,
2010 Winter Olympics,Female,Amanda•Evora,Amanda•Evora,"17 November 1984 in New York, New York (USA)",,United States,119054,152 cm / 45 kg,"Southwest Florida FSC, Ellenton, Florida (USA)",,,,,,
2010 Winter Olympics; 2014 Winter Olympics,Male,Dustin James•Brown,Dustin•Brown,"4 November 1984 in Ithaca, New York (USA)",,United States,119196,183 cm / 94 kg,"Los Angeles Kings, Los Angeles (USA)",,,,,,
2010 Winter Olympics; 2014 Winter Olympics,Male,Patrick Timothy•Kane,Patrick•Kane,"19 November 1988 in Buffalo, New York (USA)",,United States,119335,180 cm / 82 kg,"Chicago Blackhawks, Chicago (USA)",Buzz,,,,,
2010 Winter Olympics; 2014 Winter Olympics,Male,Ryan•Callahan,Ryan•Callahan,"21 March 1985 in Rochester, New York (USA)",,United States,119361,180 cm / 86 kg,"New York Rangers, New York (USA)",,,,,,
2010 Winter Olympics; 2014 Winter Olympics; 2018 Winter Olympics,Male,John•Daly,John•Daly,"10 June 1985 in Queens, New York, New York (USA)",,United States,119498,175 cm / 79 kg,Plattsburgh State,,,,,,
2010 Winter Olympics; 2014 Winter Olympics,Male,Peter•Frenette,Peter•Frenette,"24 February 1992 in Port Jefferson, New York (USA)",,United States,119538,183 cm / 66 kg,"New York Ski Education Foundation, United States",,,,,,
2010 Winter Olympics,Male,Trevor•Marsicano,Trevor•Marsicano,"5 April 1989 in Ballston Springs, New York (USA)",,United States,119737,172 cm / 75 kg,,,,,,,
2014 Winter Olympics,Male,Gary Charles•di Silvestri,Gary•di Silvestri,"3 February 1967 in Staten Island, New York (USA)",,Dominica,127630,183 cm / 82 kg,,,,,,,
2014 Winter Olympics,Female,Isabella•Tobias,Isabella•Tobias,"23 August 1991 in New York, New York (USA)",,Lithuania,128147,161 cm,"Baltų ainiai, Kaunas (LTU)",,,,,,
2014 Winter Olympics; 2018 Winter Olympics,Female,Nicole•Rajičová (Rajic-),Nicole•Rajičová,"13 August 1995 in Garden City, New York (USA)",,Slovakia,128562,162 cm / 56 kg,"ŠKP Bratislava, Bratislava (SVK)",,,Nicole Rajic,,,
2014 Winter Olympics; 2018 Winter Olympics; 2022 Winter Olympics,Female,Devin Marie•Logan,Devin•Logan,"17 February 1993 in Oceanside, New York (USA)",,United States,128702,178 cm / 82 kg,"Westminster College (USA) / Mount Snow Academy, West Dover (USA)",D-Lo,,,,,
2014 Winter Olympics; 2018 Winter Olympics,Female,Maia Harumi•Shibutani,Maia•Shibutani,"20 July 1994 in New York, New York (USA)",,United States,128721,160 cm / 52 kg,University of Michigan,,,,,,
2014 Winter Olympics,Female,Felicia•Zhang,Felicia•Zhang,"22 September 1993 in Bronx, New York (USA)",,United States,128723,155 cm / 46 kg,University of South Florida,,,,,,
2014 Winter Olympics,Female,Josephine•Pucci,Josephine•Pucci,"27 December 1990 in Queens, New York, New York (USA)",,United States,128735,173 cm / 68 kg,"Harvard Crimson, Cambridge (USA)",,,,,,
2014 Winter Olympics,Male,Kevin Michael•Shattenkirk,Kevin•Shattenkirk,"29 January 1989 in New Rochelle, New York (USA)",,United States,128746,180 cm / 94 kg,"St. Louis Blues, St. Louis (USA)",,,,,,
2014 Winter Olympics,Male,Aidan•Kelly,Aidan•Kelly,"6 September 1994 in West Islip, New York (USA)",,United States,128752,185 cm / 79 kg,DeVry University,,,,,,
2014 Winter Olympics; 2018 Winter Olympics,Male,"Matthew ""Matt""•Mortensen",Matt•Mortensen,"11 December 1985 in Huntington Station, New York (USA)",,United States,128753,183 cm / 85 kg,"US Army, (USA)",,,,,,
2014 Winter Olympics,Female,"Jacqueline ""Jackie""•Hernandez",Jackie•Hernandez,"2 December 1992 in Troy, New York (USA)",,United States,128766,183 cm / 96 kg,Westminster College,,,,,,
2014 Winter Olympics,Female,"Taylor Riley ""Ty""•Walker",Ty•Walker,"3 March 1997 in Smithtown, New York (USA)",,United States,128769,157 cm / 61 kg,USSA Team Academy,Tiny,,,,,
2018 Winter Olympics,Male,Björn•Krupp,Björn•Krupp,"6 March 1991 in Buffalo, New York (USA)",,Germany,137301,191 cm / 92 kg,Grizzlys Wolfsburg (DEL),"Kruppa, Uwe, B",,,,,
2018 Winter Olympics,Female,Paige•Conners,Paige•Conners,"9 April 2000 in Pittsford, New York (USA)",,Israel,137368,165 cm,"Ice Holon, Holon (ISR)",,,,,פייג'•קונרס,
2018 Winter Olympics,Male,Codie•Bascue,Codie•Bascue,"13 July 1994 in Glens Falls, New York (USA)",,United States,138260,175 cm / 94 kg,,,,,,,
2018 Winter Olympics,Female,Morgan•Schild,Morgan•Schild,"25 August 1997 in Rochester, New York (USA)",,United States,138290,170 cm / 68 kg,Ski & Snowboard Club Vail (USA),Warpaint,,,,,
2018 Winter Olympics,Male,"Jonathon ""Jon""•Lillis",Jon•Lillis,"20 August 1994 in Rochester, New York (USA)",,United States,138296,168 cm / 59 kg,"Bristol Mountain Freestyle Team, Rochester (USA)",,,,,,
2018 Winter Olympics,Male,Emerson•Smith,Emerson•Smith,"13 February 1997 in Buffalo, New York (USA)",,United States,138299,185 cm / 76 kg,Ski and Snowboard Club Vail (USA),,,,,,
2018 Winter Olympics,Female,Emily•Pfalzer (-Matheson),Emily•Pfalzer,"14 June 1993 in Buffalo, New York (USA)",,United States,138319,160 cm / 57 kg,Buffalo Beauts,,,,,,
2018 Winter Olympics,Male,"Matthew ""Matt""•Gilroy",Matt•Gilroy,"20 July 1984 in Mineola, New York (USA)",,United States,138330,185 cm / 91 kg,"Jokerit, Helsinki (FIN)",,,,,,
2018 Winter Olympics,Male,Jordan•Greenway,Jordan•Greenway,"16 February 1997 in Canton, New York (USA)",,United States,138331,196 cm / 107 kg,"Boston University Terriers, Boston (USA)",,,,,,
2018 Winter Olympics,Male,Justin•Krewson,Justin•Krewson,"24 July 1996 in Brookhaven, New York (USA)",,United States,138348,188 cm / 79 kg,,,,,,,
2018 Winter Olympics; 2022 Winter Olympics,Female,Julia•Marino,Julia•Marino,"11 September 1997 in Yonkers, New York (USA)",,United States,138364,165 cm / 57 kg,,,,,,,
2018 Winter Olympics; 2022 Winter Olympics,Male,Hagen•Kearney,Hagen•Kearney,"6 November 1991 in Buffalo, New York (USA)",,United States,138373,188 cm / 79 kg,Telluride Mountain School,,,,,,
2018 Winter Olympics; 2022 Winter Olympics,Female,"Patricia ""Tricia""•Mangan",Tricia•Mangan,"7 March 1997 in Buffalo, New York (USA)",,United States,138396,173 cm / 66 kg,,,,,,,
2022 Winter Olympics,Female,Sarah Nicole Gálvez•Escobar,Sarah•Escobar,"1 February 2002 in New York, New York (USA)",,Ecuador,138600,,"Saint Micheal's College, Colchester (USA)",,,,,,
2022 Winter Olympics,Female,Hailey Esther•Kops,Hailey•Kops,"1 June 2002 in New York, New York (USA)",,Israel,148463,,,,,,,,
2022 Winter Olympics,Male,Andre•Marcano,Andre•Marcano,"27 March 1986 in New York, New York (USA)",,Trinidad and Tobago,149042,,,,,,,,
2022 Winter Olympics,Male,Hunter•Church,Hunter•Church,"30 October 1996 in Cadyville, New York (USA)",,United States,149070,,,,,,,,
2026 Winter Olympics,Female,Olivia•Giaccio,Olivia•Giaccio,"15 August 2000 in Mount Kisco, New York (USA)",,United States,149091,,,,,,,,
2026 Winter Olympics,Male,Christopher•Lillis,Christopher•Lillis,"4 October 1998 in Rochester, New York (USA)",,United States,149100,,,,,,,,
2026 Winter Olympics,Male,Dylan•Walczyk,Dylan•Walczyk,"25 June 1993 in Rochester, New York (USA)",,United States,149105,,,,,,,,
2022 Winter Olympics,Female,Kaitlin•Hawayek,Kaitlin•Hawayek,"4 November 1996 in Buffalo, New York (USA)",,United States,149109,,,,,,,,
2026 Winter Olympics,Female,Hayley•Scamurra,Hayley•Scamurra,"14 December 1994 in Williamsville, New York (USA)",,United States,149120,,"PWHPA New Hampshire, Hudson (USA)",,,,,,
2022 Winter Olympics,Male,"Nicholas ""Nick""•Abruzzese",Nick•Abruzzese,"4 June 1999 in Slate Hill, New York (USA)",,United States,149122,,"Harvard Crimson, Cambridge (USA)",,,,,,
2026 Winter Olympics,Male,Jonathan•Gustafson,Jonathan•Gustafson,"5 March 1997 in Massena, New York (USA)",,United States,149147,,,,,,,,
2026 Winter Olympics,Male,Sean•Hollander,Sean•Hollander,"11 February 2000 in Lake Placid, New York (USA)",,United States,149148,,,,,,,,
2026 Winter Olympics,Female,Haley Maris•Winn,Haley•Winn,"14 July 2003 in Rochester, New York (USA)",,United States,157238,168 cm,Boston Fleet (USA),,,,,,
2026 Winter Olympics,Female,Aerin Jordan•Frankel,Aerin•Frankel,"24 May 1999 in New York, New York (USA)",,United States,157231,165 cm,Boston Fleet (USA),,,,,,
2026 Winter Olympics,Female,Sophia•Kirkby,Sophia•Kirkby,"14 June 2001 in Ray Brook, New York (USA)",,United States,157240,,,,,,,,
2026 Winter Olympics,Female,Kamryn•Lute,Kamryn•Lute,"28 August 2004 in New York, New York (USA)",,United States,157250,,,,,,,,
2026 Winter Olympics,Male,Tate•Frantz,Tate•Frantz,"28 March 2005 in Lake Placid, New York (USA)",,United States,157308,,,,,,,,
