Games,Sex,Full name,Used name,Born,Died,NOC,athlete_id,Measurements,Affiliations,Nick/petnames,Title(s),Other names,Nationality,Original name,Name order
1952 Winter Olympics,Female,"Jannette Weston•Burr (-Bray, -Johnson)",Jannette•Burr,"30 April 1927 in Seattle, Washington (USA)",26 July 2022,United States,80764,172 cm / 60 kg,"Sun Valley Ski Club, Sun Valley (USA)",,,,,,
1972 Winter Olympics,Female,"Susan Ada ""Susie""•Corrock (-Zoberski, -Luby)",Susie•Corrock,"30 November 1951 in Seattle, Washington (USA)",,United States,80878,163 cm / 55 kg,"Sun Valley Ski Club, Sun Valley (USA)",,,,,,
1976 Winter Olympics; 1980 Winter Olympics,Female,Susanna•Driano,Susanna•Driano,"28 May 1957 in Seattle, Washington (USA)",,Italy,80971,165 cm / 55 kg,Associazione Sportivi Ghiaccio Ambrosiana,,,,,,
1964 Winter Olympics,Female,"Judianne ""Judi""•Fotheringill (-Fuller)",Judi•Fotheringill,"21 July 1944 in Chehalis, Washington (USA)",,United States,81080,170 cm / 57 kg,"Broadmoor Skating Club, Colorado Springs (USA)",,,,,,
1948 Winter Olympics,Female,Gretchen Claudia•Fraser (Kunigk-),Gretchen•Fraser,"11 February 1919 in Tacoma, Washington (USA)","17 February 1994 in Sun Valley, Idaho (USA)",United States,81086,163 cm / 53 kg,"Sun Valley Ski Club, Sun Valley (USA)",,,,,,
1960 Winter Olympics,Female,Ila Ray•Hadley,Ila Ray•Hadley,"18 September 1942 in Renton, Washington (USA)","15 February 1961 in Berg-Kampenhout, Vlaams Brabant (BEL)",United States,81227,,"Seattle Skating Club, Mountlake Terrace (USA)",,,,,,
1964 Winter Olympics; 1968 Winter Olympics,Female,"Cynthia Diane ""Cindy""•Kauffman (-Marshall)",Cindy•Kauffman,"23 August 1948 in Seattle, Washington (USA)",,United States,81458,160 cm / 49 kg,Franklin High School/Murray-Griffin Business College/Seattle Skating Club,,,,,,
1948 Winter Olympics; 1952 Winter Olympics,Female,Karol Estelle•Kennedy (-Kucher),Karol•Kennedy,"14 February 1932 in Shelton, Washington (USA)","25 June 2004 in Seattle, Washington (USA)",United States,81467,,"Seattle Skating Club, Mountlake Terrace (USA) / Broadmoor Skating Club, Colorado Springs (USA)",,,,,,
1968 Winter Olympics,Female,Judy Ann•Nagel,Judy•Nagel,"27 August 1951 in Seattle, Washington (USA)",,United States,81905,163 cm / 56 kg,Crystal Mountain Alpine Club,,,,,,
1956 Winter Olympics,Female,"Dorothy Louise•Surgenor (Lynch-, Modenese-, -Ronning)",Dorothy•Surgenor,"5 November 1931 in Seattle, Washington (USA)",,United States,82499,,Penguins,,,,,,
1964 Winter Olympics,Female,Sylvia Josephine•White (-Blaine),Sylvia•White,"29 March 1943 in Seattle, Washington (USA)",,United States,83037,162 cm / 59 kg,Montana Skating Club,,,,,,
1994 Winter Olympics; 1998 Winter Olympics; 2002 Winter Olympics; 2006 Winter Olympics,Male,KC•Boutiette,KC•Boutiette,"11 April 1970 in Lakewood, Washington (USA)",,United States,84294,180 cm / 70 kg,Tacoma,,,,,,
1972 Winter Olympics,Male,"William Jay•Bowerman, Jr.",Jay•Bowerman,"17 December 1942 in Seattle, Washington (USA)",,United States,84304,178 cm / 69 kg,,,,,,,
1928 Winter Olympics,Male,"Thomas Bartwell ""Tom""•Doe, Jr.",Tom•Doe,"13 October 1912 in Tacoma, Washington (USA)","19 July 1969 in Hendersonville, North Carolina (USA)",United States,85240,,,,,,,,
1984 Winter Olympics,Male,Glen Richard•Eberle,Glen•Eberle,"6 May 1963 in Bellevue, Washington (USA)",,United States,85395,190 cm / 79 kg,,,,,,,
1972 Winter Olympics,Male,"Harold Lee ""Jack""•Elder",Jack•Elder,"9 August 1941 in Seattle, Washington (USA)",,United States,85466,178 cm / 77 kg,Pacific Amateur Athletic Union,,,,,,
1964 Winter Olympics,Male,George Robert•Farmer,George•Farmer,"4 October 1938 in Tacoma, Washington (USA)",,United States,85621,185 cm / 84 kg,"Washington Huskies, Seattle (USA)",,,,,,
1964 Winter Olympics,Male,Jerry Joseph•Fotheringill,Jerry•Fotheringill,"7 March 1942 in Tacoma, Washington (USA)",,United States,85801,180 cm / 75 kg,"Broadmoor Skating Club, Colorado Springs (USA)",,,,,,
1948 Winter Olympics; 1952 Winter Olympics,Male,"James David ""Jim""•Grogan",Jim•Grogan,"7 December 1931 in Tacoma, Washington (USA)","3 July 2000 in San Bernardino, California (USA)",United States,86240,,St. Moritz Figure Skating Club,,,,,,
1960 Winter Olympics,Male,"Ray Ellis•Hadley, Jr.","Ray•Hadley, Jr.","6 October 1943 in Seattle, Washington (USA)","15 February 1961 in Berg-Kampenhout, Vlaams Brabant (BEL)",United States,86360,,"Seattle Skating Club, Mountlake Terrace (USA)",,,,,,
1976 Winter Olympics,Male,"Christopher Borne ""Chris""•Haines",Chris•Haines,"16 May 1951 in Pullman, Washington (USA)",,United States,86381,,,,,,,,
1964 Winter Olympics; 1968 Winter Olympics,Male,"Ronald Lee ""Ronnie""•Kauffman",Ronnie•Kauffman,"25 December 1946 in Seattle, Washington (USA)",,United States,87838,193 cm / 80 kg,Franklin High School/U.S. Army/Seattle Skating Club,,,,,,
1948 Winter Olympics; 1952 Winter Olympics,Male,"Michael Edward ""Peter""•Kennedy, III",Peter•Kennedy,"4 September 1927 in Olympia, Washington (USA)",,United States,87880,,"Seattle Skating Club, Mountlake Terrace (USA) / Broadmoor Skating Club, Colorado Springs (USA)",,,,,,
1976 Winter Olympics; 1980 Winter Olympics; 1984 Winter Olympics,Male,"Phillip Ferdinand ""Phil""•Mahre",Phil•Mahre,"10 May 1957 in Yakima, Washington (USA)",,United States,92052,175 cm / 77 kg,,"Nightmare, Flipper",,,,,
1976 Winter Olympics; 1980 Winter Olympics; 1984 Winter Olympics,Male,"Steven Irving ""Steve""•Mahre",Steve•Mahre,"10 May 1957 in Yakima, Washington (USA)",,United States,92053,176 cm / 77 kg,,,,,,,
1952 Winter Olympics,Male,Jack Edward•Nagel,Jack•Nagel,"30 January 1926 in Port Townsend, Washington (USA)","11 March 2004 in Spokane, Washington (USA)",United States,95720,175 cm / 80 kg,"Sun Valley Ski Club, Sun Valley (USA)",,,,,,
1952 Winter Olympics; 1956 Winter Olympics; 1960 Winter Olympics; 1964 Winter Olympics,Male,Ralf Emil•Olin,Ralf•Olin,"12 April 1925 in Seattle, Washington (USA)","25 May 2007 in Victoria, British Columbia (CAN)",Canada,96035,,"?, Calgary (CAN) / ?, Edmonton (CAN)",,,Ralph Olin,,,
1972 Winter Olympics,Male,Ron Eston•Steele,Ron•Steele,"19 August 1953 in Leavenworth, Washington (USA)",,United States,97786,183 cm / 80 kg,Leavenworth Winter Sports Club,,,,,,
1992 Winter Olympics,Male,"Robert Dean ""Bob""•Weissenfels",Bob•Weissenfels,"21 April 1968 in Richland, Washington (USA)",,United States,98885,185 cm / 94 kg,,,,,,,
1992 Winter Olympics,Male,Scott William•Wendland,Scott•Wendland,"11 April 1965 in Spokane, Washington (USA)",,United States,98895,180 cm / 74 kg,,,,,,,
1998 Winter Olympics,Male,Mike•Jacoby,Mike•Jacoby,"20 May 1969 in Bellevue, Washington (USA)",,United States,99665,185 cm / 95 kg,"Cross-M, Truckee (USA)",,,,,,
2002 Winter Olympics; 2006 Winter Olympics,Male,Andrew•Johnson,Andrew•Johnson,"3 January 1978 in Coupeville, Washington (USA)",,United States,101021,183 cm / 70 kg,Craftsbury Nordic/Middlebury College,,,,,,
2002 Winter Olympics; 2006 Winter Olympics,Male,Scott Thomas•Macartney,Scott•Macartney,"19 January 1978 in Seattle, Washington (USA)",,United States,101061,180 cm / 92 kg,Crystal Mountain Alpine Club/Dartmouth College,,,,,,
2002 Winter Olympics; 2006 Winter Olympics; 2010 Winter Olympics,Male,Jeremy Scott•Teela,Jeremy•Teela,"28 November 1976 in Tonasket, Washington (USA)",,United States,101194,180 cm / 82 kg,"US Army, (USA)",,,,,,
2002 Winter Olympics; 2006 Winter Olympics; 2010 Winter Olympics,Male,Apolo Anton•Ohno,Apolo Anton•Ohno,"22 May 1982 in Seattle, Washington (USA)",,United States,101555,173 cm / 68 kg,"UCCS Mountain Lions, Colorado Springs (USA)",,,,,,
2002 Winter Olympics,Male,"Thomas ""Tom""•Rothrock",Tom•Rothrock,"29 May 1978 in Ellenburg, Washington (USA)",,United States,101830,180 cm / 89 kg,Mission Ridge Ski Club,,,,,,
2006 Winter Olympics,Female,Kelly•Stephens (-Tysland),Kelly•Stephens,"4 June 1983 in Seattle, Washington (USA)",,United States,110236,167 cm / 59 kg,"Minnesota Golden Gophers, Saint Paul (USA)",,,,,,
2006 Winter Olympics,Female,Libby•Ludlow,Libby•Ludlow,"26 August 1981 in Bellevue, Washington (USA)",,United States,110751,160 cm / 62 kg,"Dartmouth Big Green, Hanover (USA)",,,,,,
2010 Winter Olympics,Female,Bree A.•Schaaf (-Boyer),Bree•Schaaf,"28 May 1980 in Bremerton, Washington (USA)",,United States,118621,178 cm / 75 kg,Portland State,,,,,,
2010 Winter Olympics; 2014 Winter Olympics,Female,Holly•Brooks (-Whitney),Holly•Brooks,"17 April 1982 in Redmond, Washington (USA)",,United States,118766,168 cm / 61 kg,Whitman College,,,,,,
2010 Winter Olympics,Female,Natalie•Nicholson (Simenson-),Natalie•Nicholson,"10 March 1976 in Seattle, Washington (USA)",,United States,118914,172 cm / 73 kg,"Bemidji Curling Club, Bemidji (USA) / North Dakota Fighting Hawks, Grand Forks (USA)",,,,,,
2010 Winter Olympics,Female,Nicole M.•Joraanstad,Nicole•Joraanstad,"10 November 1980 in Seattle, Washington (USA)",,United States,118915,165 cm / 55 kg,"Wisconsin Badgers, Madison (USA)",,,,,,
2010 Winter Olympics; 2014 Winter Olympics,Male,Patrick•Deneen,Patrick•Deneen,"25 December 1987 in Redmond, Washington (USA)",,United States,119009,170 cm / 82 kg,"Silver Mountain Freestyle, United States",,,,,,
2014 Winter Olympics; 2018 Winter Olympics; 2022 Winter Olympics,Male,"Victor Ivan ""Vic""•Wild",Vic•Wild,"23 August 1986 in White Salmon, Washington (USA)",,ROC Russian Federation,128400,179 cm / 82 kg,,,,Виктор Айвен Уайлд,,,
2014 Winter Olympics; 2018 Winter Olympics,Female,Sadie•Bjornsen (-Maubet),Sadie•Bjornsen,"21 November 1989 in Omak, Washington (USA)",,United States,128687,175 cm / 66 kg,Alaska Pacific University Nordic Center (USA),Super-Sadie,,,,,
2014 Winter Olympics; 2018 Winter Olympics,Male,Erik•Bjornsen,Erik•Bjornsen,"14 July 1991 in Omak, Washington (USA)",,United States,128691,185 cm / 84 kg,"Alaska Pacific University Nordic Ski Center, Anchorage, Alaska (USA)",,,,,,
2014 Winter Olympics,Female,Angeli•Vanlaanen,Angeli•Vanlaanen,"24 October 1985 in Bellingham, Washington (USA)",,United States,128705,163 cm / 59 kg,,,,,,,
2014 Winter Olympics,Male,"Thomas Leif ""T. J.""•Oshie",T.J.•Oshie,"23 December 1986 in Everett, Washington (USA)",,United States,128743,180 cm / 90 kg,"St. Louis Blues, St. Louis (USA)",,,,,,
2018 Winter Olympics; 2022 Winter Olympics,Male,"Michael ""Mick""•Dierdorff",Mick•Dierdorff,"30 April 1991 in Bellevue, Washington (USA)",,United States,138369,175 cm / 84 kg,University of Utah,,,,,,
2022 Winter Olympics; 2026 Winter Olympics,Female,"Katherine ""Katie""•Hensien",Katie•Hensien,"1 December 1999 in Redmond, Washington (USA)",,United States,149061,,,,,,,,
2026 Winter Olympics,Female,Novie•McCabe,Novie•McCabe,"15 December 2001 in Winthrop, Washington (USA)",,United States,149081,,Methow Valley Nordic Team,,,,,,
2026 Winter Olympics,Female,Corinne Laine•Stoddard,Corinne•Stoddard,"15 August 2001 in Seattle, Washington (USA)",,United States,149169,,,,,,,,
2026 Winter Olympics,Male,Cooper•McLeod,Cooper•McLeod,"7 November 2001 in Mount Vernon, Washington (USA)",,United States,157313,,,,,,,,
